id,study_id,synthesis,study,year,doi,journal,title,country,region,site,lat,lon,crop,cropFull,outcome,subOutcome,unit,practice,practiceDetail,comparator,cMean,cSD,cN,tMean,tSD,tN,lnRR,lnRR_SE,value,years
MD_Jones_21_A glo_Sc_1,JA_Armbr_07_Testi_En,MD_Jones_21_A glo_Sc,Armbrecht et al. 2007,2007,10.1111/j.1570-7458.2007.00574.x,Entomologia Experimentalis et Applicata,Testing ant predation on the coffee berry borer in shaded and sun coffee plantations in Colombia,Colombia,South America,Apia,5.1333,-75.9333,Coffee,Coffee-Unspecified Tree,Abundance,Abundance,individuals/trap,Agroforestry,Other Agroforestry + Multistrata Agroforestry + Agroforestry (high shaded),Agroforestry,6.0,2.529822128134704,10.0,3.8,3.794733192202055,10.0,-0.4568,0.3428,-36.7,1.0
MD_Jones_21_A glo_Sc_2,JA_Armbr_07_Testi_En,MD_Jones_21_A glo_Sc,Armbrecht et al. 2007,2007,10.1111/j.1570-7458.2007.00574.x,Entomologia Experimentalis et Applicata,Testing ant predation on the coffee berry borer in shaded and sun coffee plantations in Colombia,Colombia,South America,Apia,5.1333,-75.9333,Coffee,Coffee-Unspecified Tree,Abundance,Abundance,individuals/trap,Agroforestry,Other Agroforestry + Multistrata Agroforestry + Agroforestry (high shaded),Agroforestry,6.0,2.529822128134704,10.0,5.3,3.478505426185218,10.0,-0.1241,0.2467,-11.7,1.0
MD_Jones_21_A glo_Sc_3,JA_Armbr_07_Testi_En,MD_Jones_21_A glo_Sc,Armbrecht et al. 2007,2007,10.1111/j.1570-7458.2007.00574.x,Entomologia Experimentalis et Applicata,Testing ant predation on the coffee berry borer in shaded and sun coffee plantations in Colombia,Colombia,South America,Apia,5.1333,-75.9333,Coffee,Coffee-Inga edulis,Abundance,Abundance,individuals/trap,Agroforestry,Other Agroforestry + Agroforestry (low diversity) + Agroforestry (high shaded),Agroforestry,6.0,2.529822128134704,10.0,7.4,2.8460498941515415,10.0,0.2097,0.1805,23.3,1.0
MD_Jones_21_A glo_Sc_4,JA_Armbr_07_Testi_En,MD_Jones_21_A glo_Sc,Armbrecht et al. 2007,2007,10.1111/j.1570-7458.2007.00574.x,Entomologia Experimentalis et Applicata,Testing ant predation on the coffee berry borer in shaded and sun coffee plantations in Colombia,Colombia,South America,Apia,5.1333,-75.9333,Coffee,Coffee-Unspecified Tree,Abundance,Abundance,individuals/trap,Agroforestry,Other Agroforestry + Multistrata Agroforestry + Agroforestry (high shaded),Agroforestry,6.7,2.2135943621178655,10.0,3.8,3.794733192202055,10.0,-0.5671,0.3326,-43.3,1.0
MD_Jones_21_A glo_Sc_5,JA_Armbr_07_Testi_En,MD_Jones_21_A glo_Sc,Armbrecht et al. 2007,2007,10.1111/j.1570-7458.2007.00574.x,Entomologia Experimentalis et Applicata,Testing ant predation on the coffee berry borer in shaded and sun coffee plantations in Colombia,Colombia,South America,Apia,5.1333,-75.9333,Coffee,Coffee-Unspecified Tree,Abundance,Abundance,individuals/trap,Agroforestry,Other Agroforestry + Multistrata Agroforestry + Agroforestry (high shaded),Agroforestry,6.7,2.2135943621178655,10.0,5.3,3.478505426185218,10.0,-0.2344,0.2324,-20.9,1.0
MD_Jones_21_A glo_Sc_6,JA_Armbr_07_Testi_En,MD_Jones_21_A glo_Sc,Armbrecht et al. 2007,2007,10.1111/j.1570-7458.2007.00574.x,Entomologia Experimentalis et Applicata,Testing ant predation on the coffee berry borer in shaded and sun coffee plantations in Colombia,Colombia,South America,Apia,5.1333,-75.9333,Coffee,Coffee-Inga edulis,Abundance,Abundance,individuals/trap,Agroforestry,Other Agroforestry + Agroforestry (low diversity) + Agroforestry (high shaded),Agroforestry,6.7,2.2135943621178655,10.0,7.4,2.8460498941515415,10.0,0.0994,0.1603,10.4,1.0
MD_Jones_21_A glo_Sc_7,JA_Armbr_07_Testi_En,MD_Jones_21_A glo_Sc,Armbrecht et al. 2007,2007,10.1111/j.1570-7458.2007.00574.x,Entomologia Experimentalis et Applicata,Testing ant predation on the coffee berry borer in shaded and sun coffee plantations in Colombia,Colombia,South America,Apia,5.1333,-75.9333,Coffee,Coffee-Unspecified Tree,Abundance,Abundance,individuals/trap,Agroforestry,Other Agroforestry + Multistrata Agroforestry + Agroforestry (high shaded),Agroforestry,3.0,3.794733192202055,10.0,3.8,3.794733192202055,10.0,0.2364,0.5096,26.7,1.0
MD_Jones_21_A glo_Sc_8,JA_Armbr_07_Testi_En,MD_Jones_21_A glo_Sc,Armbrecht et al. 2007,2007,10.1111/j.1570-7458.2007.00574.x,Entomologia Experimentalis et Applicata,Testing ant predation on the coffee berry borer in shaded and sun coffee plantations in Colombia,Colombia,South America,Apia,5.1333,-75.9333,Coffee,Coffee-Unspecified Tree,Abundance,Abundance,individuals/trap,Agroforestry,Other Agroforestry + Multistrata Agroforestry + Agroforestry (high shaded),Agroforestry,3.0,3.794733192202055,10.0,5.3,3.478505426185218,10.0,0.5691,0.4506,76.7,1.0
MD_Jones_21_A glo_Sc_9,JA_Armbr_07_Testi_En,MD_Jones_21_A glo_Sc,Armbrecht et al. 2007,2007,10.1111/j.1570-7458.2007.00574.x,Entomologia Experimentalis et Applicata,Testing ant predation on the coffee berry borer in shaded and sun coffee plantations in Colombia,Colombia,South America,Apia,5.1333,-75.9333,Coffee,Coffee-Inga edulis,Abundance,Abundance,individuals/trap,Agroforestry,Other Agroforestry + Agroforestry (low diversity) + Agroforestry (high shaded),Agroforestry,3.0,3.794733192202055,10.0,7.4,2.8460498941515415,10.0,0.9029,0.4181,146.7,1.0
MD_Jones_21_A glo_Sc_10,JA_Armbr_07_Testi_En,MD_Jones_21_A glo_Sc,Armbrecht et al. 2007,2007,10.1111/j.1570-7458.2007.00574.x,Entomologia Experimentalis et Applicata,Testing ant predation on the coffee berry borer in shaded and sun coffee plantations in Colombia,Colombia,South America,Apia,5.1333,-75.9333,Coffee,Coffee-Unspecified Tree,Abundance,Abundance,individuals/trap,Agroforestry,Other Agroforestry + Multistrata Agroforestry + Agroforestry (high shaded),Agroforestry,8.4,1.5811388300841898,10.0,7.4,1.5811388300841898,10.0,-0.1268,0.09,-11.9,1.0
MD_Jones_21_A glo_Sc_11,JA_Armbr_07_Testi_En,MD_Jones_21_A glo_Sc,Armbrecht et al. 2007,2007,10.1111/j.1570-7458.2007.00574.x,Entomologia Experimentalis et Applicata,Testing ant predation on the coffee berry borer in shaded and sun coffee plantations in Colombia,Colombia,South America,Apia,5.1333,-75.9333,Coffee,Coffee-Unspecified Tree,Abundance,Abundance,individuals/trap,Agroforestry,Other Agroforestry + Multistrata Agroforestry + Agroforestry (high shaded),Agroforestry,8.4,1.5811388300841898,10.0,5.7,2.529822128134704,10.0,-0.3878,0.1525,-32.1,1.0
MD_Jones_21_A glo_Sc_12,JA_Armbr_07_Testi_En,MD_Jones_21_A glo_Sc,Armbrecht et al. 2007,2007,10.1111/j.1570-7458.2007.00574.x,Entomologia Experimentalis et Applicata,Testing ant predation on the coffee berry borer in shaded and sun coffee plantations in Colombia,Colombia,South America,Apia,5.1333,-75.9333,Coffee,Coffee-Inga edulis,Abundance,Abundance,individuals/trap,Agroforestry,Other Agroforestry + Agroforestry (low diversity) + Agroforestry (high shaded),Agroforestry,8.4,1.5811388300841898,10.0,8.4,0.632455532033676,10.0,0.0,0.0641,0.0,1.0
MD_Jones_21_A glo_Sc_13,JA_Armbr_07_Testi_En,MD_Jones_21_A glo_Sc,Armbrecht et al. 2007,2007,10.1111/j.1570-7458.2007.00574.x,Entomologia Experimentalis et Applicata,Testing ant predation on the coffee berry borer in shaded and sun coffee plantations in Colombia,Colombia,South America,Apia,5.1333,-75.9333,Coffee,Coffee-Unspecified Tree,Abundance,Abundance,individuals/trap,Agroforestry,Other Agroforestry + Multistrata Agroforestry + Agroforestry (high shaded),Agroforestry,7.1,2.2135943621178655,10.0,7.4,1.5811388300841898,10.0,0.0414,0.1195,4.2,1.0
MD_Jones_21_A glo_Sc_14,JA_Armbr_07_Testi_En,MD_Jones_21_A glo_Sc,Armbrecht et al. 2007,2007,10.1111/j.1570-7458.2007.00574.x,Entomologia Experimentalis et Applicata,Testing ant predation on the coffee berry borer in shaded and sun coffee plantations in Colombia,Colombia,South America,Apia,5.1333,-75.9333,Coffee,Coffee-Unspecified Tree,Abundance,Abundance,individuals/trap,Agroforestry,Other Agroforestry + Multistrata Agroforestry + Agroforestry (high shaded),Agroforestry,7.1,2.2135943621178655,10.0,5.7,2.529822128134704,10.0,-0.2196,0.1715,-19.7,1.0
MD_Jones_21_A glo_Sc_15,JA_Armbr_07_Testi_En,MD_Jones_21_A glo_Sc,Armbrecht et al. 2007,2007,10.1111/j.1570-7458.2007.00574.x,Entomologia Experimentalis et Applicata,Testing ant predation on the coffee berry borer in shaded and sun coffee plantations in Colombia,Colombia,South America,Apia,5.1333,-75.9333,Coffee,Coffee-Inga edulis,Abundance,Abundance,individuals/trap,Agroforestry,Other Agroforestry + Agroforestry (low diversity) + Agroforestry (high shaded),Agroforestry,7.1,2.2135943621178655,10.0,8.4,0.632455532033676,10.0,0.1681,0.1014,18.3,1.0
MD_Jones_21_A glo_Sc_16,JA_Armbr_07_Testi_En,MD_Jones_21_A glo_Sc,Armbrecht et al. 2007,2007,10.1111/j.1570-7458.2007.00574.x,Entomologia Experimentalis et Applicata,Testing ant predation on the coffee berry borer in shaded and sun coffee plantations in Colombia,Colombia,South America,Apia,5.1333,-75.9333,Coffee,Coffee-Unspecified Tree,Abundance,Abundance,individuals/trap,Agroforestry,Other Agroforestry + Multistrata Agroforestry + Agroforestry (high shaded),Agroforestry,3.6,3.1622776601683795,10.0,7.4,1.5811388300841898,10.0,0.7205,0.2859,105.6,1.0
MD_Jones_21_A glo_Sc_17,JA_Armbr_07_Testi_En,MD_Jones_21_A glo_Sc,Armbrecht et al. 2007,2007,10.1111/j.1570-7458.2007.00574.x,Entomologia Experimentalis et Applicata,Testing ant predation on the coffee berry borer in shaded and sun coffee plantations in Colombia,Colombia,South America,Apia,5.1333,-75.9333,Coffee,Coffee-Unspecified Tree,Abundance,Abundance,individuals/trap,Agroforestry,Other Agroforestry + Multistrata Agroforestry + Agroforestry (high shaded),Agroforestry,3.6,3.1622776601683795,10.0,5.7,2.529822128134704,10.0,0.4595,0.3112,58.3,1.0
MD_Jones_21_A glo_Sc_18,JA_Armbr_07_Testi_En,MD_Jones_21_A glo_Sc,Armbrecht et al. 2007,2007,10.1111/j.1570-7458.2007.00574.x,Entomologia Experimentalis et Applicata,Testing ant predation on the coffee berry borer in shaded and sun coffee plantations in Colombia,Colombia,South America,Apia,5.1333,-75.9333,Coffee,Coffee-Inga edulis,Abundance,Abundance,individuals/trap,Agroforestry,Other Agroforestry + Agroforestry (low diversity) + Agroforestry (high shaded),Agroforestry,3.6,3.1622776601683795,10.0,8.4,0.632455532033676,10.0,0.8473,0.2788,133.3,1.0
MD_Jones_21_A glo_Sc_19,JA_Armbr_07_Testi_En,MD_Jones_21_A glo_Sc,Armbrecht et al. 2007,2007,10.1111/j.1570-7458.2007.00574.x,Entomologia Experimentalis et Applicata,Testing ant predation on the coffee berry borer in shaded and sun coffee plantations in Colombia,Colombia,South America,Apia,5.1333,-75.9333,Coffee,Coffee-Unspecified Tree,Abundance,Abundance,individuals/trap,Agroforestry,Other Agroforestry + Multistrata Agroforestry + Agroforestry (high shaded),Agroforestry,0.8,1.5811388300841898,10.0,4.0,4.427188724235731,10.0,1.6094,0.7163,400.0,1.0
MD_Jones_21_A glo_Sc_20,JA_Armbr_07_Testi_En,MD_Jones_21_A glo_Sc,Armbrecht et al. 2007,2007,10.1111/j.1570-7458.2007.00574.x,Entomologia Experimentalis et Applicata,Testing ant predation on the coffee berry borer in shaded and sun coffee plantations in Colombia,Colombia,South America,Apia,5.1333,-75.9333,Coffee,Coffee-Unspecified Tree,Abundance,Abundance,individuals/trap,Agroforestry,Other Agroforestry + Multistrata Agroforestry + Agroforestry (high shaded),Agroforestry,0.8,1.5811388300841898,10.0,6.7,4.110960958218894,10.0,2.1253,0.6544,737.5,1.0
MD_Jones_21_A glo_Sc_21,JA_Armbr_07_Testi_En,MD_Jones_21_A glo_Sc,Armbrecht et al. 2007,2007,10.1111/j.1570-7458.2007.00574.x,Entomologia Experimentalis et Applicata,Testing ant predation on the coffee berry borer in shaded and sun coffee plantations in Colombia,Colombia,South America,Apia,5.1333,-75.9333,Coffee,Coffee-Inga edulis,Abundance,Abundance,individuals/trap,Agroforestry,Other Agroforestry + Agroforestry (low diversity) + Agroforestry (high shaded),Agroforestry,0.8,1.5811388300841898,10.0,0.4,1.264911064067352,10.0,-0.6931,1.1792,-50.0,1.0
MD_Jones_21_A glo_Sc_22,JA_Armbr_07_Testi_En,MD_Jones_21_A glo_Sc,Armbrecht et al. 2007,2007,10.1111/j.1570-7458.2007.00574.x,Entomologia Experimentalis et Applicata,Testing ant predation on the coffee berry borer in shaded and sun coffee plantations in Colombia,Colombia,South America,Apia,5.1333,-75.9333,Coffee,Coffee-Unspecified Tree,Abundance,Abundance,individuals/trap,Agroforestry,Other Agroforestry + Multistrata Agroforestry + Agroforestry (high shaded),Agroforestry,0.6,0.9486832980505138,10.0,4.0,4.427188724235731,10.0,1.8971,0.6103,566.7,1.0
MD_Jones_21_A glo_Sc_23,JA_Armbr_07_Testi_En,MD_Jones_21_A glo_Sc,Armbrecht et al. 2007,2007,10.1111/j.1570-7458.2007.00574.x,Entomologia Experimentalis et Applicata,Testing ant predation on the coffee berry borer in shaded and sun coffee plantations in Colombia,Colombia,South America,Apia,5.1333,-75.9333,Coffee,Coffee-Unspecified Tree,Abundance,Abundance,individuals/trap,Agroforestry,Other Agroforestry + Multistrata Agroforestry + Agroforestry (high shaded),Agroforestry,0.6,0.9486832980505138,10.0,6.7,4.110960958218894,10.0,2.4129,0.5363,1016.7,1.0
MD_Jones_21_A glo_Sc_24,JA_Armbr_07_Testi_En,MD_Jones_21_A glo_Sc,Armbrecht et al. 2007,2007,10.1111/j.1570-7458.2007.00574.x,Entomologia Experimentalis et Applicata,Testing ant predation on the coffee berry borer in shaded and sun coffee plantations in Colombia,Colombia,South America,Apia,5.1333,-75.9333,Coffee,Coffee-Inga edulis,Abundance,Abundance,individuals/trap,Agroforestry,Other Agroforestry + Agroforestry (low diversity) + Agroforestry (high shaded),Agroforestry,0.6,0.9486832980505138,10.0,0.4,1.264911064067352,10.0,-0.4055,1.118,-33.3,1.0
MD_Jones_21_A glo_Sc_25,JA_Armbr_07_Testi_En,MD_Jones_21_A glo_Sc,Armbrecht et al. 2007,2007,10.1111/j.1570-7458.2007.00574.x,Entomologia Experimentalis et Applicata,Testing ant predation on the coffee berry borer in shaded and sun coffee plantations in Colombia,Colombia,South America,Apia,5.1333,-75.9333,Coffee,Coffee-Unspecified Tree,Abundance,Abundance,individuals/trap,Agroforestry,Other Agroforestry + Multistrata Agroforestry + Agroforestry (high shaded),Agroforestry,5.0,2.8460498941515415,10.0,4.0,4.427188724235731,10.0,-0.2231,0.3936,-20.0,1.0
MD_Jones_21_A glo_Sc_26,JA_Armbr_07_Testi_En,MD_Jones_21_A glo_Sc,Armbrecht et al. 2007,2007,10.1111/j.1570-7458.2007.00574.x,Entomologia Experimentalis et Applicata,Testing ant predation on the coffee berry borer in shaded and sun coffee plantations in Colombia,Colombia,South America,Apia,5.1333,-75.9333,Coffee,Coffee-Unspecified Tree,Abundance,Abundance,individuals/trap,Agroforestry,Other Agroforestry + Multistrata Agroforestry + Agroforestry (high shaded),Agroforestry,5.0,2.8460498941515415,10.0,6.7,4.110960958218894,10.0,0.2927,0.2647,34.0,1.0
MD_Jones_21_A glo_Sc_27,JA_Armbr_07_Testi_En,MD_Jones_21_A glo_Sc,Armbrecht et al. 2007,2007,10.1111/j.1570-7458.2007.00574.x,Entomologia Experimentalis et Applicata,Testing ant predation on the coffee berry borer in shaded and sun coffee plantations in Colombia,Colombia,South America,Apia,5.1333,-75.9333,Coffee,Coffee-Inga edulis,Abundance,Abundance,individuals/trap,Agroforestry,Other Agroforestry + Agroforestry (low diversity) + Agroforestry (high shaded),Agroforestry,5.0,2.8460498941515415,10.0,0.4,1.264911064067352,10.0,-2.5257,1.0161,-92.0,1.0
MD_Jones_21_A glo_Sc_28,JA_Armbr_07_Testi_En,MD_Jones_21_A glo_Sc,Armbrecht et al. 2007,2007,10.1111/j.1570-7458.2007.00574.x,Entomologia Experimentalis et Applicata,Testing ant predation on the coffee berry borer in shaded and sun coffee plantations in Colombia,Colombia,South America,Apia,5.1333,-75.9333,Coffee,Coffee-Unspecified Tree,Abundance,Abundance,individuals/trap,Agroforestry,Other Agroforestry + Multistrata Agroforestry + Agroforestry (high shaded),Agroforestry,0.2,0.316227766016838,10.0,6.8,1.8973665961010275,10.0,3.5264,0.5077,3300.0,1.0
MD_Jones_21_A glo_Sc_29,JA_Armbr_07_Testi_En,MD_Jones_21_A glo_Sc,Armbrecht et al. 2007,2007,10.1111/j.1570-7458.2007.00574.x,Entomologia Experimentalis et Applicata,Testing ant predation on the coffee berry borer in shaded and sun coffee plantations in Colombia,Colombia,South America,Apia,5.1333,-75.9333,Coffee,Coffee-Unspecified Tree,Abundance,Abundance,individuals/trap,Agroforestry,Other Agroforestry + Multistrata Agroforestry + Agroforestry (high shaded),Agroforestry,0.2,0.316227766016838,10.0,9.5,0.9486832980505138,10.0,3.8607,0.501,4650.0,1.0
MD_Jones_21_A glo_Sc_30,JA_Armbr_07_Testi_En,MD_Jones_21_A glo_Sc,Armbrecht et al. 2007,2007,10.1111/j.1570-7458.2007.00574.x,Entomologia Experimentalis et Applicata,Testing ant predation on the coffee berry borer in shaded and sun coffee plantations in Colombia,Colombia,South America,Apia,5.1333,-75.9333,Coffee,Coffee-Inga edulis,Abundance,Abundance,individuals/trap,Agroforestry,Other Agroforestry + Agroforestry (low diversity) + Agroforestry (high shaded),Agroforestry,0.2,0.316227766016838,10.0,0.0,,10.0,,,-100.0,1.0
MD_Jones_21_A glo_Sc_31,JA_Armbr_07_Testi_En,MD_Jones_21_A glo_Sc,Armbrecht et al. 2007,2007,10.1111/j.1570-7458.2007.00574.x,Entomologia Experimentalis et Applicata,Testing ant predation on the coffee berry borer in shaded and sun coffee plantations in Colombia,Colombia,South America,Apia,5.1333,-75.9333,Coffee,Coffee-Unspecified Tree,Abundance,Abundance,individuals/trap,Agroforestry,Other Agroforestry + Multistrata Agroforestry + Agroforestry (high shaded),Agroforestry,0.4,0.632455532033676,10.0,6.8,1.8973665961010275,10.0,2.8332,0.5077,1600.0,1.0
MD_Jones_21_A glo_Sc_32,JA_Armbr_07_Testi_En,MD_Jones_21_A glo_Sc,Armbrecht et al. 2007,2007,10.1111/j.1570-7458.2007.00574.x,Entomologia Experimentalis et Applicata,Testing ant predation on the coffee berry borer in shaded and sun coffee plantations in Colombia,Colombia,South America,Apia,5.1333,-75.9333,Coffee,Coffee-Unspecified Tree,Abundance,Abundance,individuals/trap,Agroforestry,Other Agroforestry + Multistrata Agroforestry + Agroforestry (high shaded),Agroforestry,0.4,0.632455532033676,10.0,9.5,0.9486832980505138,10.0,3.1676,0.501,2275.0,1.0
MD_Jones_21_A glo_Sc_33,JA_Armbr_07_Testi_En,MD_Jones_21_A glo_Sc,Armbrecht et al. 2007,2007,10.1111/j.1570-7458.2007.00574.x,Entomologia Experimentalis et Applicata,Testing ant predation on the coffee berry borer in shaded and sun coffee plantations in Colombia,Colombia,South America,Apia,5.1333,-75.9333,Coffee,Coffee-Inga edulis,Abundance,Abundance,individuals/trap,Agroforestry,Other Agroforestry + Agroforestry (low diversity) + Agroforestry (high shaded),Agroforestry,0.4,0.632455532033676,10.0,0.0,,10.0,,,-100.0,1.0
MD_Jones_21_A glo_Sc_34,JA_Armbr_07_Testi_En,MD_Jones_21_A glo_Sc,Armbrecht et al. 2007,2007,10.1111/j.1570-7458.2007.00574.x,Entomologia Experimentalis et Applicata,Testing ant predation on the coffee berry borer in shaded and sun coffee plantations in Colombia,Colombia,South America,Apia,5.1333,-75.9333,Coffee,Coffee-Unspecified Tree,Abundance,Abundance,individuals/trap,Agroforestry,Other Agroforestry + Multistrata Agroforestry + Agroforestry (high shaded),Agroforestry,7.0,3.794733192202055,10.0,6.8,1.8973665961010275,10.0,-0.029,0.1928,-2.9,1.0
MD_Jones_21_A glo_Sc_35,JA_Armbr_07_Testi_En,MD_Jones_21_A glo_Sc,Armbrecht et al. 2007,2007,10.1111/j.1570-7458.2007.00574.x,Entomologia Experimentalis et Applicata,Testing ant predation on the coffee berry borer in shaded and sun coffee plantations in Colombia,Colombia,South America,Apia,5.1333,-75.9333,Coffee,Coffee-Unspecified Tree,Abundance,Abundance,individuals/trap,Agroforestry,Other Agroforestry + Multistrata Agroforestry + Agroforestry (high shaded),Agroforestry,7.0,3.794733192202055,10.0,9.5,0.9486832980505138,10.0,0.3054,0.1743,35.7,1.0
MD_Jones_21_A glo_Sc_36,JA_Armbr_07_Testi_En,MD_Jones_21_A glo_Sc,Armbrecht et al. 2007,2007,10.1111/j.1570-7458.2007.00574.x,Entomologia Experimentalis et Applicata,Testing ant predation on the coffee berry borer in shaded and sun coffee plantations in Colombia,Colombia,South America,Apia,5.1333,-75.9333,Coffee,Coffee-Inga edulis,Abundance,Abundance,individuals/trap,Agroforestry,Other Agroforestry + Agroforestry (low diversity) + Agroforestry (high shaded),Agroforestry,7.0,3.794733192202055,10.0,0.0,,10.0,,,-100.0,1.0
MD_Jones_21_A glo_Sc_37,JA_Belay_09_The p_Ph,MD_Jones_21_A glo_Sc,Belay et al. 2009,2009,10.1007/s12600-008-0002-7,Phytoparasitica,The profitability of maize-haricot bean intercropping techniques to control maize stem borers under low pest densities in Ethiopia,Ethiopia,Eastern Africa,Melkassa,8.4,39.1833,Maize,Maize-Common Bean,Abundance,Abundance,individuals/plant,Intercropping,Intercropping (N fixing mixed),Monoculture,0.7,1.161895003862225,15.0,1.0,1.9364916731037085,15.0,0.3567,0.6585,42.9,2.0
MD_Jones_21_A glo_Sc_38,JA_Belay_09_The p_Ph,MD_Jones_21_A glo_Sc,Belay et al. 2009,2009,10.1007/s12600-008-0002-7,Phytoparasitica,The profitability of maize-haricot bean intercropping techniques to control maize stem borers under low pest densities in Ethiopia,Ethiopia,Eastern Africa,Melkassa,8.4,39.1833,Maize,Maize-Common Bean,Abundance,Abundance,individuals/plant,Intercropping,Intercropping (N fixing mixed),Monoculture,0.7,1.161895003862225,15.0,0.3,1.161895003862225,15.0,-0.8473,1.088,-57.1,2.0
MD_Jones_21_A glo_Sc_39,JA_Belay_09_The p_Ph,MD_Jones_21_A glo_Sc,Belay et al. 2009,2009,10.1007/s12600-008-0002-7,Phytoparasitica,The profitability of maize-haricot bean intercropping techniques to control maize stem borers under low pest densities in Ethiopia,Ethiopia,Eastern Africa,Melkassa,8.4,39.1833,Maize,Maize-Common Bean,Abundance,Abundance,individuals/plant,Intercropping,Intercropping (N fixing mixed),Monoculture,0.7,1.161895003862225,15.0,2.0,1.9364916731037085,15.0,1.0498,0.4962,185.7,2.0
MD_Jones_21_A glo_Sc_40,JA_Belay_09_The p_Ph,MD_Jones_21_A glo_Sc,Belay et al. 2009,2009,10.1007/s12600-008-0002-7,Phytoparasitica,The profitability of maize-haricot bean intercropping techniques to control maize stem borers under low pest densities in Ethiopia,Ethiopia,Eastern Africa,Melkassa,8.4,39.1833,Maize,Maize-Common Bean,Abundance,Abundance,individuals/plant,Intercropping,Intercropping (N fixing mixed),Monoculture,0.7,1.161895003862225,15.0,0.7,2.32379000772445,15.0,0.0,0.9583,0.0,2.0
MD_Jones_21_A glo_Sc_41,JA_Belay_09_The p_Ph,MD_Jones_21_A glo_Sc,Belay et al. 2009,2009,10.1007/s12600-008-0002-7,Phytoparasitica,The profitability of maize-haricot bean intercropping techniques to control maize stem borers under low pest densities in Ethiopia,Ethiopia,Eastern Africa,Mieso,9.3333,41.1833,Maize,Maize-Common Bean,Abundance,Abundance,individuals/plant,Intercropping,Intercropping (N fixing mixed),Monoculture,3.7,5.034878350069643,15.0,1.7,4.6475800154489,15.0,-0.7777,0.7885,-54.1,1.0
MD_Jones_21_A glo_Sc_42,JA_Belay_09_The p_Ph,MD_Jones_21_A glo_Sc,Belay et al. 2009,2009,10.1007/s12600-008-0002-7,Phytoparasitica,The profitability of maize-haricot bean intercropping techniques to control maize stem borers under low pest densities in Ethiopia,Ethiopia,Eastern Africa,Mieso,9.3333,41.1833,Maize,Maize-Common Bean,Abundance,Abundance,individuals/plant,Intercropping,Intercropping (N fixing mixed),Monoculture,3.7,5.034878350069643,15.0,2.0,4.260281680828159,15.0,-0.6152,0.6526,-45.9,1.0
MD_Jones_21_A glo_Sc_43,JA_Belay_09_The p_Ph,MD_Jones_21_A glo_Sc,Belay et al. 2009,2009,10.1007/s12600-008-0002-7,Phytoparasitica,The profitability of maize-haricot bean intercropping techniques to control maize stem borers under low pest densities in Ethiopia,Ethiopia,Eastern Africa,Mieso,9.3333,41.1833,Maize,Maize-Common Bean,Abundance,Abundance,individuals/plant,Intercropping,Intercropping (N fixing mixed),Monoculture,3.7,5.034878350069643,15.0,4.7,1.161895003862225,15.0,0.2392,0.3571,27.0,1.0
MD_Jones_21_A glo_Sc_44,JA_Belay_09_The p_Ph,MD_Jones_21_A glo_Sc,Belay et al. 2009,2009,10.1007/s12600-008-0002-7,Phytoparasitica,The profitability of maize-haricot bean intercropping techniques to control maize stem borers under low pest densities in Ethiopia,Ethiopia,Eastern Africa,Mieso,9.3333,41.1833,Maize,Maize-Common Bean,Abundance,Abundance,individuals/plant,Intercropping,Intercropping (N fixing mixed),Monoculture,3.7,5.034878350069643,15.0,4.7,6.971370023173351,15.0,0.2392,0.5197,27.0,1.0
MD_Jones_21_A glo_Sc_45,JA_Green_02_Bird _Co,MD_Jones_21_A glo_Sc,Greenberg et al. 2002,2002,10.1046/j.1523-1739.1997.95464.x,Conservation Biology,Bird Populations in Shade and Sun Coffee Plantations in Central Guatemala,Guatemala,Central America,"Sierra de las Minas, Polochic Valley",15.21,-89.95,Coffee,Coffee-Inga spuria-Inga micheliana-Inga edulis,Richness Estimator,Rarefied Species Richness,species/ 400 individuals,Agroforestry,Parklands + Agroforestry (high diversity) + Agroforestry (high shaded),Monoculture,49.2,1.2,110.0,55.5,3.1,106.0,0.1205,0.0059,12.8,0.3
MD_Jones_21_A glo_Sc_46,JA_Green_02_Bird _Co,MD_Jones_21_A glo_Sc,Greenberg et al. 2002,2002,10.1046/j.1523-1739.1997.95464.x,Conservation Biology,Bird Populations in Shade and Sun Coffee Plantations in Central Guatemala,Guatemala,Central America,"Sierra de las Minas, Polochic Valley",15.21,-89.95,Coffee,Coffee-Gliricidia sepium,Richness Estimator,Rarefied Species Richness,species/ 400 individuals,Agroforestry,Parklands + Agroforestry (low diversity) + Agroforestry (moderate shaded),Monoculture,49.2,1.2,110.0,46.3,0.8,102.0,-0.0608,0.0029,-5.9,0.3
MD_Jones_21_A glo_Sc_47,JA_Green_02_Bird _Co,MD_Jones_21_A glo_Sc,Greenberg et al. 2002,2002,10.1046/j.1523-1739.1997.95464.x,Conservation Biology,Bird Populations in Shade and Sun Coffee Plantations in Central Guatemala,Guatemala,Central America,"Sierra de las Minas, Polochic Valley",15.21,-89.95,Coffee,Coffee,Richness Estimator,Rarefied Species Richness,species/ 400 individuals,Monoculture,Monoculture + Unshaded,Semi-natural habitat,61.2,1.2,56.0,49.2,1.2,110.0,-0.2183,0.0035,-19.6,0.3
MD_Jones_21_A glo_Sc_48,JA_Green_02_Bird _Co,MD_Jones_21_A glo_Sc,Greenberg et al. 2002,2002,10.1046/j.1523-1739.1997.95464.x,Conservation Biology,Bird Populations in Shade and Sun Coffee Plantations in Central Guatemala,Guatemala,Central America,"Sierra de las Minas, Polochic Valley",15.21,-89.95,Coffee,Coffee-Inga spuria-Inga micheliana-Inga edulis,Richness Estimator,Rarefied Species Richness,species/ 400 individuals,Insects control,Synthetic pesticide,Inoculants,72.2,2.3,71.0,55.5,3.1,106.0,-0.2631,0.0066,-23.1,0.3
MD_Jones_21_A glo_Sc_49,JA_Green_02_Bird _Co,MD_Jones_21_A glo_Sc,Greenberg et al. 2002,2002,10.1046/j.1523-1739.1997.95464.x,Conservation Biology,Bird Populations in Shade and Sun Coffee Plantations in Central Guatemala,Guatemala,Central America,"Sierra de las Minas, Polochic Valley",15.21,-89.95,Coffee,Coffee-Gliricidia sepium,Richness Estimator,Rarefied Species Richness,species/ 400 individuals,Insects control,Synthetic pesticide,Inoculants,72.2,2.3,71.0,46.3,0.8,102.0,-0.4443,0.0041,-35.9,0.3
MD_Jones_21_A glo_Sc_50,JA_Green_02_Bird _Co,MD_Jones_21_A glo_Sc,Greenberg et al. 2002,2002,10.1046/j.1523-1739.1997.95464.x,Conservation Biology,Bird Populations in Shade and Sun Coffee Plantations in Central Guatemala,Guatemala,Central America,"Sierra de las Minas, Polochic Valley",15.21,-89.95,Coffee,Coffee,Richness Estimator,Rarefied Species Richness,species/ 400 individuals,Insects control,Synthetic pesticide,Inoculants,72.2,2.3,71.0,49.2,1.2,110.0,-0.3835,0.0044,-31.9,0.3
MD_Jones_21_A glo_Sc_51,JA_Green_02_Bird _Co,MD_Jones_21_A glo_Sc,Greenberg et al. 2002,2002,10.1046/j.1523-1739.1997.95464.x,Conservation Biology,Bird Populations in Shade and Sun Coffee Plantations in Central Guatemala,Guatemala,Central America,"Sierra de las Minas, Polochic Valley",15.21,-89.95,Coffee,Coffee-Inga spuria-Inga micheliana-Inga edulis,Richness Estimator,Rarefied Species Richness,species/ 400 individuals,Agroforestry,Parklands + Agroforestry (high diversity) + Agroforestry (high shaded),Natural habitat,95.3,2.1,101.0,55.5,3.1,106.0,-0.5406,0.0059,-41.8,0.3
MD_Jones_21_A glo_Sc_52,JA_Green_02_Bird _Co,MD_Jones_21_A glo_Sc,Greenberg et al. 2002,2002,10.1046/j.1523-1739.1997.95464.x,Conservation Biology,Bird Populations in Shade and Sun Coffee Plantations in Central Guatemala,Guatemala,Central America,"Sierra de las Minas, Polochic Valley",15.21,-89.95,Coffee,Coffee-Gliricidia sepium,Richness Estimator,Rarefied Species Richness,species/ 400 individuals,Agroforestry,Parklands + Agroforestry (low diversity) + Agroforestry (moderate shaded),Natural habitat,95.3,2.1,101.0,46.3,0.8,102.0,-0.7219,0.0028,-51.4,0.3
MD_Jones_21_A glo_Sc_53,JA_Green_02_Bird _Co,MD_Jones_21_A glo_Sc,Greenberg et al. 2002,2002,10.1046/j.1523-1739.1997.95464.x,Conservation Biology,Bird Populations in Shade and Sun Coffee Plantations in Central Guatemala,Guatemala,Central America,"Sierra de las Minas, Polochic Valley",15.21,-89.95,Coffee,Coffee,Richness Estimator,Rarefied Species Richness,species/ 400 individuals,Monoculture,Monoculture + Unshaded,Natural habitat,95.3,2.1,101.0,49.2,1.2,110.0,-0.6611,0.0032,-48.4,0.3
MD_Jones_21_A glo_Sc_54,JA_Green_02_Bird _Co,MD_Jones_21_A glo_Sc,Greenberg et al. 2002,2002,10.1046/j.1523-1739.1997.95464.x,Conservation Biology,Bird Populations in Shade and Sun Coffee Plantations in Central Guatemala,Guatemala,Central America,"Sierra de las Minas, Polochic Valley",15.21,-89.95,Unspecified Tree,Unspecified Tree,Richness Estimator,Rarefied Species Richness,species/ 400 individuals,Semi-natural habitat,Abandoned productive land,Natural habitat,95.3,2.1,101.0,61.2,1.2,56.0,-0.4429,0.0034,-35.8,0.3
MD_Jones_21_A glo_Sc_55,JA_Green_02_Bird _Co,MD_Jones_21_A glo_Sc,Greenberg et al. 2002,2002,10.1046/j.1523-1739.1997.95464.x,Conservation Biology,Bird Populations in Shade and Sun Coffee Plantations in Central Guatemala,Guatemala,Central America,"Sierra de las Minas, Polochic Valley",15.21,-89.95,Coffee,Coffee-Gliricidia sepium,Abundance,Abundance,individuals,Agroforestry,Parklands + Agroforestry (low diversity) + Agroforestry (moderate shaded),Monoculture,1.9,,110.0,1.6,,102.0,-0.1719,,-15.8,0.3
MD_Jones_21_A glo_Sc_56,JA_Green_02_Bird _Co,MD_Jones_21_A glo_Sc,Greenberg et al. 2002,2002,10.1046/j.1523-1739.1997.95464.x,Conservation Biology,Bird Populations in Shade and Sun Coffee Plantations in Central Guatemala,Guatemala,Central America,"Sierra de las Minas, Polochic Valley",15.21,-89.95,Coffee,Coffee-Inga spuria-Inga micheliana-Inga edulis,Abundance,Abundance,individuals,Agroforestry,Parklands + Agroforestry (high diversity) + Agroforestry (high shaded),Monoculture,1.9,,110.0,2.0,,106.0,0.0513,,5.3,0.3
MD_Jones_21_A glo_Sc_57,JA_Green_02_Bird _Co,MD_Jones_21_A glo_Sc,Greenberg et al. 2002,2002,10.1046/j.1523-1739.1997.95464.x,Conservation Biology,Bird Populations in Shade and Sun Coffee Plantations in Central Guatemala,Guatemala,Central America,"Sierra de las Minas, Polochic Valley",15.21,-89.95,Coffee,Coffee,Abundance,Abundance,individuals,Monoculture,Monoculture + Unshaded,Semi-natural habitat,3.0,,56.0,1.9,,110.0,-0.4568,,-36.7,0.3
MD_Jones_21_A glo_Sc_58,JA_Green_02_Bird _Co,MD_Jones_21_A glo_Sc,Greenberg et al. 2002,2002,10.1046/j.1523-1739.1997.95464.x,Conservation Biology,Bird Populations in Shade and Sun Coffee Plantations in Central Guatemala,Guatemala,Central America,"Sierra de las Minas, Polochic Valley",15.21,-89.95,Coffee,Coffee-Gliricidia sepium,Abundance,Abundance,individuals,Insects control,Synthetic pesticide,Inoculants,2.9,,71.0,1.6,,102.0,-0.5947,,-44.8,0.3
MD_Jones_21_A glo_Sc_59,JA_Green_02_Bird _Co,MD_Jones_21_A glo_Sc,Greenberg et al. 2002,2002,10.1046/j.1523-1739.1997.95464.x,Conservation Biology,Bird Populations in Shade and Sun Coffee Plantations in Central Guatemala,Guatemala,Central America,"Sierra de las Minas, Polochic Valley",15.21,-89.95,Coffee,Coffee-Inga spuria-Inga micheliana-Inga edulis,Abundance,Abundance,individuals,Insects control,Synthetic pesticide,Inoculants,2.9,,71.0,2.0,,106.0,-0.3716,,-31.0,0.3
MD_Jones_21_A glo_Sc_60,JA_Green_02_Bird _Co,MD_Jones_21_A glo_Sc,Greenberg et al. 2002,2002,10.1046/j.1523-1739.1997.95464.x,Conservation Biology,Bird Populations in Shade and Sun Coffee Plantations in Central Guatemala,Guatemala,Central America,"Sierra de las Minas, Polochic Valley",15.21,-89.95,Coffee,Coffee,Abundance,Abundance,individuals,Insects control,Synthetic pesticide,Inoculants,2.9,,71.0,1.9,,110.0,-0.4229,,-34.5,0.3
MD_Jones_21_A glo_Sc_61,JA_Green_02_Bird _Co,MD_Jones_21_A glo_Sc,Greenberg et al. 2002,2002,10.1046/j.1523-1739.1997.95464.x,Conservation Biology,Bird Populations in Shade and Sun Coffee Plantations in Central Guatemala,Guatemala,Central America,"Sierra de las Minas, Polochic Valley",15.21,-89.95,Coffee,Coffee-Gliricidia sepium,Abundance,Abundance,individuals,Agroforestry,Parklands + Agroforestry (low diversity) + Agroforestry (moderate shaded),Monoculture,1.5,,110.0,2.6,,102.0,0.55,,73.3,0.3
MD_Jones_21_A glo_Sc_62,JA_Green_02_Bird _Co,MD_Jones_21_A glo_Sc,Greenberg et al. 2002,2002,10.1046/j.1523-1739.1997.95464.x,Conservation Biology,Bird Populations in Shade and Sun Coffee Plantations in Central Guatemala,Guatemala,Central America,"Sierra de las Minas, Polochic Valley",15.21,-89.95,Coffee,Coffee-Inga spuria-Inga micheliana-Inga edulis,Abundance,Abundance,individuals,Agroforestry,Parklands + Agroforestry (high diversity) + Agroforestry (high shaded),Monoculture,1.5,,110.0,3.2,,106.0,0.7577,,113.3,0.3
MD_Jones_21_A glo_Sc_63,JA_Green_02_Bird _Co,MD_Jones_21_A glo_Sc,Greenberg et al. 2002,2002,10.1046/j.1523-1739.1997.95464.x,Conservation Biology,Bird Populations in Shade and Sun Coffee Plantations in Central Guatemala,Guatemala,Central America,"Sierra de las Minas, Polochic Valley",15.21,-89.95,Coffee,Coffee,Abundance,Abundance,individuals,Monoculture,Monoculture + Unshaded,Semi-natural habitat,4.8,,56.0,1.5,,110.0,-1.1632,,-68.8,0.3
MD_Jones_21_A glo_Sc_64,JA_Green_02_Bird _Co,MD_Jones_21_A glo_Sc,Greenberg et al. 2002,2002,10.1046/j.1523-1739.1997.95464.x,Conservation Biology,Bird Populations in Shade and Sun Coffee Plantations in Central Guatemala,Guatemala,Central America,"Sierra de las Minas, Polochic Valley",15.21,-89.95,Coffee,Coffee-Gliricidia sepium,Abundance,Abundance,individuals,Insects control,Synthetic pesticide,Inoculants,5.8,,71.0,2.6,,102.0,-0.8023,,-55.2,0.3
MD_Jones_21_A glo_Sc_65,JA_Green_02_Bird _Co,MD_Jones_21_A glo_Sc,Greenberg et al. 2002,2002,10.1046/j.1523-1739.1997.95464.x,Conservation Biology,Bird Populations in Shade and Sun Coffee Plantations in Central Guatemala,Guatemala,Central America,"Sierra de las Minas, Polochic Valley",15.21,-89.95,Coffee,Coffee-Inga spuria-Inga micheliana-Inga edulis,Abundance,Abundance,individuals,Insects control,Synthetic pesticide,Inoculants,5.8,,71.0,3.2,,106.0,-0.5947,,-44.8,0.3
MD_Jones_21_A glo_Sc_66,JA_Green_02_Bird _Co,MD_Jones_21_A glo_Sc,Greenberg et al. 2002,2002,10.1046/j.1523-1739.1997.95464.x,Conservation Biology,Bird Populations in Shade and Sun Coffee Plantations in Central Guatemala,Guatemala,Central America,"Sierra de las Minas, Polochic Valley",15.21,-89.95,Coffee,Coffee,Abundance,Abundance,individuals,Insects control,Synthetic pesticide,Inoculants,5.8,,71.0,1.5,,110.0,-1.3524,,-74.1,0.3
MD_Jones_21_A glo_Sc_67,JA_Green_02_Bird _Co,MD_Jones_21_A glo_Sc,Greenberg et al. 2002,2002,10.1046/j.1523-1739.1997.95464.x,Conservation Biology,Bird Populations in Shade and Sun Coffee Plantations in Central Guatemala,Guatemala,Central America,"Sierra de las Minas, Polochic Valley",15.21,-89.95,Coffee,Coffee-Inga spuria-Inga micheliana-Inga edulis,Richness,Species Richness,Species Richness (S),Agroforestry,Parklands + Agroforestry (high diversity) + Agroforestry (high shaded),Monoculture,2.8,1.5,104.0,3.8,1.7,204.0,0.3054,0.0612,35.7,0.3
MD_Jones_21_A glo_Sc_68,JA_Green_02_Bird _Co,MD_Jones_21_A glo_Sc,Greenberg et al. 2002,2002,10.1046/j.1523-1739.1997.95464.x,Conservation Biology,Bird Populations in Shade and Sun Coffee Plantations in Central Guatemala,Guatemala,Central America,"Sierra de las Minas, Polochic Valley",15.21,-89.95,Coffee,Coffee-Gliricidia sepium,Richness,Species Richness,Species Richness (S),Agroforestry,Parklands + Agroforestry (low diversity) + Agroforestry (moderate shaded),Monoculture,2.8,1.5,104.0,3.7,2.2,102.0,0.2787,0.0789,32.1,0.3
MD_Jones_21_A glo_Sc_69,JA_Green_02_Bird _Co,MD_Jones_21_A glo_Sc,Greenberg et al. 2002,2002,10.1046/j.1523-1739.1997.95464.x,Conservation Biology,Bird Populations in Shade and Sun Coffee Plantations in Central Guatemala,Guatemala,Central America,"Sierra de las Minas, Polochic Valley",15.21,-89.95,Coffee,Coffee,Richness,Species Richness,Species Richness (S),Monoculture,Monoculture + Unshaded,Semi-natural habitat,2.2,1.9,77.0,2.8,1.5,104.0,0.2412,0.1116,27.3,0.3
MD_Jones_21_A glo_Sc_70,JA_Green_02_Bird _Co,MD_Jones_21_A glo_Sc,Greenberg et al. 2002,2002,10.1046/j.1523-1739.1997.95464.x,Conservation Biology,Bird Populations in Shade and Sun Coffee Plantations in Central Guatemala,Guatemala,Central America,"Sierra de las Minas, Polochic Valley",15.21,-89.95,Coffee,Coffee-Inga spuria-Inga micheliana-Inga edulis,Richness,Species Richness,Species Richness (S),Insects control,Synthetic pesticide,Inoculants,18.2,17.8,71.0,3.8,1.7,204.0,-1.5664,0.1202,-79.1,0.3
MD_Jones_21_A glo_Sc_71,JA_Green_02_Bird _Co,MD_Jones_21_A glo_Sc,Greenberg et al. 2002,2002,10.1046/j.1523-1739.1997.95464.x,Conservation Biology,Bird Populations in Shade and Sun Coffee Plantations in Central Guatemala,Guatemala,Central America,"Sierra de las Minas, Polochic Valley",15.21,-89.95,Coffee,Coffee-Gliricidia sepium,Richness,Species Richness,Species Richness (S),Insects control,Synthetic pesticide,Inoculants,18.2,17.8,71.0,3.7,2.2,102.0,-1.5931,0.1301,-79.7,0.3
MD_Jones_21_A glo_Sc_72,JA_Green_02_Bird _Co,MD_Jones_21_A glo_Sc,Greenberg et al. 2002,2002,10.1046/j.1523-1739.1997.95464.x,Conservation Biology,Bird Populations in Shade and Sun Coffee Plantations in Central Guatemala,Guatemala,Central America,"Sierra de las Minas, Polochic Valley",15.21,-89.95,Coffee,Coffee,Richness,Species Richness,Species Richness (S),Insects control,Synthetic pesticide,Inoculants,18.2,17.8,71.0,2.8,1.5,104.0,-1.8718,0.1274,-84.6,0.3
MD_Jones_21_A glo_Sc_73,JA_Green_02_Bird _Co,MD_Jones_21_A glo_Sc,Greenberg et al. 2002,2002,10.1046/j.1523-1739.1997.95464.x,Conservation Biology,Bird Populations in Shade and Sun Coffee Plantations in Central Guatemala,Guatemala,Central America,"Sierra de las Minas, Polochic Valley",15.21,-89.95,Coffee,Coffee-Inga spuria-Inga micheliana-Inga edulis,Richness,Species Richness,Species Richness (S),Agroforestry,Parklands + Agroforestry (high diversity) + Agroforestry (high shaded),Natural habitat,9.5,4.4,101.0,3.8,1.7,204.0,-0.9163,0.0557,-60.0,0.3
MD_Jones_21_A glo_Sc_74,JA_Green_02_Bird _Co,MD_Jones_21_A glo_Sc,Greenberg et al. 2002,2002,10.1046/j.1523-1739.1997.95464.x,Conservation Biology,Bird Populations in Shade and Sun Coffee Plantations in Central Guatemala,Guatemala,Central America,"Sierra de las Minas, Polochic Valley",15.21,-89.95,Coffee,Coffee-Gliricidia sepium,Richness,Species Richness,Species Richness (S),Agroforestry,Parklands + Agroforestry (low diversity) + Agroforestry (moderate shaded),Natural habitat,9.5,4.4,101.0,3.7,2.2,102.0,-0.943,0.0748,-61.1,0.3
MD_Jones_21_A glo_Sc_75,JA_Green_02_Bird _Co,MD_Jones_21_A glo_Sc,Greenberg et al. 2002,2002,10.1046/j.1523-1739.1997.95464.x,Conservation Biology,Bird Populations in Shade and Sun Coffee Plantations in Central Guatemala,Guatemala,Central America,"Sierra de las Minas, Polochic Valley",15.21,-89.95,Coffee,Coffee,Richness,Species Richness,Species Richness (S),Monoculture,Monoculture + Unshaded,Natural habitat,9.5,4.4,101.0,2.8,1.5,104.0,-1.2217,0.0699,-70.5,0.3
MD_Jones_21_A glo_Sc_76,JA_Green_02_Bird _Co,MD_Jones_21_A glo_Sc,Greenberg et al. 2002,2002,10.1046/j.1523-1739.1997.95464.x,Conservation Biology,Bird Populations in Shade and Sun Coffee Plantations in Central Guatemala,Guatemala,Central America,"Sierra de las Minas, Polochic Valley",15.21,-89.95,Unspecified Tree,Unspecified Tree,Richness,Species Richness,Species Richness (S),Semi-natural habitat,Abandoned productive land,Natural habitat,9.5,4.4,101.0,2.2,1.9,77.0,-1.4628,0.1087,-76.8,0.3
MD_Jones_21_A glo_Sc_77,JA_Green_02_Bird _Co,MD_Jones_21_A glo_Sc,Greenberg et al. 2002,2002,10.1046/j.1523-1739.1997.95464.x,Conservation Biology,Bird Populations in Shade and Sun Coffee Plantations in Central Guatemala,Guatemala,Central America,"Sierra de las Minas, Polochic Valley",15.21,-89.95,Coffee,Coffee-Inga spuria-Inga micheliana-Inga edulis,Abundance,Abundance,individuals/ha,Agroforestry,Parklands + Agroforestry (high diversity) + Agroforestry (high shaded),Monoculture,66.0,33.0,104.0,245.0,82.0,204.0,1.3116,0.0543,271.2,0.3
MD_Jones_21_A glo_Sc_78,JA_Green_02_Bird _Co,MD_Jones_21_A glo_Sc,Greenberg et al. 2002,2002,10.1046/j.1523-1739.1997.95464.x,Conservation Biology,Bird Populations in Shade and Sun Coffee Plantations in Central Guatemala,Guatemala,Central America,"Sierra de las Minas, Polochic Valley",15.21,-89.95,Coffee,Coffee-Gliricidia sepium,Abundance,Abundance,individuals/ha,Agroforestry,Parklands + Agroforestry (low diversity) + Agroforestry (moderate shaded),Monoculture,66.0,33.0,104.0,153.0,71.0,102.0,0.8408,0.0672,131.8,0.3
MD_Jones_21_A glo_Sc_79,JA_Green_02_Bird _Co,MD_Jones_21_A glo_Sc,Greenberg et al. 2002,2002,10.1046/j.1523-1739.1997.95464.x,Conservation Biology,Bird Populations in Shade and Sun Coffee Plantations in Central Guatemala,Guatemala,Central America,"Sierra de las Minas, Polochic Valley",15.21,-89.95,Coffee,Coffee,Abundance,Abundance,individuals/ha,Monoculture,Monoculture + Unshaded,Semi-natural habitat,33.0,28.0,77.0,66.0,33.0,104.0,0.6931,0.1084,100.0,0.3
MD_Jones_21_A glo_Sc_80,JA_Green_02_Bird _Co,MD_Jones_21_A glo_Sc,Greenberg et al. 2002,2002,10.1046/j.1523-1739.1997.95464.x,Conservation Biology,Bird Populations in Shade and Sun Coffee Plantations in Central Guatemala,Guatemala,Central America,"Sierra de las Minas, Polochic Valley",15.21,-89.95,Coffee,Coffee-Inga spuria-Inga micheliana-Inga edulis,Abundance,Abundance,individuals/ha,Insects control,Synthetic pesticide,Inoculants,267.0,103.0,71.0,245.0,82.0,204.0,-0.086,0.0514,-8.2,0.3
MD_Jones_21_A glo_Sc_81,JA_Green_02_Bird _Co,MD_Jones_21_A glo_Sc,Greenberg et al. 2002,2002,10.1046/j.1523-1739.1997.95464.x,Conservation Biology,Bird Populations in Shade and Sun Coffee Plantations in Central Guatemala,Guatemala,Central America,"Sierra de las Minas, Polochic Valley",15.21,-89.95,Coffee,Coffee-Gliricidia sepium,Abundance,Abundance,individuals/ha,Insects control,Synthetic pesticide,Inoculants,267.0,103.0,71.0,153.0,71.0,102.0,-0.5568,0.0649,-42.7,0.3
MD_Jones_21_A glo_Sc_82,JA_Green_02_Bird _Co,MD_Jones_21_A glo_Sc,Greenberg et al. 2002,2002,10.1046/j.1523-1739.1997.95464.x,Conservation Biology,Bird Populations in Shade and Sun Coffee Plantations in Central Guatemala,Guatemala,Central America,"Sierra de las Minas, Polochic Valley",15.21,-89.95,Coffee,Coffee,Abundance,Abundance,individuals/ha,Insects control,Synthetic pesticide,Inoculants,267.0,103.0,71.0,66.0,33.0,104.0,-1.3976,0.0671,-75.3,0.3
MD_Jones_21_A glo_Sc_83,JA_Green_02_Bird _Co,MD_Jones_21_A glo_Sc,Greenberg et al. 2002,2002,10.1046/j.1523-1739.1997.95464.x,Conservation Biology,Bird Populations in Shade and Sun Coffee Plantations in Central Guatemala,Guatemala,Central America,"Sierra de las Minas, Polochic Valley",15.21,-89.95,Coffee,Coffee-Inga spuria-Inga micheliana-Inga edulis,Abundance,Abundance,individuals/ha,Agroforestry,Parklands + Agroforestry (high diversity) + Agroforestry (high shaded),Natural habitat,144.0,51.0,101.0,245.0,82.0,204.0,0.5314,0.0423,70.1,0.3
MD_Jones_21_A glo_Sc_84,JA_Green_02_Bird _Co,MD_Jones_21_A glo_Sc,Greenberg et al. 2002,2002,10.1046/j.1523-1739.1997.95464.x,Conservation Biology,Bird Populations in Shade and Sun Coffee Plantations in Central Guatemala,Guatemala,Central America,"Sierra de las Minas, Polochic Valley",15.21,-89.95,Coffee,Coffee-Gliricidia sepium,Abundance,Abundance,individuals/ha,Agroforestry,Parklands + Agroforestry (low diversity) + Agroforestry (moderate shaded),Natural habitat,144.0,51.0,101.0,153.0,71.0,102.0,0.0606,0.0579,6.2,0.3
MD_Jones_21_A glo_Sc_85,JA_Green_02_Bird _Co,MD_Jones_21_A glo_Sc,Greenberg et al. 2002,2002,10.1046/j.1523-1739.1997.95464.x,Conservation Biology,Bird Populations in Shade and Sun Coffee Plantations in Central Guatemala,Guatemala,Central America,"Sierra de las Minas, Polochic Valley",15.21,-89.95,Coffee,Coffee,Abundance,Abundance,individuals/ha,Monoculture,Monoculture + Unshaded,Natural habitat,144.0,51.0,101.0,66.0,33.0,104.0,-0.7802,0.0604,-54.2,0.3
MD_Jones_21_A glo_Sc_86,JA_Green_02_Bird _Co,MD_Jones_21_A glo_Sc,Greenberg et al. 2002,2002,10.1046/j.1523-1739.1997.95464.x,Conservation Biology,Bird Populations in Shade and Sun Coffee Plantations in Central Guatemala,Guatemala,Central America,"Sierra de las Minas, Polochic Valley",15.21,-89.95,Unspecified Tree,Unspecified Tree,Abundance,Abundance,individuals/ha,Semi-natural habitat,Abandoned productive land,Natural habitat,144.0,51.0,101.0,33.0,28.0,77.0,-1.4733,0.1029,-77.1,0.3
MD_Jones_21_A glo_Sc_87,JA_Hylan_09_compl_Co,MD_Jones_21_A glo_Sc,Hylander et al. 2009,2009,10.1111/j.1523-1739.2008.01097.x,Conservation Biology,complementary roles of home gardens and exotic tree plantations as alternative habitats for plants of the ethiopian montane rainforest [roles complementarios de jardines do<U+1E3F>esticos y plantaciones de 'arboles ex´oticos como h´abitats alternativos para plantas del bosque lluvioso montano et´iope],Ethiopia,Eastern Africa,Bonga,7.27,36.27,Coffee,Coffee-Olea welwitschii-Sapium ellipticum-Schefflera abyssinica-Syzygium guineense-Pouteria adolfi friederici,Richness,Species Richness,n species,Agroforestry,Homegarden,Natural habitat,8.2,,15.0,5.8,,14.0,-0.3463,,-29.3,1.0
MD_Jones_21_A glo_Sc_88,JA_Hylan_09_compl_Co,MD_Jones_21_A glo_Sc,Hylander et al. 2009,2009,10.1111/j.1523-1739.2008.01097.x,Conservation Biology,complementary roles of home gardens and exotic tree plantations as alternative habitats for plants of the ethiopian montane rainforest [roles complementarios de jardines do<U+1E3F>esticos y plantaciones de 'arboles ex´oticos como h´abitats alternativos para plantas del bosque lluvioso montano et´iope],Ethiopia,Eastern Africa,Bonga,7.27,36.27,Coffee,Coffee-Olea welwitschii-Sapium ellipticum-Schefflera abyssinica-Syzygium guineense-Pouteria adolfi friederici,Richness,Species Richness,n species,Agroforestry,Homegarden,Natural habitat,8.3,,15.0,6.0,,14.0,-0.3245,,-27.7,1.0
MD_Jones_21_A glo_Sc_89,JA_Hylan_09_compl_Co,MD_Jones_21_A glo_Sc,Hylander et al. 2009,2009,10.1111/j.1523-1739.2008.01097.x,Conservation Biology,complementary roles of home gardens and exotic tree plantations as alternative habitats for plants of the ethiopian montane rainforest [roles complementarios de jardines do<U+1E3F>esticos y plantaciones de 'arboles ex´oticos como h´abitats alternativos para plantas del bosque lluvioso montano et´iope],Ethiopia,Eastern Africa,Bonga,7.27,36.27,Coffee,Coffee-Olea welwitschii-Sapium ellipticum-Schefflera abyssinica-Syzygium guineense-Pouteria adolfi friederici,Richness,Species Richness,n species,Agroforestry,Homegarden,Natural habitat,30.0,,15.0,21.0,,14.0,-0.3567,,-30.0,1.0
MD_Jones_21_A glo_Sc_90,JA_Hylan_09_compl_Co,MD_Jones_21_A glo_Sc,Hylander et al. 2009,2009,10.1111/j.1523-1739.2008.01097.x,Conservation Biology,complementary roles of home gardens and exotic tree plantations as alternative habitats for plants of the ethiopian montane rainforest [roles complementarios de jardines do<U+1E3F>esticos y plantaciones de 'arboles ex´oticos como h´abitats alternativos para plantas del bosque lluvioso montano et´iope],Ethiopia,Eastern Africa,Bonga,7.27,36.27,Coffee,Coffee-Olea welwitschii-Sapium ellipticum-Schefflera abyssinica-Syzygium guineense-Pouteria adolfi friederici,Richness,Species Richness,n species,Agroforestry,Homegarden,Natural habitat,34.0,,15.0,17.0,,14.0,-0.6931,,-50.0,1.0
MD_Jones_21_A glo_Sc_91,JA_Ichin_12_Limit_Cr,MD_Jones_21_A glo_Sc,Ichinose et al. 2012,2012,10.1016/j.cropro.2011.11.023,Crop Protection,Limited efficacy of guava interplanting on citrus greening disease: Effectiveness of protection against disease invasion breaks down after one year,Vietnam,South-eastern Asia,"Cai Be, Mekong Delta",10.5305,106.1572,Mandarin Orange,Mandarin Orange-Guava,Abundance,Abundance,individual/plant/sampling,Intercropping,Intercropping (Non N fixing),Monoculture,0.1,0.18,81.0,0.08,0.1019803902718557,104.0,-0.2231,0.2358,-20.0,4.0
MD_Jones_21_A glo_Sc_92,JA_Khan _06_Manag_In,MD_Jones_21_A glo_Sc,Khan et al. 2006,2006,10.1080/09670870600816991,International Journal of Pest Management,"Management of witchweed, Striga hermonthica, and stemborers in sorghum, Sorghum bicolor, through intercropping with greenleaf desmodium, Desmodium intortum",Kenya,Eastern Africa,"ICIPE Campus, Mbita Point",-0.4167,34.2,Sorghum,Sorghum-Desmodium intortum,Abundance,Abundance,plants/84 plants,Intercropping,Intercropping (N fixing mixed),Monoculture,316.1,205.8,4.0,0.0,,4.0,,,-100.0,2.0
MD_Jones_21_A glo_Sc_93,JA_Khan _06_Manag_In,MD_Jones_21_A glo_Sc,Khan et al. 2006,2006,10.1080/09670870600816991,International Journal of Pest Management,"Management of witchweed, Striga hermonthica, and stemborers in sorghum, Sorghum bicolor, through intercropping with greenleaf desmodium, Desmodium intortum",Kenya,Eastern Africa,"ICIPE Campus, Mbita Point",-0.4167,34.2,Sorghum,Sorghum-Desmodium intortum,Abundance,Abundance,plants/84 plants,Intercropping,Intercropping (N fixing mixed),Monoculture,269.5,98.4,4.0,0.0,,4.0,,,-100.0,2.0
MD_Jones_21_A glo_Sc_94,JA_Khan _06_Manag_In,MD_Jones_21_A glo_Sc,Khan et al. 2006,2006,10.1080/09670870600816991,International Journal of Pest Management,"Management of witchweed, Striga hermonthica, and stemborers in sorghum, Sorghum bicolor, through intercropping with greenleaf desmodium, Desmodium intortum",Kenya,Eastern Africa,Lambwe Division,-0.5667,34.3667,Sorghum,Sorghum-Desmodium intortum,Abundance,Abundance,plants/100 plants,Intercropping,Intercropping (N fixing mixed),Monoculture,576.7,202.13032924328797,3.0,74.7,13.163586137523467,3.0,-2.0438,0.2265,-87.0,2.0
MD_Jones_21_A glo_Sc_95,JA_Mideg_08_Respo_Jo,MD_Jones_21_A glo_Sc,Midega et al. 2008,2008,10.1111/j.1439-0418.2007.01260.x,Journal of Applied Entomology,Response of ground-dwelling arthropods to a 'push-pull' habitat management system: Spiders as an indicator group,Kenya,Eastern Africa,"Farmers Training Centre, Lambwe",-0.5667,34.3667,Maize,Maize-Desmodium uncinatum-Pennisetum purpureum,Abundance,Abundance,individuals/plot,Intercropping,Intercropping (trap crop),Monoculture,100.7,17.0,4.0,186.7,55.8,4.0,0.6174,0.1716,85.4,2.0
MD_Jones_21_A glo_Sc_96,JA_Mideg_08_Respo_Jo,MD_Jones_21_A glo_Sc,Midega et al. 2008,2008,10.1111/j.1439-0418.2007.01260.x,Journal of Applied Entomology,Response of ground-dwelling arthropods to a 'push-pull' habitat management system: Spiders as an indicator group,Kenya,Eastern Africa,"Farmers Training Centre, Homabay",-0.5167,34.45,Maize,Maize-Desmodium uncinatum-Pennisetum purpureum,Abundance,Abundance,individuals/plot,Intercropping,Intercropping (trap crop),Monoculture,30.5,3.6,4.0,69.7,12.6,4.0,0.8265,0.1079,128.5,2.0
MD_Jones_21_A glo_Sc_97,JA_Mideg_08_Respo_Jo,MD_Jones_21_A glo_Sc,Midega et al. 2008,2008,10.1111/j.1439-0418.2007.01260.x,Journal of Applied Entomology,Response of ground-dwelling arthropods to a 'push-pull' habitat management system: Spiders as an indicator group,South Africa,Southern Africa,"ARC-Grain Crops Institute, Potchefstroom",-26.7262,27.0804,Maize,Maize-Desmodium uncinatum-Pennisetum purpureum,Abundance,Abundance,individuals/plot,Intercropping,Intercropping (trap crop),Monoculture,11.2,3.2,4.0,28.2,3.4,4.0,0.9234,0.1551,151.8,2.0
MD_Jones_21_A glo_Sc_98,JA_Mideg_08_Respo_Jo,MD_Jones_21_A glo_Sc,Midega et al. 2008,2008,10.1111/j.1439-0418.2007.01260.x,Journal of Applied Entomology,Response of ground-dwelling arthropods to a 'push-pull' habitat management system: Spiders as an indicator group,Kenya,Eastern Africa,"Farmers Training Centre, Lambwe",-0.5667,34.3667,Maize,Maize-Desmodium uncinatum-Pennisetum purpureum,Richness,Species Richness,species/plot,Intercropping,Intercropping (trap crop),Monoculture,49.0,,4.0,60.0,,4.0,0.2025,,22.4,2.0
MD_Jones_21_A glo_Sc_99,JA_Mideg_08_Respo_Jo,MD_Jones_21_A glo_Sc,Midega et al. 2008,2008,10.1111/j.1439-0418.2007.01260.x,Journal of Applied Entomology,Response of ground-dwelling arthropods to a 'push-pull' habitat management system: Spiders as an indicator group,Kenya,Eastern Africa,"Farmers Training Centre, Homabay",-0.5167,34.45,Maize,Maize-Desmodium uncinatum-Pennisetum purpureum,Richness,Species Richness,species/plot,Intercropping,Intercropping (trap crop),Monoculture,23.0,,4.0,27.0,,4.0,0.1603,,17.4,2.0
MD_Jones_21_A glo_Sc_100,JA_Mideg_08_Respo_Jo,MD_Jones_21_A glo_Sc,Midega et al. 2008,2008,10.1111/j.1439-0418.2007.01260.x,Journal of Applied Entomology,Response of ground-dwelling arthropods to a 'push-pull' habitat management system: Spiders as an indicator group,South Africa,Southern Africa,"ARC-Grain Crops Institute, Potchefstroom",-26.7262,27.0804,Maize,Maize-Desmodium uncinatum-Pennisetum purpureum,Richness,Species Richness,species/plot,Intercropping,Intercropping (trap crop),Monoculture,14.0,,4.0,31.0,,4.0,0.7949,,121.4,2.0
MD_Jones_21_A glo_Sc_101,JA_Mideg_08_Respo_Jo,MD_Jones_21_A glo_Sc,Midega et al. 2008,2008,10.1111/j.1439-0418.2007.01260.x,Journal of Applied Entomology,Response of ground-dwelling arthropods to a 'push-pull' habitat management system: Spiders as an indicator group,Kenya,Eastern Africa,"Farmers Training Centre, Lambwe",-0.5667,34.3667,Maize,Maize-Desmodium uncinatum-Pennisetum purpureum,Diversity Index,Shannon-Wiener Index,Index,Intercropping,Intercropping (trap crop),Monoculture,2.6,0.4,4.0,2.9,0.2,4.0,0.1092,0.0843,11.5,2.0
MD_Jones_21_A glo_Sc_102,JA_Mideg_08_Respo_Jo,MD_Jones_21_A glo_Sc,Midega et al. 2008,2008,10.1111/j.1439-0418.2007.01260.x,Journal of Applied Entomology,Response of ground-dwelling arthropods to a 'push-pull' habitat management system: Spiders as an indicator group,Kenya,Eastern Africa,"Farmers Training Centre, Homabay",-0.5167,34.45,Maize,Maize-Desmodium uncinatum-Pennisetum purpureum,Diversity Index,Shannon-Wiener Index,Index,Intercropping,Intercropping (trap crop),Monoculture,2.5,0.2,4.0,2.5,0.2,4.0,0.0,0.0566,0.0,2.0
MD_Jones_21_A glo_Sc_103,JA_Mideg_08_Respo_Jo,MD_Jones_21_A glo_Sc,Midega et al. 2008,2008,10.1111/j.1439-0418.2007.01260.x,Journal of Applied Entomology,Response of ground-dwelling arthropods to a 'push-pull' habitat management system: Spiders as an indicator group,South Africa,Southern Africa,"ARC-Grain Crops Institute, Potchefstroom",-26.7262,27.0804,Maize,Maize-Desmodium uncinatum-Pennisetum purpureum,Diversity Index,Shannon-Wiener Index,Index,Intercropping,Intercropping (trap crop),Monoculture,1.6,0.2,4.0,2.0,0.2,4.0,0.2231,0.08,25.0,2.0
MD_Jones_21_A glo_Sc_104,JA_Mideg_08_Respo_Jo,MD_Jones_21_A glo_Sc,Midega et al. 2008,2008,10.1111/j.1439-0418.2007.01260.x,Journal of Applied Entomology,Response of ground-dwelling arthropods to a 'push-pull' habitat management system: Spiders as an indicator group,Kenya,Eastern Africa,"Farmers Training Centre, Lambwe",-0.5667,34.3667,Maize,Maize-Desmodium uncinatum-Pennisetum purpureum,Evenness Index,Species Evenness,Index,Intercropping,Intercropping (trap crop),Monoculture,0.11,0.05656854249492381,8.0,0.08,0.028284271247461905,8.0,-0.3185,0.2206,-27.3,2.0
MD_Jones_21_A glo_Sc_105,JA_Mideg_08_Respo_Jo,MD_Jones_21_A glo_Sc,Midega et al. 2008,2008,10.1111/j.1439-0418.2007.01260.x,Journal of Applied Entomology,Response of ground-dwelling arthropods to a 'push-pull' habitat management system: Spiders as an indicator group,Kenya,Eastern Africa,"Farmers Training Centre, Homabay",-0.5167,34.45,Maize,Maize-Desmodium uncinatum-Pennisetum purpureum,Evenness Index,Species Evenness,Index,Intercropping,Intercropping (trap crop),Monoculture,0.11,0.028284271247461905,8.0,0.11,0.028284271247461905,8.0,0.0,0.1286,0.0,2.0
MD_Jones_21_A glo_Sc_106,JA_Mideg_08_Respo_Jo,MD_Jones_21_A glo_Sc,Midega et al. 2008,2008,10.1111/j.1439-0418.2007.01260.x,Journal of Applied Entomology,Response of ground-dwelling arthropods to a 'push-pull' habitat management system: Spiders as an indicator group,South Africa,Southern Africa,"ARC-Grain Crops Institute, Potchefstroom",-26.7262,27.0804,Maize,Maize-Desmodium uncinatum-Pennisetum purpureum,Evenness Index,Species Evenness,Index,Intercropping,Intercropping (trap crop),Monoculture,0.21,0.028284271247461905,8.0,0.15,0.028284271247461905,8.0,-0.3365,0.0819,-28.6,2.0
MD_Jones_21_A glo_Sc_107,JA_Mideg_08_Respo_Jo,MD_Jones_21_A glo_Sc,Midega et al. 2008,2008,10.1111/j.1439-0418.2007.01260.x,Journal of Applied Entomology,Response of ground-dwelling arthropods to a 'push-pull' habitat management system: Spiders as an indicator group,Kenya,Eastern Africa,"Farmers Training Centre, Lambwe",-0.5667,34.3667,Maize,Maize-Desmodium uncinatum-Pennisetum purpureum,Dominance index,Berger-Parker dominance (d),proportion,Intercropping,Intercropping (trap crop),Monoculture,0.18,0.05656854249492381,8.0,0.16,0.028284271247461905,8.0,-0.1178,0.1275,-11.1,2.0
MD_Jones_21_A glo_Sc_108,JA_Mideg_08_Respo_Jo,MD_Jones_21_A glo_Sc,Midega et al. 2008,2008,10.1111/j.1439-0418.2007.01260.x,Journal of Applied Entomology,Response of ground-dwelling arthropods to a 'push-pull' habitat management system: Spiders as an indicator group,Kenya,Eastern Africa,"Farmers Training Centre, Homabay",-0.5167,34.45,Maize,Maize-Desmodium uncinatum-Pennisetum purpureum,Dominance index,Berger-Parker dominance (d),proportion,Intercropping,Intercropping (trap crop),Monoculture,0.23,0.05656854249492381,8.0,0.16,0.028284271247461905,8.0,-0.3629,0.1071,-30.4,2.0
MD_Jones_21_A glo_Sc_109,JA_Mideg_08_Respo_Jo,MD_Jones_21_A glo_Sc,Midega et al. 2008,2008,10.1111/j.1439-0418.2007.01260.x,Journal of Applied Entomology,Response of ground-dwelling arthropods to a 'push-pull' habitat management system: Spiders as an indicator group,South Africa,Southern Africa,"ARC-Grain Crops Institute, Potchefstroom",-26.7262,27.0804,Maize,Maize-Desmodium uncinatum-Pennisetum purpureum,Dominance index,Berger-Parker dominance (d),proportion,Intercropping,Intercropping (trap crop),Monoculture,0.42,0.08485281374238571,8.0,0.37,0.08485281374238571,8.0,-0.1268,0.1081,-11.9,2.0
MD_Jones_21_A glo_Sc_110,JA_Nyasa_12_Effec_En,MD_Jones_21_A glo_Sc,Nyasani et al. 2012,2012,10.1111/j.1570-7458.2011.01217.x,Entomologia Experimentalis et Applicata,Effect of intercrops on thrips species composition and population abundance on French beans in Kenya,Kenya,Eastern Africa,KARI Embu,-0.5,37.45,Common Bean,Common Bean-Sunflower,Abundance,Abundance,individuals/plant,Intercropping,Intercropping (N fixing mixed),Monoculture,2.3,5.122889809472775,40.0,4.7,7.7792030440142135,40.0,0.7147,0.4388,104.3,1.0
MD_Jones_21_A glo_Sc_111,JA_Nyasa_12_Effec_En,MD_Jones_21_A glo_Sc,Nyasani et al. 2012,2012,10.1111/j.1570-7458.2011.01217.x,Entomologia Experimentalis et Applicata,Effect of intercrops on thrips species composition and population abundance on French beans in Kenya,Kenya,Eastern Africa,KARI Embu,-0.5,37.45,Common Bean,Common Bean-Baby corn,Abundance,Abundance,individuals/plant,Intercropping,Intercropping (N fixing mixed),Monoculture,2.3,5.122889809472775,40.0,6.6,9.613324086911874,40.0,1.0542,0.4208,187.0,1.0
MD_Jones_21_A glo_Sc_112,JA_Nyasa_12_Effec_En,MD_Jones_21_A glo_Sc,Nyasani et al. 2012,2012,10.1111/j.1570-7458.2011.01217.x,Entomologia Experimentalis et Applicata,Effect of intercrops on thrips species composition and population abundance on French beans in Kenya,Kenya,Eastern Africa,KARI Embu,-0.5,37.45,Common Bean,Common Bean-Potato,Abundance,Abundance,individuals/plant,Intercropping,Intercropping (N fixing mixed),Monoculture,2.3,5.122889809472775,40.0,5.3,8.348413022844522,40.0,0.8348,0.4313,130.4,1.0
MD_Jones_21_A glo_Sc_113,JA_Nyasa_12_Effec_En,MD_Jones_21_A glo_Sc,Nyasani et al. 2012,2012,10.1111/j.1570-7458.2011.01217.x,Entomologia Experimentalis et Applicata,Effect of intercrops on thrips species composition and population abundance on French beans in Kenya,Kenya,Eastern Africa,KARI Embu,-0.5,37.45,Common Bean,Common Bean-Baby corn-Sunflower,Abundance,Abundance,individuals/plant,Intercropping,Intercropping (N fixing mixed),Monoculture,2.3,5.122889809472775,40.0,8.5,11.447445129809534,40.0,1.3072,0.4115,269.6,1.0
MD_Jones_21_A glo_Sc_114,JA_Nyasa_12_Effec_En,MD_Jones_21_A glo_Sc,Nyasani et al. 2012,2012,10.1111/j.1570-7458.2011.01217.x,Entomologia Experimentalis et Applicata,Effect of intercrops on thrips species composition and population abundance on French beans in Kenya,Kenya,Eastern Africa,KARI Embu,-0.5,37.45,Common Bean,Common Bean-Potato-Sunflower,Abundance,Abundance,individuals/plant,Intercropping,Intercropping (N fixing mixed),Monoculture,2.3,5.122889809472775,40.0,3.1,6.134818660726656,40.0,0.2985,0.4711,34.8,1.0
MD_Jones_21_A glo_Sc_115,JA_Nyasa_12_Effec_En,MD_Jones_21_A glo_Sc,Nyasani et al. 2012,2012,10.1111/j.1570-7458.2011.01217.x,Entomologia Experimentalis et Applicata,Effect of intercrops on thrips species composition and population abundance on French beans in Kenya,Kenya,Eastern Africa,KARI Embu,-0.5,37.45,Common Bean,Common Bean-Sunflower,Abundance,Abundance,individuals/plant,Intercropping,Intercropping (N fixing mixed),Monoculture,3.2,6.008327554319921,40.0,4.3,7.1467475119805375,40.0,0.2955,0.3965,34.4,1.0
MD_Jones_21_A glo_Sc_116,JA_Nyasa_12_Effec_En,MD_Jones_21_A glo_Sc,Nyasani et al. 2012,2012,10.1111/j.1570-7458.2011.01217.x,Entomologia Experimentalis et Applicata,Effect of intercrops on thrips species composition and population abundance on French beans in Kenya,Kenya,Eastern Africa,KARI Embu,-0.5,37.45,Common Bean,Common Bean-Baby corn,Abundance,Abundance,individuals/plant,Intercropping,Intercropping (N fixing mixed),Monoculture,3.2,6.008327554319921,40.0,6.7,9.233850767691669,40.0,0.739,0.3683,109.4,1.0
MD_Jones_21_A glo_Sc_117,JA_Nyasa_12_Effec_En,MD_Jones_21_A glo_Sc,Nyasani et al. 2012,2012,10.1111/j.1570-7458.2011.01217.x,Entomologia Experimentalis et Applicata,Effect of intercrops on thrips species composition and population abundance on French beans in Kenya,Kenya,Eastern Africa,KARI Embu,-0.5,37.45,Common Bean,Common Bean-Potato,Abundance,Abundance,individuals/plant,Intercropping,Intercropping (N fixing mixed),Monoculture,3.2,6.008327554319921,40.0,5.4,8.221921916437788,40.0,0.5232,0.3822,68.8,1.0
MD_Jones_21_A glo_Sc_118,JA_Nyasa_12_Effec_En,MD_Jones_21_A glo_Sc,Nyasani et al. 2012,2012,10.1111/j.1570-7458.2011.01217.x,Entomologia Experimentalis et Applicata,Effect of intercrops on thrips species composition and population abundance on French beans in Kenya,Kenya,Eastern Africa,KARI Embu,-0.5,37.45,Common Bean,Common Bean-Baby corn-Sunflower,Abundance,Abundance,individuals/plant,Intercropping,Intercropping (N fixing mixed),Monoculture,3.2,6.008327554319921,40.0,10.7,12.522619534266783,40.0,1.2071,0.3498,234.4,1.0
MD_Jones_21_A glo_Sc_119,JA_Nyasa_12_Effec_En,MD_Jones_21_A glo_Sc,Nyasani et al. 2012,2012,10.1111/j.1570-7458.2011.01217.x,Entomologia Experimentalis et Applicata,Effect of intercrops on thrips species composition and population abundance on French beans in Kenya,Kenya,Eastern Africa,KARI Embu,-0.5,37.45,Common Bean,Common Bean-Potato-Sunflower,Abundance,Abundance,individuals/plant,Intercropping,Intercropping (N fixing mixed),Monoculture,3.2,6.008327554319921,40.0,3.7,6.514291979946862,40.0,0.1452,0.407,15.6,1.0
MD_Jones_21_A glo_Sc_120,JA_Nyasa_12_Effec_En,MD_Jones_21_A glo_Sc,Nyasani et al. 2012,2012,10.1111/j.1570-7458.2011.01217.x,Entomologia Experimentalis et Applicata,Effect of intercrops on thrips species composition and population abundance on French beans in Kenya,Kenya,Eastern Africa,KARI Embu,-0.5,37.45,Common Bean,Common Bean-Sunflower,Abundance,Abundance,individuals/plant,Intercropping,Intercropping (N fixing mixed),Monoculture,8.5,5.122889809472775,40.0,3.9,6.008327554319921,40.0,-0.7791,0.2616,-54.1,1.0
MD_Jones_21_A glo_Sc_121,JA_Nyasa_12_Effec_En,MD_Jones_21_A glo_Sc,Nyasani et al. 2012,2012,10.1111/j.1570-7458.2011.01217.x,Entomologia Experimentalis et Applicata,Effect of intercrops on thrips species composition and population abundance on French beans in Kenya,Kenya,Eastern Africa,KARI Embu,-0.5,37.45,Common Bean,Common Bean-Baby corn,Abundance,Abundance,individuals/plant,Intercropping,Intercropping (N fixing mixed),Monoculture,8.5,5.122889809472775,40.0,4.1,6.134818660726656,40.0,-0.7291,0.2551,-51.8,1.0
MD_Jones_21_A glo_Sc_122,JA_Nyasa_12_Effec_En,MD_Jones_21_A glo_Sc,Nyasani et al. 2012,2012,10.1111/j.1570-7458.2011.01217.x,Entomologia Experimentalis et Applicata,Effect of intercrops on thrips species composition and population abundance on French beans in Kenya,Kenya,Eastern Africa,KARI Embu,-0.5,37.45,Common Bean,Common Bean-Potato,Abundance,Abundance,individuals/plant,Intercropping,Intercropping (N fixing mixed),Monoculture,8.5,5.122889809472775,40.0,2.3,4.553679830642467,40.0,-1.3072,0.3272,-72.9,1.0
MD_Jones_21_A glo_Sc_123,JA_Nyasa_12_Effec_En,MD_Jones_21_A glo_Sc,Nyasani et al. 2012,2012,10.1111/j.1570-7458.2011.01217.x,Entomologia Experimentalis et Applicata,Effect of intercrops on thrips species composition and population abundance on French beans in Kenya,Kenya,Eastern Africa,KARI Embu,-0.5,37.45,Common Bean,Common Bean-Baby corn-Sunflower,Abundance,Abundance,individuals/plant,Intercropping,Intercropping (N fixing mixed),Monoculture,8.5,5.122889809472775,40.0,4.9,6.704028639556965,40.0,-0.5508,0.2364,-42.4,1.0
MD_Jones_21_A glo_Sc_124,JA_Nyasa_12_Effec_En,MD_Jones_21_A glo_Sc,Nyasani et al. 2012,2012,10.1111/j.1570-7458.2011.01217.x,Entomologia Experimentalis et Applicata,Effect of intercrops on thrips species composition and population abundance on French beans in Kenya,Kenya,Eastern Africa,KARI Embu,-0.5,37.45,Common Bean,Common Bean-Potato-Sunflower,Abundance,Abundance,individuals/plant,Intercropping,Intercropping (N fixing mixed),Monoculture,8.5,5.122889809472775,40.0,3.7,5.755345341506451,40.0,-0.8317,0.2638,-56.5,1.0
MD_Jones_21_A glo_Sc_125,JA_Nyasa_12_Effec_En,MD_Jones_21_A glo_Sc,Nyasani et al. 2012,2012,10.1111/j.1570-7458.2011.01217.x,Entomologia Experimentalis et Applicata,Effect of intercrops on thrips species composition and population abundance on French beans in Kenya,Kenya,Eastern Africa,KARI Embu,-0.5,37.45,Common Bean,Common Bean-Sunflower,Abundance,Abundance,individuals/plant,Intercropping,Intercropping (N fixing mixed),Monoculture,10.8,10.182534065742182,40.0,4.4,6.324555320336759,40.0,-0.8979,0.2718,-59.3,1.0
MD_Jones_21_A glo_Sc_126,JA_Nyasa_12_Effec_En,MD_Jones_21_A glo_Sc,Nyasani et al. 2012,2012,10.1111/j.1570-7458.2011.01217.x,Entomologia Experimentalis et Applicata,Effect of intercrops on thrips species composition and population abundance on French beans in Kenya,Kenya,Eastern Africa,KARI Embu,-0.5,37.45,Common Bean,Common Bean-Baby corn,Abundance,Abundance,individuals/plant,Intercropping,Intercropping (N fixing mixed),Monoculture,10.8,10.182534065742182,40.0,4.5,6.387800873540127,40.0,-0.8755,0.2694,-58.3,1.0
MD_Jones_21_A glo_Sc_127,JA_Nyasa_12_Effec_En,MD_Jones_21_A glo_Sc,Nyasani et al. 2012,2012,10.1111/j.1570-7458.2011.01217.x,Entomologia Experimentalis et Applicata,Effect of intercrops on thrips species composition and population abundance on French beans in Kenya,Kenya,Eastern Africa,KARI Embu,-0.5,37.45,Common Bean,Common Bean-Potato,Abundance,Abundance,individuals/plant,Intercropping,Intercropping (N fixing mixed),Monoculture,10.8,10.182534065742182,40.0,4.2,6.1980642139300235,40.0,-0.9445,0.2769,-61.1,1.0
MD_Jones_21_A glo_Sc_128,JA_Nyasa_12_Effec_En,MD_Jones_21_A glo_Sc,Nyasani et al. 2012,2012,10.1111/j.1570-7458.2011.01217.x,Entomologia Experimentalis et Applicata,Effect of intercrops on thrips species composition and population abundance on French beans in Kenya,Kenya,Eastern Africa,KARI Embu,-0.5,37.45,Common Bean,Common Bean-Baby corn-Sunflower,Abundance,Abundance,individuals/plant,Intercropping,Intercropping (N fixing mixed),Monoculture,10.8,10.182534065742182,40.0,5.7,7.209993065183904,40.0,-0.6391,0.2494,-47.2,1.0
MD_Jones_21_A glo_Sc_129,JA_Nyasa_12_Effec_En,MD_Jones_21_A glo_Sc,Nyasani et al. 2012,2012,10.1111/j.1570-7458.2011.01217.x,Entomologia Experimentalis et Applicata,Effect of intercrops on thrips species composition and population abundance on French beans in Kenya,Kenya,Eastern Africa,KARI Embu,-0.5,37.45,Common Bean,Common Bean-Potato-Sunflower,Abundance,Abundance,individuals/plant,Intercropping,Intercropping (N fixing mixed),Monoculture,10.8,10.182534065742182,40.0,4.3,6.261309767133391,40.0,-0.9209,0.2743,-60.2,1.0
MD_Jones_21_A glo_Sc_130,JA_Nyasa_12_Effec_En,MD_Jones_21_A glo_Sc,Nyasani et al. 2012,2012,10.1111/j.1570-7458.2011.01217.x,Entomologia Experimentalis et Applicata,Effect of intercrops on thrips species composition and population abundance on French beans in Kenya,Kenya,Eastern Africa,KARI Embu,-0.5,37.45,Common Bean,Common Bean-Sunflower,Abundance,Abundance,individuals/plant,Intercropping,Intercropping (N fixing mixed),Monoculture,137.0,135.97793938724033,40.0,116.2,115.7393623621627,40.0,-0.1647,0.2223,-15.2,1.0
MD_Jones_21_A glo_Sc_131,JA_Nyasa_12_Effec_En,MD_Jones_21_A glo_Sc,Nyasani et al. 2012,2012,10.1111/j.1570-7458.2011.01217.x,Entomologia Experimentalis et Applicata,Effect of intercrops on thrips species composition and population abundance on French beans in Kenya,Kenya,Eastern Africa,KARI Embu,-0.5,37.45,Common Bean,Common Bean-Baby corn,Abundance,Abundance,individuals/plant,Intercropping,Intercropping (N fixing mixed),Monoculture,137.0,135.97793938724033,40.0,111.2,111.31217363792697,40.0,-0.2087,0.2229,-18.8,1.0
MD_Jones_21_A glo_Sc_132,JA_Nyasa_12_Effec_En,MD_Jones_21_A glo_Sc,Nyasani et al. 2012,2012,10.1111/j.1570-7458.2011.01217.x,Entomologia Experimentalis et Applicata,Effect of intercrops on thrips species composition and population abundance on French beans in Kenya,Kenya,Eastern Africa,KARI Embu,-0.5,37.45,Common Bean,Common Bean-Potato,Abundance,Abundance,individuals/plant,Intercropping,Intercropping (N fixing mixed),Monoculture,137.0,135.97793938724033,40.0,58.7,60.71573107523288,40.0,-0.8475,0.2267,-57.2,1.0
MD_Jones_21_A glo_Sc_133,JA_Nyasa_12_Effec_En,MD_Jones_21_A glo_Sc,Nyasani et al. 2012,2012,10.1111/j.1570-7458.2011.01217.x,Entomologia Experimentalis et Applicata,Effect of intercrops on thrips species composition and population abundance on French beans in Kenya,Kenya,Eastern Africa,KARI Embu,-0.5,37.45,Common Bean,Common Bean-Baby corn-Sunflower,Abundance,Abundance,individuals/plant,Intercropping,Intercropping (N fixing mixed),Monoculture,137.0,135.97793938724033,40.0,100.2,100.56042959335447,40.0,-0.3128,0.2232,-26.9,1.0
MD_Jones_21_A glo_Sc_134,JA_Nyasa_12_Effec_En,MD_Jones_21_A glo_Sc,Nyasani et al. 2012,2012,10.1111/j.1570-7458.2011.01217.x,Entomologia Experimentalis et Applicata,Effect of intercrops on thrips species composition and population abundance on French beans in Kenya,Kenya,Eastern Africa,KARI Embu,-0.5,37.45,Common Bean,Common Bean-Potato-Sunflower,Abundance,Abundance,individuals/plant,Intercropping,Intercropping (N fixing mixed),Monoculture,137.0,135.97793938724033,40.0,51.0,53.126264690828776,40.0,-0.9882,0.2275,-62.8,1.0
MD_Jones_21_A glo_Sc_135,JA_Nyasa_12_Effec_En,MD_Jones_21_A glo_Sc,Nyasani et al. 2012,2012,10.1111/j.1570-7458.2011.01217.x,Entomologia Experimentalis et Applicata,Effect of intercrops on thrips species composition and population abundance on French beans in Kenya,Kenya,Eastern Africa,KARI Embu,-0.5,37.45,Common Bean,Common Bean-Sunflower,Abundance,Abundance,individuals/plant,Intercropping,Intercropping (N fixing mixed),Monoculture,26.5,41.10960958218893,40.0,8.5,15.17893276880822,40.0,-1.1371,0.374,-67.9,1.0
MD_Jones_21_A glo_Sc_136,JA_Nyasa_12_Effec_En,MD_Jones_21_A glo_Sc,Nyasani et al. 2012,2012,10.1111/j.1570-7458.2011.01217.x,Entomologia Experimentalis et Applicata,Effect of intercrops on thrips species composition and population abundance on French beans in Kenya,Kenya,Eastern Africa,KARI Embu,-0.5,37.45,Common Bean,Common Bean-Baby corn,Abundance,Abundance,individuals/plant,Intercropping,Intercropping (N fixing mixed),Monoculture,26.5,41.10960958218893,40.0,10.7,18.341210428976602,40.0,-0.9069,0.3655,-59.6,1.0
MD_Jones_21_A glo_Sc_137,JA_Nyasa_12_Effec_En,MD_Jones_21_A glo_Sc,Nyasani et al. 2012,2012,10.1111/j.1570-7458.2011.01217.x,Entomologia Experimentalis et Applicata,Effect of intercrops on thrips species composition and population abundance on French beans in Kenya,Kenya,Eastern Africa,KARI Embu,-0.5,37.45,Common Bean,Common Bean-Potato,Abundance,Abundance,individuals/plant,Intercropping,Intercropping (N fixing mixed),Monoculture,26.5,41.10960958218893,40.0,15.0,24.66576574931336,40.0,-0.5691,0.3574,-43.4,1.0
MD_Jones_21_A glo_Sc_138,JA_Nyasa_12_Effec_En,MD_Jones_21_A glo_Sc,Nyasani et al. 2012,2012,10.1111/j.1570-7458.2011.01217.x,Entomologia Experimentalis et Applicata,Effect of intercrops on thrips species composition and population abundance on French beans in Kenya,Kenya,Eastern Africa,KARI Embu,-0.5,37.45,Common Bean,Common Bean-Baby corn-Sunflower,Abundance,Abundance,individuals/plant,Intercropping,Intercropping (N fixing mixed),Monoculture,26.5,41.10960958218893,40.0,9.5,16.443843832875576,40.0,-1.0259,0.3675,-64.2,1.0
MD_Jones_21_A glo_Sc_139,JA_Nyasa_12_Effec_En,MD_Jones_21_A glo_Sc,Nyasani et al. 2012,2012,10.1111/j.1570-7458.2011.01217.x,Entomologia Experimentalis et Applicata,Effect of intercrops on thrips species composition and population abundance on French beans in Kenya,Kenya,Eastern Africa,KARI Embu,-0.5,37.45,Common Bean,Common Bean-Potato-Sunflower,Abundance,Abundance,individuals/plant,Intercropping,Intercropping (N fixing mixed),Monoculture,26.5,41.10960958218893,40.0,14.0,23.40085468524601,40.0,-0.6381,0.3606,-47.2,1.0
MD_Jones_21_A glo_Sc_140,JA_Ogol _99_Maize_Ag,MD_Jones_21_A glo_Sc,Ogol et al. 1999,1999,10.1016/S0167-8809(99)00077-8,"Agriculture, Ecosystems and Environment","Maize stem borer colonization, establishment and crop damage levels in a maize-leucaena agroforestry system in Kenya",Kenya,Eastern Africa,KARI Mtwapa,-3.9333,39.7333,Maize,Maize-Leucaena leucocephala,Abundance,Abundance,individuals/plot,Agroforestry,Alleycropping + Agroforestry (low diversity),Monoculture,107.372,22.664785019937867,5.0,80.341,15.10911132396608,5.0,-0.29,0.1264,-25.2,3.0
MD_Jones_21_A glo_Sc_141,JA_Ogol _99_Maize_Ag,MD_Jones_21_A glo_Sc,Ogol et al. 1999,1999,10.1016/S0167-8809(99)00077-8,"Agriculture, Ecosystems and Environment","Maize stem borer colonization, establishment and crop damage levels in a maize-leucaena agroforestry system in Kenya",Kenya,Eastern Africa,KARI Mtwapa,-3.9333,39.7333,Maize,Maize-Leucaena leucocephala,Abundance,Abundance,individuals/plot,Agroforestry,Alleycropping + Agroforestry (low diversity),Monoculture,107.372,22.664785019937867,5.0,87.099,10.073486238636553,5.0,-0.2093,0.1076,-18.9,3.0
MD_Jones_21_A glo_Sc_142,JA_Ogol _99_Maize_Ag,MD_Jones_21_A glo_Sc,Ogol et al. 1999,1999,10.1016/S0167-8809(99)00077-8,"Agriculture, Ecosystems and Environment","Maize stem borer colonization, establishment and crop damage levels in a maize-leucaena agroforestry system in Kenya",Kenya,Eastern Africa,KARI Mtwapa,-3.9333,39.7333,Maize,Maize-Leucaena leucocephala,Abundance,Abundance,individuals/plot,Agroforestry,Alleycropping + Agroforestry (low diversity),Monoculture,107.372,22.664785019937867,5.0,91.228,14.270585832403658,5.0,-0.1629,0.1175,-15.0,3.0
MD_Jones_21_A glo_Sc_143,JA_Ogol _99_Maize_Ag,MD_Jones_21_A glo_Sc,Ogol et al. 1999,1999,10.1016/S0167-8809(99)00077-8,"Agriculture, Ecosystems and Environment","Maize stem borer colonization, establishment and crop damage levels in a maize-leucaena agroforestry system in Kenya",Kenya,Eastern Africa,KARI Mtwapa,-3.9333,39.7333,Maize,Maize-Leucaena leucocephala,Abundance,Abundance,individuals/plot,Agroforestry,Alleycropping + Agroforestry (low diversity),Monoculture,107.372,22.664785019937867,5.0,75.085,14.270585832403658,5.0,-0.3577,0.127,-30.1,3.0
MD_Jones_21_A glo_Sc_144,JA_Ogol _99_Maize_Ag,MD_Jones_21_A glo_Sc,Ogol et al. 1999,1999,10.1016/S0167-8809(99)00077-8,"Agriculture, Ecosystems and Environment","Maize stem borer colonization, establishment and crop damage levels in a maize-leucaena agroforestry system in Kenya",Kenya,Eastern Africa,KARI Mtwapa,-3.9333,39.7333,Maize,Maize-Leucaena leucocephala,Abundance,Abundance,individuals/plot,Agroforestry,Alleycropping + Agroforestry (low diversity),Monoculture,107.372,22.664785019937867,5.0,82.218,10.073486238636553,5.0,-0.2669,0.1092,-23.4,3.0
MD_Jones_21_A glo_Sc_145,JA_Ogol _99_Maize_Ag,MD_Jones_21_A glo_Sc,Ogol et al. 1999,1999,10.1016/S0167-8809(99)00077-8,"Agriculture, Ecosystems and Environment","Maize stem borer colonization, establishment and crop damage levels in a maize-leucaena agroforestry system in Kenya",Kenya,Eastern Africa,KARI Mtwapa,-3.9333,39.7333,Maize,Maize-Leucaena leucocephala,Abundance,Abundance,individuals/plot,Agroforestry,Alleycropping + Agroforestry (low diversity),Monoculture,48.80952381,10.115545612924967,5.0,80.341,15.10911132396608,5.0,0.4984,0.1252,64.6,3.0
MD_Jones_21_A glo_Sc_146,JA_Ogol _99_Maize_Ag,MD_Jones_21_A glo_Sc,Ogol et al. 1999,1999,10.1016/S0167-8809(99)00077-8,"Agriculture, Ecosystems and Environment","Maize stem borer colonization, establishment and crop damage levels in a maize-leucaena agroforestry system in Kenya",Kenya,Eastern Africa,KARI Mtwapa,-3.9333,39.7333,Maize,Maize-Leucaena leucocephala,Abundance,Abundance,individuals/plot,Agroforestry,Alleycropping + Agroforestry (low diversity),Monoculture,48.80952381,10.115545612924967,5.0,87.099,10.073486238636553,5.0,0.5791,0.1061,78.4,3.0
MD_Jones_21_A glo_Sc_147,JA_Ogol _99_Maize_Ag,MD_Jones_21_A glo_Sc,Ogol et al. 1999,1999,10.1016/S0167-8809(99)00077-8,"Agriculture, Ecosystems and Environment","Maize stem borer colonization, establishment and crop damage levels in a maize-leucaena agroforestry system in Kenya",Kenya,Eastern Africa,KARI Mtwapa,-3.9333,39.7333,Maize,Maize-Leucaena leucocephala,Abundance,Abundance,individuals/plot,Agroforestry,Alleycropping + Agroforestry (low diversity),Monoculture,48.80952381,10.115545612924967,5.0,91.228,14.270585832403658,5.0,0.6254,0.1161,86.9,3.0
MD_Jones_21_A glo_Sc_148,JA_Ogol _99_Maize_Ag,MD_Jones_21_A glo_Sc,Ogol et al. 1999,1999,10.1016/S0167-8809(99)00077-8,"Agriculture, Ecosystems and Environment","Maize stem borer colonization, establishment and crop damage levels in a maize-leucaena agroforestry system in Kenya",Kenya,Eastern Africa,KARI Mtwapa,-3.9333,39.7333,Maize,Maize-Leucaena leucocephala,Abundance,Abundance,individuals/plot,Agroforestry,Alleycropping + Agroforestry (low diversity),Monoculture,48.80952381,10.115545612924967,5.0,75.085,14.270585832403658,5.0,0.4307,0.1258,53.8,3.0
MD_Jones_21_A glo_Sc_149,JA_Ogol _99_Maize_Ag,MD_Jones_21_A glo_Sc,Ogol et al. 1999,1999,10.1016/S0167-8809(99)00077-8,"Agriculture, Ecosystems and Environment","Maize stem borer colonization, establishment and crop damage levels in a maize-leucaena agroforestry system in Kenya",Kenya,Eastern Africa,KARI Mtwapa,-3.9333,39.7333,Maize,Maize-Leucaena leucocephala,Abundance,Abundance,individuals/plot,Agroforestry,Alleycropping + Agroforestry (low diversity),Monoculture,48.80952381,10.115545612924967,5.0,82.218,10.073486238636553,5.0,0.5214,0.1077,68.4,3.0
MD_Jones_21_A glo_Sc_150,JA_Perry_16_how n_Fo,MD_Jones_21_A glo_Sc,Perry et al. 2016,2016,10.3390/f7040082,Forests,how natural forest conversion affects insect biodiversity in the peruvian amazon: can agroforestry help?,Peru,South America,Pimental..Antonio Raimondi,-8.517,-74.767,Pineapple,Pineapple-Inga edulis,Abundance,Abundance,individuals,Agroforestry,Agroforestry (low diversity),Natural habitat,1348.0,,8.0,992.0,,31.0,-0.3067,,-26.4,2.0
MD_Jones_21_A glo_Sc_151,JA_Perry_16_how n_Fo,MD_Jones_21_A glo_Sc,Perry et al. 2016,2016,10.3390/f7040082,Forests,how natural forest conversion affects insect biodiversity in the peruvian amazon: can agroforestry help?,Peru,South America,"Porvenir, San Alejandro..Pimental",-8.817,-75.2,Cocoa,Cocoa-Inga sp.-Calycophyllum spruceanum-Dipteryx sp.-Tabebuia sp.,Abundance,Abundance,individuals,Agroforestry,Multistrata Agroforestry + Agroforestry (high diversity),Natural habitat,1348.0,,8.0,297.0,,32.0,-1.5126,,-78.0,2.0
MD_Jones_21_A glo_Sc_152,JA_Perry_16_how n_Fo,MD_Jones_21_A glo_Sc,Perry et al. 2016,2016,10.3390/f7040082,Forests,how natural forest conversion affects insect biodiversity in the peruvian amazon: can agroforestry help?,Peru,South America,"Porvenir, San Alejandro..Pimental..Antonio Raimondi",-8.817,-75.2,Cassava,Cassava,Abundance,Abundance,individuals,Monoculture,Monoculture,Natural habitat,1348.0,,8.0,277.0,,32.0,-1.5824,,-79.5,2.0
MD_Jones_21_A glo_Sc_153,JA_Perry_16_how n_Fo,MD_Jones_21_A glo_Sc,Perry et al. 2016,2016,10.3390/f7040082,Forests,how natural forest conversion affects insect biodiversity in the peruvian amazon: can agroforestry help?,Peru,South America,Pimental..Antonio Raimondi,-8.517,-74.767,Pineapple,Pineapple-Inga edulis,Abundance,Abundance,individuals,Agroforestry,Agroforestry (low diversity),Monoculture,277.0,,32.0,992.0,,31.0,1.2757,,258.1,2.0
MD_Jones_21_A glo_Sc_154,JA_Perry_16_how n_Fo,MD_Jones_21_A glo_Sc,Perry et al. 2016,2016,10.3390/f7040082,Forests,how natural forest conversion affects insect biodiversity in the peruvian amazon: can agroforestry help?,Peru,South America,"Porvenir, San Alejandro..Pimental",-8.817,-75.2,Cocoa,Cocoa-Inga sp.-Calycophyllum spruceanum-Dipteryx sp.-Tabebuia sp.,Abundance,Abundance,individuals,Agroforestry,Multistrata Agroforestry + Agroforestry (high diversity),Monoculture,277.0,,32.0,297.0,,32.0,0.0697,,7.2,2.0
MD_Jones_21_A glo_Sc_155,JA_Perry_16_how n_Fo,MD_Jones_21_A glo_Sc,Perry et al. 2016,2016,10.3390/f7040082,Forests,how natural forest conversion affects insect biodiversity in the peruvian amazon: can agroforestry help?,Peru,South America,"Porvenir, San Alejandro..Pimental..Antonio Raimondi",-8.817,-75.2,Cassava,Cassava,Abundance,Abundance,individuals,Conventional Tillage,Conventional Tillage,Zero Tillage,207.0,,32.0,277.0,,32.0,0.2913,,33.8,2.0
MD_Jones_21_A glo_Sc_156,JA_Perry_16_how n_Fo,MD_Jones_21_A glo_Sc,Perry et al. 2016,2016,10.3390/f7040082,Forests,how natural forest conversion affects insect biodiversity in the peruvian amazon: can agroforestry help?,Peru,South America,Pimental..Antonio Raimondi,-8.517,-74.767,Pineapple,Pineapple-Inga edulis,Richness,Species Richness,species/sample,Agroforestry,Agroforestry (low diversity),Natural habitat,109.0,21.0,8.0,18.8,3.16,31.0,-1.7575,0.0745,-82.8,2.0
MD_Jones_21_A glo_Sc_157,JA_Perry_16_how n_Fo,MD_Jones_21_A glo_Sc,Perry et al. 2016,2016,10.3390/f7040082,Forests,how natural forest conversion affects insect biodiversity in the peruvian amazon: can agroforestry help?,Peru,South America,"Porvenir, San Alejandro..Pimental",-8.817,-75.2,Cocoa,Cocoa-Inga sp.-Calycophyllum spruceanum-Dipteryx sp.-Tabebuia sp.,Richness,Species Richness,species/sample,Agroforestry,Multistrata Agroforestry + Agroforestry (high diversity),Natural habitat,109.0,21.0,8.0,6.72,1.22,32.0,-2.7863,0.0753,-93.8,2.0
MD_Jones_21_A glo_Sc_158,JA_Perry_16_how n_Fo,MD_Jones_21_A glo_Sc,Perry et al. 2016,2016,10.3390/f7040082,Forests,how natural forest conversion affects insect biodiversity in the peruvian amazon: can agroforestry help?,Peru,South America,"Porvenir, San Alejandro..Pimental..Antonio Raimondi",-8.817,-75.2,Cassava,Cassava,Richness,Species Richness,species/sample,Monoculture,Monoculture,Natural habitat,109.0,21.0,8.0,4.13,0.71,32.0,-3.2731,0.0746,-96.2,2.0
MD_Jones_21_A glo_Sc_159,JA_Perry_16_how n_Fo,MD_Jones_21_A glo_Sc,Perry et al. 2016,2016,10.3390/f7040082,Forests,how natural forest conversion affects insect biodiversity in the peruvian amazon: can agroforestry help?,Peru,South America,Pimental..Antonio Raimondi,-8.517,-74.767,Pineapple,Pineapple-Inga edulis,Richness,Species Richness,species/sample,Agroforestry,Agroforestry (low diversity),Monoculture,4.13,0.71,32.0,18.8,3.16,31.0,1.5156,0.0428,355.2,2.0
MD_Jones_21_A glo_Sc_160,JA_Perry_16_how n_Fo,MD_Jones_21_A glo_Sc,Perry et al. 2016,2016,10.3390/f7040082,Forests,how natural forest conversion affects insect biodiversity in the peruvian amazon: can agroforestry help?,Peru,South America,"Porvenir, San Alejandro..Pimental",-8.817,-75.2,Cocoa,Cocoa-Inga sp.-Calycophyllum spruceanum-Dipteryx sp.-Tabebuia sp.,Richness,Species Richness,species/sample,Agroforestry,Multistrata Agroforestry + Agroforestry (high diversity),Monoculture,4.13,0.71,32.0,6.72,1.22,32.0,0.4868,0.0442,62.7,2.0
MD_Jones_21_A glo_Sc_161,JA_Perry_16_how n_Fo,MD_Jones_21_A glo_Sc,Perry et al. 2016,2016,10.3390/f7040082,Forests,how natural forest conversion affects insect biodiversity in the peruvian amazon: can agroforestry help?,Peru,South America,"Porvenir, San Alejandro..Pimental..Antonio Raimondi",-8.817,-75.2,Cassava,Cassava,Richness,Species Richness,species/sample,Conventional Tillage,Conventional Tillage,Zero Tillage,3.06,0.76,32.0,4.13,0.71,32.0,0.2999,0.0534,35.0,2.0
MD_Jones_21_A glo_Sc_162,JA_Perry_16_how n_Fo,MD_Jones_21_A glo_Sc,Perry et al. 2016,2016,10.3390/f7040082,Forests,how natural forest conversion affects insect biodiversity in the peruvian amazon: can agroforestry help?,Peru,South America,Pimental..Antonio Raimondi,-8.517,-74.767,Pineapple,Pineapple-Inga edulis,Richness Estimator,Jack-knife Species Richness,n/sample,Agroforestry,Agroforestry (low diversity),Natural habitat,148.0,28.4,8.0,24.4,4.1,31.0,-1.8026,0.0743,-83.5,2.0
MD_Jones_21_A glo_Sc_163,JA_Perry_16_how n_Fo,MD_Jones_21_A glo_Sc,Perry et al. 2016,2016,10.3390/f7040082,Forests,how natural forest conversion affects insect biodiversity in the peruvian amazon: can agroforestry help?,Peru,South America,"Porvenir, San Alejandro..Pimental",-8.817,-75.2,Cocoa,Cocoa-Inga sp.-Calycophyllum spruceanum-Dipteryx sp.-Tabebuia sp.,Richness Estimator,Jack-knife Species Richness,n/sample,Agroforestry,Multistrata Agroforestry + Agroforestry (high diversity),Natural habitat,148.0,28.4,8.0,8.38,1.62,32.0,-2.8714,0.076,-94.3,2.0
MD_Jones_21_A glo_Sc_164,JA_Perry_16_how n_Fo,MD_Jones_21_A glo_Sc,Perry et al. 2016,2016,10.3390/f7040082,Forests,how natural forest conversion affects insect biodiversity in the peruvian amazon: can agroforestry help?,Peru,South America,"Porvenir, San Alejandro..Pimental..Antonio Raimondi",-8.817,-75.2,Cassava,Cassava,Richness Estimator,Jack-knife Species Richness,n/sample,Monoculture,Monoculture,Natural habitat,148.0,28.4,8.0,4.72,1.11,32.0,-3.4454,0.0796,-96.8,2.0
MD_Jones_21_A glo_Sc_165,JA_Perry_16_how n_Fo,MD_Jones_21_A glo_Sc,Perry et al. 2016,2016,10.3390/f7040082,Forests,how natural forest conversion affects insect biodiversity in the peruvian amazon: can agroforestry help?,Peru,South America,Pimental..Antonio Raimondi,-8.517,-74.767,Pineapple,Pineapple-Inga edulis,Richness Estimator,Jack-knife Species Richness,n/sample,Agroforestry,Agroforestry (low diversity),Monoculture,4.72,1.11,32.0,24.4,4.1,31.0,1.6428,0.0514,416.9,2.0
MD_Jones_21_A glo_Sc_166,JA_Perry_16_how n_Fo,MD_Jones_21_A glo_Sc,Perry et al. 2016,2016,10.3390/f7040082,Forests,how natural forest conversion affects insect biodiversity in the peruvian amazon: can agroforestry help?,Peru,South America,"Porvenir, San Alejandro..Pimental",-8.817,-75.2,Cocoa,Cocoa-Inga sp.-Calycophyllum spruceanum-Dipteryx sp.-Tabebuia sp.,Richness Estimator,Jack-knife Species Richness,n/sample,Agroforestry,Multistrata Agroforestry + Agroforestry (high diversity),Monoculture,4.72,1.11,32.0,8.38,1.62,32.0,0.574,0.0538,77.5,2.0
MD_Jones_21_A glo_Sc_167,JA_Perry_16_how n_Fo,MD_Jones_21_A glo_Sc,Perry et al. 2016,2016,10.3390/f7040082,Forests,how natural forest conversion affects insect biodiversity in the peruvian amazon: can agroforestry help?,Peru,South America,"Porvenir, San Alejandro..Pimental..Antonio Raimondi",-8.817,-75.2,Cassava,Cassava,Richness Estimator,Jack-knife Species Richness,n/sample,Conventional Tillage,Conventional Tillage,Zero Tillage,3.34,0.9,32.0,4.72,1.11,32.0,0.3458,0.0632,41.3,2.0
MD_Jones_21_A glo_Sc_168,JA_Perry_16_how n_Fo,MD_Jones_21_A glo_Sc,Perry et al. 2016,2016,10.3390/f7040082,Forests,how natural forest conversion affects insect biodiversity in the peruvian amazon: can agroforestry help?,Peru,South America,Pimental..Antonio Raimondi,-8.517,-74.767,Pineapple,Pineapple-Inga edulis,Diversity Index,Shannon-Wiener Index,Index,Agroforestry,Agroforestry (low diversity),Natural habitat,0.648,0.155,8.0,0.181,0.033,31.0,-1.2754,0.0907,-72.1,2.0
MD_Jones_21_A glo_Sc_169,JA_Perry_16_how n_Fo,MD_Jones_21_A glo_Sc,Perry et al. 2016,2016,10.3390/f7040082,Forests,how natural forest conversion affects insect biodiversity in the peruvian amazon: can agroforestry help?,Peru,South America,"Porvenir, San Alejandro..Pimental",-8.817,-75.2,Cocoa,Cocoa-Inga sp.-Calycophyllum spruceanum-Dipteryx sp.-Tabebuia sp.,Diversity Index,Shannon-Wiener Index,Index,Agroforestry,Multistrata Agroforestry + Agroforestry (high diversity),Natural habitat,0.648,0.155,8.0,0.166,0.04,32.0,-1.3619,0.0947,-74.4,2.0
MD_Jones_21_A glo_Sc_170,JA_Perry_16_how n_Fo,MD_Jones_21_A glo_Sc,Perry et al. 2016,2016,10.3390/f7040082,Forests,how natural forest conversion affects insect biodiversity in the peruvian amazon: can agroforestry help?,Peru,South America,"Porvenir, San Alejandro..Pimental..Antonio Raimondi",-8.817,-75.2,Cassava,Cassava,Diversity Index,Shannon-Wiener Index,Index,Monoculture,Monoculture,Natural habitat,0.648,0.155,8.0,0.141,0.027,32.0,-1.5251,0.0911,-78.2,2.0
MD_Jones_21_A glo_Sc_171,JA_Perry_16_how n_Fo,MD_Jones_21_A glo_Sc,Perry et al. 2016,2016,10.3390/f7040082,Forests,how natural forest conversion affects insect biodiversity in the peruvian amazon: can agroforestry help?,Peru,South America,Pimental..Antonio Raimondi,-8.517,-74.767,Pineapple,Pineapple-Inga edulis,Diversity Index,Shannon-Wiener Index,Index,Agroforestry,Agroforestry (low diversity),Monoculture,0.141,0.027,32.0,0.181,0.033,31.0,0.2497,0.0471,28.4,2.0
MD_Jones_21_A glo_Sc_172,JA_Perry_16_how n_Fo,MD_Jones_21_A glo_Sc,Perry et al. 2016,2016,10.3390/f7040082,Forests,how natural forest conversion affects insect biodiversity in the peruvian amazon: can agroforestry help?,Peru,South America,"Porvenir, San Alejandro..Pimental",-8.817,-75.2,Cocoa,Cocoa-Inga sp.-Calycophyllum spruceanum-Dipteryx sp.-Tabebuia sp.,Diversity Index,Shannon-Wiener Index,Index,Agroforestry,Multistrata Agroforestry + Agroforestry (high diversity),Monoculture,0.141,0.027,32.0,0.166,0.04,32.0,0.1632,0.0544,17.7,2.0
MD_Jones_21_A glo_Sc_173,JA_Perry_16_how n_Fo,MD_Jones_21_A glo_Sc,Perry et al. 2016,2016,10.3390/f7040082,Forests,how natural forest conversion affects insect biodiversity in the peruvian amazon: can agroforestry help?,Peru,South America,"Porvenir, San Alejandro..Pimental..Antonio Raimondi",-8.817,-75.2,Cassava,Cassava,Diversity Index,Shannon-Wiener Index,Index,Conventional Tillage,Conventional Tillage,Zero Tillage,0.139,0.029,32.0,0.141,0.027,32.0,0.0143,0.0501,1.4,2.0
MD_Jones_21_A glo_Sc_174,JA_Perry_16_how n_Fo,MD_Jones_21_A glo_Sc,Perry et al. 2016,2016,10.3390/f7040082,Forests,how natural forest conversion affects insect biodiversity in the peruvian amazon: can agroforestry help?,Peru,South America,Pimental..Antonio Raimondi,-8.517,-74.767,Pineapple,Pineapple-Inga edulis,Diversity Index,Simpson Index,Index,Agroforestry,Agroforestry (low diversity),Natural habitat,0.909,0.031,8.0,0.883,0.018,31.0,-0.029,0.0126,-2.9,2.0
MD_Jones_21_A glo_Sc_175,JA_Perry_16_how n_Fo,MD_Jones_21_A glo_Sc,Perry et al. 2016,2016,10.3390/f7040082,Forests,how natural forest conversion affects insect biodiversity in the peruvian amazon: can agroforestry help?,Peru,South America,"Porvenir, San Alejandro..Pimental",-8.817,-75.2,Cocoa,Cocoa-Inga sp.-Calycophyllum spruceanum-Dipteryx sp.-Tabebuia sp.,Diversity Index,Simpson Index,Index,Agroforestry,Multistrata Agroforestry + Agroforestry (high diversity),Natural habitat,0.909,0.031,8.0,0.808,0.066,32.0,-0.1178,0.0188,-11.1,2.0
MD_Jones_21_A glo_Sc_176,JA_Perry_16_how n_Fo,MD_Jones_21_A glo_Sc,Perry et al. 2016,2016,10.3390/f7040082,Forests,how natural forest conversion affects insect biodiversity in the peruvian amazon: can agroforestry help?,Peru,South America,"Porvenir, San Alejandro..Pimental..Antonio Raimondi",-8.817,-75.2,Cassava,Cassava,Diversity Index,Simpson Index,Index,Monoculture,Monoculture,Natural habitat,0.909,0.031,8.0,0.606,0.081,32.0,-0.4055,0.0265,-33.3,2.0
MD_Jones_21_A glo_Sc_177,JA_Perry_16_how n_Fo,MD_Jones_21_A glo_Sc,Perry et al. 2016,2016,10.3390/f7040082,Forests,how natural forest conversion affects insect biodiversity in the peruvian amazon: can agroforestry help?,Peru,South America,Pimental..Antonio Raimondi,-8.517,-74.767,Pineapple,Pineapple-Inga edulis,Diversity Index,Simpson Index,Index,Agroforestry,Agroforestry (low diversity),Monoculture,0.606,0.081,32.0,0.883,0.018,31.0,0.3764,0.0239,45.7,2.0
MD_Jones_21_A glo_Sc_178,JA_Perry_16_how n_Fo,MD_Jones_21_A glo_Sc,Perry et al. 2016,2016,10.3390/f7040082,Forests,how natural forest conversion affects insect biodiversity in the peruvian amazon: can agroforestry help?,Peru,South America,"Porvenir, San Alejandro..Pimental",-8.817,-75.2,Cocoa,Cocoa-Inga sp.-Calycophyllum spruceanum-Dipteryx sp.-Tabebuia sp.,Diversity Index,Simpson Index,Index,Agroforestry,Multistrata Agroforestry + Agroforestry (high diversity),Monoculture,0.606,0.081,32.0,0.808,0.066,32.0,0.2877,0.0277,33.3,2.0
MD_Jones_21_A glo_Sc_179,JA_Perry_16_how n_Fo,MD_Jones_21_A glo_Sc,Perry et al. 2016,2016,10.3390/f7040082,Forests,how natural forest conversion affects insect biodiversity in the peruvian amazon: can agroforestry help?,Peru,South America,"Porvenir, San Alejandro..Pimental..Antonio Raimondi",-8.817,-75.2,Cassava,Cassava,Diversity Index,Simpson Index,Index,Conventional Tillage,Conventional Tillage,Zero Tillage,0.554,0.082,32.0,0.606,0.081,32.0,0.0897,0.0353,9.4,2.0
MD_Jones_21_A glo_Sc_180,JA_Sauce_14_diver_PL,MD_Jones_21_A glo_Sc,Saucedo-García et al. 2014,2014,10.1371/journal.pone.0098454,PLoS ONE,"diversity and communities of foliar endophytic fungi from different agroecosystems of coffea arabica l. in two regions of veracruz, mexico",Mexico,Central America,"Huatusco, Veracruz",19.1819,-96.9245,Coffee,Coffee-Citrus-Inga sp.-Quercus sartorii-Myrsine coriacea-Trema micrantha-Heliocarpus sp.,Diversity Index,Shannon Index,Index,No Fertilizers Applied,No Fertilizers Applied,External input dependency,2.07,0.1341640786499874,20.0,2.4,0.1341640786499874,20.0,0.1479,0.0191,15.9,0.08333333333333333
MD_Jones_21_A glo_Sc_181,JA_Sauce_14_diver_PL,MD_Jones_21_A glo_Sc,Saucedo-García et al. 2014,2014,10.1371/journal.pone.0098454,PLoS ONE,"diversity and communities of foliar endophytic fungi from different agroecosystems of coffea arabica l. in two regions of veracruz, mexico",Mexico,Central America,"Coatepec, Veracruz",19.4551,-96.9265,Coffee,Coffee-Citrus-Inga sp.-Quercus sartorii-Myrsine coriacea-Trema micrantha-Heliocarpus sp.,Diversity Index,Shannon Index,Index,No Fertilizers Applied,No Fertilizers Applied,External input dependency,2.13,0.13076696830622023,19.0,2.08,0.1341640786499874,20.0,-0.0238,0.0202,-2.3,0.08333333333333333
MD_Jones_21_A glo_Sc_182,JA_Sauce_14_diver_PL,MD_Jones_21_A glo_Sc,Saucedo-García et al. 2014,2014,10.1371/journal.pone.0098454,PLoS ONE,"diversity and communities of foliar endophytic fungi from different agroecosystems of coffea arabica l. in two regions of veracruz, mexico",Mexico,Central America,"Huatusco, Veracruz",19.1819,-96.9245,Coffee,Coffee-Citrus-Inga sp.-Quercus sartorii-Myrsine coriacea-Trema micrantha-Heliocarpus sp.,Richness,Species Richness,n species,No Fertilizers Applied,No Fertilizers Applied,External input dependency,4.15,1.1627553482998907,20.0,5.1,1.788854381999832,20.0,0.2061,0.1004,22.9,0.08333333333333333
MD_Jones_21_A glo_Sc_183,JA_Sauce_14_diver_PL,MD_Jones_21_A glo_Sc,Saucedo-García et al. 2014,2014,10.1371/journal.pone.0098454,PLoS ONE,"diversity and communities of foliar endophytic fungi from different agroecosystems of coffea arabica l. in two regions of veracruz, mexico",Mexico,Central America,"Coatepec, Veracruz",19.4551,-96.9265,Coffee,Coffee-Citrus-Inga sp.-Quercus sartorii-Myrsine coriacea-Trema micrantha-Heliocarpus sp.,Richness,Species Richness,n species,No Fertilizers Applied,No Fertilizers Applied,External input dependency,3.32,1.5256146302392357,19.0,3.7,1.1627553482998907,20.0,0.1084,0.1267,11.4,0.08333333333333333
MD_Jones_21_A glo_Sc_184,JA_Sauce_14_diver_PL,MD_Jones_21_A glo_Sc,Saucedo-García et al. 2014,2014,10.1371/journal.pone.0098454,PLoS ONE,"diversity and communities of foliar endophytic fungi from different agroecosystems of coffea arabica l. in two regions of veracruz, mexico",Mexico,Central America,"Huatusco, Veracruz",19.1819,-96.9245,Coffee,Coffee-Citrus-Inga sp.-Quercus sartorii-Myrsine coriacea-Trema micrantha-Heliocarpus sp.,Abundance,Colonisation percent,proportion,No Fertilizers Applied,No Fertilizers Applied,External input dependency,0.8,0.223606797749979,20.0,0.88,0.17888543819998318,20.0,0.0953,0.0773,10.0,0.08333333333333333
MD_Jones_21_A glo_Sc_185,JA_Sauce_14_diver_PL,MD_Jones_21_A glo_Sc,Saucedo-García et al. 2014,2014,10.1371/journal.pone.0098454,PLoS ONE,"diversity and communities of foliar endophytic fungi from different agroecosystems of coffea arabica l. in two regions of veracruz, mexico",Mexico,Central America,"Coatepec, Veracruz",19.4551,-96.9265,Coffee,Coffee-Citrus-Inga sp.-Quercus sartorii-Myrsine coriacea-Trema micrantha-Heliocarpus sp.,Abundance,Colonisation percent,proportion,No Fertilizers Applied,No Fertilizers Applied,External input dependency,0.57,0.21794494717703372,19.0,0.73,0.223606797749979,20.0,0.2474,0.1113,28.1,0.08333333333333333
MD_Jones_21_A glo_Sc_186,JA_Sauce_14_diver_PL,MD_Jones_21_A glo_Sc,Saucedo-García et al. 2014,2014,10.1371/journal.pone.0098454,PLoS ONE,"diversity and communities of foliar endophytic fungi from different agroecosystems of coffea arabica l. in two regions of veracruz, mexico",Mexico,Central America,"Huatusco, Veracruz",19.1819,-96.9245,Coffee,Coffee-Citrus-Inga sp.-Quercus sartorii-Myrsine coriacea-Trema micrantha-Heliocarpus sp.,Diversity Index,Fisher Alpha,Unitless,No Fertilizers Applied,No Fertilizers Applied,External input dependency,5.05,0.447213595499958,20.0,6.53,0.6708203932499369,20.0,0.257,0.0303,29.3,0.08333333333333333
MD_Jones_21_A glo_Sc_187,JA_Sauce_14_diver_PL,MD_Jones_21_A glo_Sc,Saucedo-García et al. 2014,2014,10.1371/journal.pone.0098454,PLoS ONE,"diversity and communities of foliar endophytic fungi from different agroecosystems of coffea arabica l. in two regions of veracruz, mexico",Mexico,Central America,"Coatepec, Veracruz",19.4551,-96.9265,Coffee,Coffee-Citrus-Inga sp.-Quercus sartorii-Myrsine coriacea-Trema micrantha-Heliocarpus sp.,Diversity Index,Fisher Alpha,Unitless,No Fertilizers Applied,No Fertilizers Applied,External input dependency,5.73,0.4794788837894741,19.0,5.7,0.35777087639996635,20.0,-0.0052,0.0238,-0.5,0.08333333333333333
MD_Jones_21_A glo_Sc_188,JA_Siles_08_Mixed_So,MD_Jones_21_A glo_Sc,Sileshi et al. 2008,2008,10.1016/j.soilbio.2008.09.007,Soil Biology and Biochemistry,Mixed-species legume fallows affect faunal abundance and richness and N cycling compared to single species in maize-fallow rotations,Zambia,Southern Africa,Msekera RS,-13.65,32.5667,Maize/Pigeon Pea,Maize/Pigeon Pea,Abundance,Abundance,individuals/plot,Improved Fallow,Improved Fallow (N fixing),Monoculture,0.23445063,0.44999999999999996,9.0,2.21760009,3.69,9.0,2.2469,0.8467,845.9,8.0
MD_Jones_21_A glo_Sc_189,JA_Siles_08_Mixed_So,MD_Jones_21_A glo_Sc,Sileshi et al. 2008,2008,10.1016/j.soilbio.2008.09.007,Soil Biology and Biochemistry,Mixed-species legume fallows affect faunal abundance and richness and N cycling compared to single species in maize-fallow rotations,Zambia,Southern Africa,Msekera RS,-13.65,32.5667,Maize/Pigeon Pea,Maize/Pigeon Pea-Sesbania sesban,Abundance,Abundance,individuals/plot,Improved Fallow,Woody Fallow (N fixing),Monoculture,0.23445063,0.44999999999999996,9.0,1.56301699,1.41,9.0,1.8971,0.7069,566.7,8.0
MD_Jones_21_A glo_Sc_190,JA_Siles_08_Mixed_So,MD_Jones_21_A glo_Sc,Sileshi et al. 2008,2008,10.1016/j.soilbio.2008.09.007,Soil Biology and Biochemistry,Mixed-species legume fallows affect faunal abundance and richness and N cycling compared to single species in maize-fallow rotations,Zambia,Southern Africa,Msekera RS,-13.65,32.5667,Maize/Tephrosia vogelii,Maize/Tephrosia vogelii,Abundance,Abundance,individuals/plot,Improved Fallow,Woody Fallow (N fixing),Monoculture,0.23445063,0.44999999999999996,9.0,1.50286114,1.83,9.0,1.8579,0.7577,541.0,8.0
MD_Jones_21_A glo_Sc_191,JA_Siles_08_Mixed_So,MD_Jones_21_A glo_Sc,Sileshi et al. 2008,2008,10.1016/j.soilbio.2008.09.007,Soil Biology and Biochemistry,Mixed-species legume fallows affect faunal abundance and richness and N cycling compared to single species in maize-fallow rotations,Zambia,Southern Africa,Msekera RS,-13.65,32.5667,Maize/Sesbania sesban,Maize/Sesbania sesban-Tephrosia vogelii,Abundance,Abundance,individuals/plot,Improved Fallow,Woody Fallow (N fixing),Monoculture,0.23445063,0.44999999999999996,9.0,1.10833996,1.5,9.0,1.5534,0.7828,372.7,8.0
MD_Jones_21_A glo_Sc_192,JA_Siles_08_Mixed_So,MD_Jones_21_A glo_Sc,Sileshi et al. 2008,2008,10.1016/j.soilbio.2008.09.007,Soil Biology and Biochemistry,Mixed-species legume fallows affect faunal abundance and richness and N cycling compared to single species in maize-fallow rotations,Zambia,Southern Africa,Msekera RS,-13.65,32.5667,Maize/Sesbania sesban,Maize/Sesbania sesban,Abundance,Abundance,individuals/plot,Improved Fallow,Woody Fallow (N fixing),Monoculture,0.23445063,0.44999999999999996,9.0,0.78816053,0.81,9.0,1.2125,0.7257,236.2,8.0
MD_Jones_21_A glo_Sc_193,JA_Siles_08_Mixed_So,MD_Jones_21_A glo_Sc,Sileshi et al. 2008,2008,10.1016/j.soilbio.2008.09.007,Soil Biology and Biochemistry,Mixed-species legume fallows affect faunal abundance and richness and N cycling compared to single species in maize-fallow rotations,Zambia,Southern Africa,Msekera RS,-13.65,32.5667,Maize/Grass Unspecified/Native legumes,Maize/Grass Unspecified/Native legumes,Abundance,Abundance,individuals/plot,Improved Fallow,Improved Fallow (N fixing),Monoculture,0.23445063,0.44999999999999996,9.0,0.69081463,0.9299999999999999,9.0,1.0806,0.7815,194.7,8.0
MD_Jones_21_A glo_Sc_194,JA_Siles_08_Mixed_So,MD_Jones_21_A glo_Sc,Sileshi et al. 2008,2008,10.1016/j.soilbio.2008.09.007,Soil Biology and Biochemistry,Mixed-species legume fallows affect faunal abundance and richness and N cycling compared to single species in maize-fallow rotations,Zambia,Southern Africa,Msekera RS,-13.65,32.5667,Maize/Pigeon Pea,Maize/Pigeon Pea,Abundance,Abundance,individuals/plot,Improved Fallow,Improved Fallow (N fixing),Monoculture,0.20710059,0.6900000000000001,9.0,2.22633136,3.18,9.0,2.3749,1.2083,975.0,8.0
MD_Jones_21_A glo_Sc_195,JA_Siles_08_Mixed_So,MD_Jones_21_A glo_Sc,Sileshi et al. 2008,2008,10.1016/j.soilbio.2008.09.007,Soil Biology and Biochemistry,Mixed-species legume fallows affect faunal abundance and richness and N cycling compared to single species in maize-fallow rotations,Zambia,Southern Africa,Msekera RS,-13.65,32.5667,Maize/Pigeon Pea,Maize/Pigeon Pea-Sesbania sesban,Abundance,Abundance,individuals/plot,Improved Fallow,Woody Fallow (N fixing),Monoculture,0.20710059,0.6900000000000001,9.0,0.5591716,0.99,9.0,0.9933,1.2576,170.0,8.0
MD_Jones_21_A glo_Sc_196,JA_Siles_08_Mixed_So,MD_Jones_21_A glo_Sc,Sileshi et al. 2008,2008,10.1016/j.soilbio.2008.09.007,Soil Biology and Biochemistry,Mixed-species legume fallows affect faunal abundance and richness and N cycling compared to single species in maize-fallow rotations,Zambia,Southern Africa,Msekera RS,-13.65,32.5667,Maize/Tephrosia vogelii,Maize/Tephrosia vogelii,Abundance,Abundance,individuals/plot,Improved Fallow,Woody Fallow (N fixing),Monoculture,0.20710059,0.6900000000000001,9.0,0.48668639,0.9299999999999999,9.0,0.8544,1.2803,135.0,8.0
MD_Jones_21_A glo_Sc_197,JA_Siles_08_Mixed_So,MD_Jones_21_A glo_Sc,Sileshi et al. 2008,2008,10.1016/j.soilbio.2008.09.007,Soil Biology and Biochemistry,Mixed-species legume fallows affect faunal abundance and richness and N cycling compared to single species in maize-fallow rotations,Zambia,Southern Africa,Msekera RS,-13.65,32.5667,Maize/Sesbania sesban,Maize/Sesbania sesban-Tephrosia vogelii,Abundance,Abundance,individuals/plot,Improved Fallow,Woody Fallow (N fixing),Monoculture,0.20710059,0.6900000000000001,9.0,0.69378698,0.9299999999999999,9.0,1.209,1.1971,235.0,8.0
MD_Jones_21_A glo_Sc_198,JA_Siles_08_Mixed_So,MD_Jones_21_A glo_Sc,Sileshi et al. 2008,2008,10.1016/j.soilbio.2008.09.007,Soil Biology and Biochemistry,Mixed-species legume fallows affect faunal abundance and richness and N cycling compared to single species in maize-fallow rotations,Zambia,Southern Africa,Msekera RS,-13.65,32.5667,Maize/Sesbania sesban,Maize/Sesbania sesban,Abundance,Abundance,individuals/plot,Improved Fallow,Woody Fallow (N fixing),Monoculture,0.20710059,0.6900000000000001,9.0,0.77662722,1.41,9.0,1.3218,1.2648,275.0,8.0
MD_Jones_21_A glo_Sc_199,JA_Siles_08_Mixed_So,MD_Jones_21_A glo_Sc,Sileshi et al. 2008,2008,10.1016/j.soilbio.2008.09.007,Soil Biology and Biochemistry,Mixed-species legume fallows affect faunal abundance and richness and N cycling compared to single species in maize-fallow rotations,Zambia,Southern Africa,Msekera RS,-13.65,32.5667,Maize/Grass Unspecified/Native legumes,Maize/Grass Unspecified/Native legumes,Abundance,Abundance,individuals/plot,Improved Fallow,Improved Fallow (N fixing),Monoculture,0.20710059,0.6900000000000001,9.0,0.11390533,0.27,9.0,-0.5978,1.363,-45.0,8.0
MD_Jones_21_A glo_Sc_200,JA_Siles_08_Mixed_So,MD_Jones_21_A glo_Sc,Sileshi et al. 2008,2008,10.1016/j.soilbio.2008.09.007,Soil Biology and Biochemistry,Mixed-species legume fallows affect faunal abundance and richness and N cycling compared to single species in maize-fallow rotations,Zambia,Southern Africa,Msekera RS,-13.65,32.5667,Maize/Pigeon Pea,Maize/Pigeon Pea,Abundance,Abundance,individuals/plot,Improved Fallow,Improved Fallow (N fixing),Monoculture,3.59882006,4.59,9.0,1.6519174,3.18,9.0,-0.7787,0.7697,-54.1,8.0
MD_Jones_21_A glo_Sc_201,JA_Siles_08_Mixed_So,MD_Jones_21_A glo_Sc,Sileshi et al. 2008,2008,10.1016/j.soilbio.2008.09.007,Soil Biology and Biochemistry,Mixed-species legume fallows affect faunal abundance and richness and N cycling compared to single species in maize-fallow rotations,Zambia,Southern Africa,Msekera RS,-13.65,32.5667,Maize/Pigeon Pea,Maize/Pigeon Pea-Sesbania sesban,Abundance,Abundance,individuals/plot,Improved Fallow,Woody Fallow (N fixing),Monoculture,3.59882006,4.59,9.0,13.5693215,15.39,9.0,1.3272,0.5689,277.0,8.0
MD_Jones_21_A glo_Sc_202,JA_Siles_08_Mixed_So,MD_Jones_21_A glo_Sc,Sileshi et al. 2008,2008,10.1016/j.soilbio.2008.09.007,Soil Biology and Biochemistry,Mixed-species legume fallows affect faunal abundance and richness and N cycling compared to single species in maize-fallow rotations,Zambia,Southern Africa,Msekera RS,-13.65,32.5667,Maize/Tephrosia vogelii,Maize/Tephrosia vogelii,Abundance,Abundance,individuals/plot,Improved Fallow,Woody Fallow (N fixing),Monoculture,3.59882006,4.59,9.0,7.02064897,6.029999999999999,9.0,0.6682,0.5126,95.1,8.0
MD_Jones_21_A glo_Sc_203,JA_Siles_08_Mixed_So,MD_Jones_21_A glo_Sc,Sileshi et al. 2008,2008,10.1016/j.soilbio.2008.09.007,Soil Biology and Biochemistry,Mixed-species legume fallows affect faunal abundance and richness and N cycling compared to single species in maize-fallow rotations,Zambia,Southern Africa,Msekera RS,-13.65,32.5667,Maize/Sesbania sesban,Maize/Sesbania sesban-Tephrosia vogelii,Abundance,Abundance,individuals/plot,Improved Fallow,Woody Fallow (N fixing),Monoculture,3.59882006,4.59,9.0,5.01474926,4.949999999999999,9.0,0.3318,0.5376,39.3,8.0
MD_Jones_21_A glo_Sc_204,JA_Siles_08_Mixed_So,MD_Jones_21_A glo_Sc,Sileshi et al. 2008,2008,10.1016/j.soilbio.2008.09.007,Soil Biology and Biochemistry,Mixed-species legume fallows affect faunal abundance and richness and N cycling compared to single species in maize-fallow rotations,Zambia,Southern Africa,Msekera RS,-13.65,32.5667,Maize/Sesbania sesban,Maize/Sesbania sesban,Abundance,Abundance,individuals/plot,Improved Fallow,Woody Fallow (N fixing),Monoculture,3.59882006,4.59,9.0,2.41887906,4.7700000000000005,9.0,-0.3973,0.7828,-32.8,8.0
MD_Jones_21_A glo_Sc_205,JA_Siles_08_Mixed_So,MD_Jones_21_A glo_Sc,Sileshi et al. 2008,2008,10.1016/j.soilbio.2008.09.007,Soil Biology and Biochemistry,Mixed-species legume fallows affect faunal abundance and richness and N cycling compared to single species in maize-fallow rotations,Zambia,Southern Africa,Msekera RS,-13.65,32.5667,Maize/Grass Unspecified/Native legumes,Maize/Grass Unspecified/Native legumes,Abundance,Abundance,individuals/plot,Improved Fallow,Improved Fallow (N fixing),Monoculture,3.59882006,4.59,9.0,12.0943953,16.98,9.0,1.2121,0.6323,236.1,8.0
MD_Jones_21_A glo_Sc_206,JA_Siles_08_Mixed_So,MD_Jones_21_A glo_Sc,Sileshi et al. 2008,2008,10.1016/j.soilbio.2008.09.007,Soil Biology and Biochemistry,Mixed-species legume fallows affect faunal abundance and richness and N cycling compared to single species in maize-fallow rotations,Zambia,Southern Africa,Msekera RS,-13.65,32.5667,Maize/Pigeon Pea,Maize/Pigeon Pea,Abundance,Abundance,individuals/plot,Improved Fallow,Improved Fallow (N fixing),Monoculture,0.77710843,1.08,9.0,1.22891566,1.0499999999999998,9.0,0.4583,0.5438,58.1,8.0
MD_Jones_21_A glo_Sc_207,JA_Siles_08_Mixed_So,MD_Jones_21_A glo_Sc,Sileshi et al. 2008,2008,10.1016/j.soilbio.2008.09.007,Soil Biology and Biochemistry,Mixed-species legume fallows affect faunal abundance and richness and N cycling compared to single species in maize-fallow rotations,Zambia,Southern Africa,Msekera RS,-13.65,32.5667,Maize/Pigeon Pea,Maize/Pigeon Pea-Sesbania sesban,Abundance,Abundance,individuals/plot,Improved Fallow,Woody Fallow (N fixing),Monoculture,0.77710843,1.08,9.0,1.11144578,1.02,9.0,0.3578,0.5551,43.0,8.0
MD_Jones_21_A glo_Sc_208,JA_Siles_08_Mixed_So,MD_Jones_21_A glo_Sc,Sileshi et al. 2008,2008,10.1016/j.soilbio.2008.09.007,Soil Biology and Biochemistry,Mixed-species legume fallows affect faunal abundance and richness and N cycling compared to single species in maize-fallow rotations,Zambia,Southern Africa,Msekera RS,-13.65,32.5667,Maize/Tephrosia vogelii,Maize/Tephrosia vogelii,Abundance,Abundance,individuals/plot,Improved Fallow,Woody Fallow (N fixing),Monoculture,0.77710843,1.08,9.0,1.99698795,1.47,9.0,0.9438,0.5242,157.0,8.0
MD_Jones_21_A glo_Sc_209,JA_Siles_08_Mixed_So,MD_Jones_21_A glo_Sc,Sileshi et al. 2008,2008,10.1016/j.soilbio.2008.09.007,Soil Biology and Biochemistry,Mixed-species legume fallows affect faunal abundance and richness and N cycling compared to single species in maize-fallow rotations,Zambia,Southern Africa,Msekera RS,-13.65,32.5667,Maize/Sesbania sesban,Maize/Sesbania sesban-Tephrosia vogelii,Abundance,Abundance,individuals/plot,Improved Fallow,Woody Fallow (N fixing),Monoculture,0.77710843,1.08,9.0,0.9939759,0.63,9.0,0.2461,0.5092,27.9,8.0
MD_Jones_21_A glo_Sc_210,JA_Siles_08_Mixed_So,MD_Jones_21_A glo_Sc,Sileshi et al. 2008,2008,10.1016/j.soilbio.2008.09.007,Soil Biology and Biochemistry,Mixed-species legume fallows affect faunal abundance and richness and N cycling compared to single species in maize-fallow rotations,Zambia,Southern Africa,Msekera RS,-13.65,32.5667,Maize/Sesbania sesban,Maize/Sesbania sesban,Abundance,Abundance,individuals/plot,Improved Fallow,Woody Fallow (N fixing),Monoculture,0.77710843,1.08,9.0,1.77108434,1.71,9.0,0.8238,0.5641,127.9,8.0
MD_Jones_21_A glo_Sc_211,JA_Siles_08_Mixed_So,MD_Jones_21_A glo_Sc,Sileshi et al. 2008,2008,10.1016/j.soilbio.2008.09.007,Soil Biology and Biochemistry,Mixed-species legume fallows affect faunal abundance and richness and N cycling compared to single species in maize-fallow rotations,Zambia,Southern Africa,Msekera RS,-13.65,32.5667,Maize/Grass Unspecified/Native legumes,Maize/Grass Unspecified/Native legumes,Abundance,Abundance,individuals/plot,Improved Fallow,Improved Fallow (N fixing),Monoculture,0.77710843,1.08,9.0,0.10843373,0.36,9.0,-1.9694,1.1997,-86.0,8.0
MD_Jones_21_A glo_Sc_212,JA_Siles_08_Mixed_So,MD_Jones_21_A glo_Sc,Sileshi et al. 2008,2008,10.1016/j.soilbio.2008.09.007,Soil Biology and Biochemistry,Mixed-species legume fallows affect faunal abundance and richness and N cycling compared to single species in maize-fallow rotations,Zambia,Southern Africa,Msekera RS,-13.65,32.5667,Maize/Pigeon Pea,Maize/Pigeon Pea,Abundance,Abundance,individuals/plot,Improved Fallow,Improved Fallow (N fixing),Monoculture,0.22272727,0.44999999999999996,9.0,0.0,,9.0,,,-100.0,8.0
MD_Jones_21_A glo_Sc_213,JA_Siles_08_Mixed_So,MD_Jones_21_A glo_Sc,Sileshi et al. 2008,2008,10.1016/j.soilbio.2008.09.007,Soil Biology and Biochemistry,Mixed-species legume fallows affect faunal abundance and richness and N cycling compared to single species in maize-fallow rotations,Zambia,Southern Africa,Msekera RS,-13.65,32.5667,Maize/Pigeon Pea,Maize/Pigeon Pea-Sesbania sesban,Abundance,Abundance,individuals/plot,Improved Fallow,Woody Fallow (N fixing),Monoculture,0.22272727,0.44999999999999996,9.0,0.0,,9.0,,,-100.0,8.0
MD_Jones_21_A glo_Sc_214,JA_Siles_08_Mixed_So,MD_Jones_21_A glo_Sc,Sileshi et al. 2008,2008,10.1016/j.soilbio.2008.09.007,Soil Biology and Biochemistry,Mixed-species legume fallows affect faunal abundance and richness and N cycling compared to single species in maize-fallow rotations,Zambia,Southern Africa,Msekera RS,-13.65,32.5667,Maize/Tephrosia vogelii,Maize/Tephrosia vogelii,Abundance,Abundance,individuals/plot,Improved Fallow,Woody Fallow (N fixing),Monoculture,0.22272727,0.44999999999999996,9.0,0.1,0.30000000000000004,9.0,-0.8008,1.2056,-55.1,8.0
MD_Jones_21_A glo_Sc_215,JA_Siles_08_Mixed_So,MD_Jones_21_A glo_Sc,Sileshi et al. 2008,2008,10.1016/j.soilbio.2008.09.007,Soil Biology and Biochemistry,Mixed-species legume fallows affect faunal abundance and richness and N cycling compared to single species in maize-fallow rotations,Zambia,Southern Africa,Msekera RS,-13.65,32.5667,Maize/Sesbania sesban,Maize/Sesbania sesban-Tephrosia vogelii,Abundance,Abundance,individuals/plot,Improved Fallow,Woody Fallow (N fixing),Monoculture,0.22272727,0.44999999999999996,9.0,0.1,0.30000000000000004,9.0,-0.8008,1.2056,-55.1,8.0
MD_Jones_21_A glo_Sc_216,JA_Siles_08_Mixed_So,MD_Jones_21_A glo_Sc,Sileshi et al. 2008,2008,10.1016/j.soilbio.2008.09.007,Soil Biology and Biochemistry,Mixed-species legume fallows affect faunal abundance and richness and N cycling compared to single species in maize-fallow rotations,Zambia,Southern Africa,Msekera RS,-13.65,32.5667,Maize/Sesbania sesban,Maize/Sesbania sesban,Abundance,Abundance,individuals/plot,Improved Fallow,Woody Fallow (N fixing),Monoculture,0.22272727,0.44999999999999996,9.0,0.22424242,0.44999999999999996,9.0,0.0068,0.9492,0.7,8.0
MD_Jones_21_A glo_Sc_217,JA_Siles_08_Mixed_So,MD_Jones_21_A glo_Sc,Sileshi et al. 2008,2008,10.1016/j.soilbio.2008.09.007,Soil Biology and Biochemistry,Mixed-species legume fallows affect faunal abundance and richness and N cycling compared to single species in maize-fallow rotations,Zambia,Southern Africa,Msekera RS,-13.65,32.5667,Maize/Grass Unspecified/Native legumes,Maize/Grass Unspecified/Native legumes,Abundance,Abundance,individuals/plot,Improved Fallow,Improved Fallow (N fixing),Monoculture,0.22272727,0.44999999999999996,9.0,0.22424242,0.44999999999999996,9.0,0.0068,0.9492,0.7,8.0
MD_Jones_21_A glo_Sc_218,JA_Sjogr_10_Effec_Jo,MD_Jones_21_A glo_Sc,Sjogren et al. 2010,2010,10.1007/s11676-010-0085-0,Journal of Forestry Research,Effects of improved fallow with Sesbania sesban on maize productivity and Striga hermonthica infestation in Western Kenya,Kenya,Eastern Africa,"Central Bunyore, Vihiga District",0.1,34.5667,Maize/Sesbania sesban,Maize/Sesbania sesban,Abundance,Abundance,10^3 plants/ha,Agroforestry,Alleycropping,Monoculture,39.0,18.0,4.0,54.0,12.0,4.0,0.3254,0.2561,38.5,4.0
MD_Jones_21_A glo_Sc_219,JA_Sjogr_10_Effec_Jo,MD_Jones_21_A glo_Sc,Sjogren et al. 2010,2010,10.1007/s11676-010-0085-0,Journal of Forestry Research,Effects of improved fallow with Sesbania sesban on maize productivity and Striga hermonthica infestation in Western Kenya,Kenya,Eastern Africa,"Central Bunyore, Vihiga District",0.1,34.5667,Maize/Sesbania sesban,Maize/Sesbania sesban,Abundance,Abundance,10^3 plants/ha,Agroforestry,Alleycropping,Monoculture,39.0,18.0,4.0,41.0,24.0,4.0,0.05,0.3727,5.1,4.0
MD_Jones_21_A glo_Sc_220,JA_Sjogr_10_Effec_Jo,MD_Jones_21_A glo_Sc,Sjogren et al. 2010,2010,10.1007/s11676-010-0085-0,Journal of Forestry Research,Effects of improved fallow with Sesbania sesban on maize productivity and Striga hermonthica infestation in Western Kenya,Kenya,Eastern Africa,"Central Bunyore, Vihiga District",0.1,34.5667,Maize,Maize,Abundance,Abundance,10^3 plants/ha,Bare Fallow,Bare Fallow,Monoculture,39.0,18.0,4.0,30.0,6.0,4.0,-0.2624,0.2515,-23.1,4.0
MD_Jones_21_A glo_Sc_221,JA_Sjogr_10_Effec_Jo,MD_Jones_21_A glo_Sc,Sjogren et al. 2010,2010,10.1007/s11676-010-0085-0,Journal of Forestry Research,Effects of improved fallow with Sesbania sesban on maize productivity and Striga hermonthica infestation in Western Kenya,Kenya,Eastern Africa,"Central Bunyore, Vihiga District",0.1,34.5667,Maize,Maize,Abundance,Abundance,10^3 plants/ha,Bare Fallow,Bare Fallow,Monoculture,39.0,18.0,4.0,32.0,8.0,4.0,-0.1978,0.2624,-17.9,4.0
MD_Jones_21_A glo_Sc_222,JA_Sjogr_10_Effec_Jo,MD_Jones_21_A glo_Sc,Sjogren et al. 2010,2010,10.1007/s11676-010-0085-0,Journal of Forestry Research,Effects of improved fallow with Sesbania sesban on maize productivity and Striga hermonthica infestation in Western Kenya,Kenya,Eastern Africa,"Central Bunyore, Vihiga District",0.1,34.5667,Maize,Maize,Abundance,Abundance,10^3 plants/ha,No Fertilizers Applied,No Fertilizers Applied,External input dependency,14.0,10.0,4.0,39.0,18.0,4.0,1.0245,0.4252,178.6,4.0
MD_Jones_21_A glo_Sc_223,JA_Sjogr_10_Effec_Jo,MD_Jones_21_A glo_Sc,Sjogren et al. 2010,2010,10.1007/s11676-010-0085-0,Journal of Forestry Research,Effects of improved fallow with Sesbania sesban on maize productivity and Striga hermonthica infestation in Western Kenya,Kenya,Eastern Africa,"Central Bunyore, Vihiga District",0.1,34.5667,Maize/Sesbania sesban,Maize/Sesbania sesban,Abundance,Abundance,10^3 plants/ha,Agroforestry,Alleycropping,Monoculture,14.0,10.0,4.0,54.0,12.0,4.0,1.3499,0.374,285.7,4.0
MD_Jones_21_A glo_Sc_224,JA_Sjogr_10_Effec_Jo,MD_Jones_21_A glo_Sc,Sjogren et al. 2010,2010,10.1007/s11676-010-0085-0,Journal of Forestry Research,Effects of improved fallow with Sesbania sesban on maize productivity and Striga hermonthica infestation in Western Kenya,Kenya,Eastern Africa,"Central Bunyore, Vihiga District",0.1,34.5667,Maize/Sesbania sesban,Maize/Sesbania sesban,Abundance,Abundance,10^3 plants/ha,Agroforestry,Alleycropping,Monoculture,14.0,10.0,4.0,41.0,24.0,4.0,1.0745,0.4618,192.9,4.0
MD_Jones_21_A glo_Sc_225,JA_Sjogr_10_Effec_Jo,MD_Jones_21_A glo_Sc,Sjogren et al. 2010,2010,10.1007/s11676-010-0085-0,Journal of Forestry Research,Effects of improved fallow with Sesbania sesban on maize productivity and Striga hermonthica infestation in Western Kenya,Kenya,Eastern Africa,"Central Bunyore, Vihiga District",0.1,34.5667,Maize,Maize,Abundance,Abundance,10^3 plants/ha,Bare Fallow,Bare Fallow,Monoculture,14.0,10.0,4.0,30.0,6.0,4.0,0.7621,0.3709,114.3,4.0
MD_Jones_21_A glo_Sc_226,JA_Sjogr_10_Effec_Jo,MD_Jones_21_A glo_Sc,Sjogren et al. 2010,2010,10.1007/s11676-010-0085-0,Journal of Forestry Research,Effects of improved fallow with Sesbania sesban on maize productivity and Striga hermonthica infestation in Western Kenya,Kenya,Eastern Africa,"Central Bunyore, Vihiga District",0.1,34.5667,Maize,Maize,Abundance,Abundance,10^3 plants/ha,Bare Fallow,Bare Fallow,Monoculture,14.0,10.0,4.0,32.0,8.0,4.0,0.8267,0.3784,128.6,4.0
MD_Jones_21_A glo_Sc_227,JA_Sjogr_10_Effec_Jo,MD_Jones_21_A glo_Sc,Sjogren et al. 2010,2010,10.1007/s11676-010-0085-0,Journal of Forestry Research,Effects of improved fallow with Sesbania sesban on maize productivity and Striga hermonthica infestation in Western Kenya,Kenya,Eastern Africa,"Central Bunyore, Vihiga District",0.1,34.5667,Maize/Sesbania sesban,Maize/Sesbania sesban,Abundance,Abundance,10^3 plants/ha,Agroforestry,Alleycropping,Monoculture,12.0,8.0,4.0,18.0,10.0,4.0,0.4055,0.4339,50.0,4.0
MD_Jones_21_A glo_Sc_228,JA_Sjogr_10_Effec_Jo,MD_Jones_21_A glo_Sc,Sjogren et al. 2010,2010,10.1007/s11676-010-0085-0,Journal of Forestry Research,Effects of improved fallow with Sesbania sesban on maize productivity and Striga hermonthica infestation in Western Kenya,Kenya,Eastern Africa,"Central Bunyore, Vihiga District",0.1,34.5667,Maize/Sesbania sesban,Maize/Sesbania sesban,Abundance,Abundance,10^3 plants/ha,Agroforestry,Alleycropping,Monoculture,12.0,8.0,4.0,12.0,4.0,4.0,0.0,0.3727,0.0,4.0
MD_Jones_21_A glo_Sc_229,JA_Sjogr_10_Effec_Jo,MD_Jones_21_A glo_Sc,Sjogren et al. 2010,2010,10.1007/s11676-010-0085-0,Journal of Forestry Research,Effects of improved fallow with Sesbania sesban on maize productivity and Striga hermonthica infestation in Western Kenya,Kenya,Eastern Africa,"Central Bunyore, Vihiga District",0.1,34.5667,Maize,Maize,Abundance,Abundance,10^3 plants/ha,Bare Fallow,Bare Fallow,Monoculture,12.0,8.0,4.0,14.0,10.0,4.0,0.1542,0.4885,16.7,4.0
MD_Jones_21_A glo_Sc_230,JA_Sjogr_10_Effec_Jo,MD_Jones_21_A glo_Sc,Sjogren et al. 2010,2010,10.1007/s11676-010-0085-0,Journal of Forestry Research,Effects of improved fallow with Sesbania sesban on maize productivity and Striga hermonthica infestation in Western Kenya,Kenya,Eastern Africa,"Central Bunyore, Vihiga District",0.1,34.5667,Maize,Maize,Abundance,Abundance,10^3 plants/ha,Bare Fallow,Bare Fallow,Monoculture,12.0,8.0,4.0,10.0,6.0,4.0,-0.1823,0.4485,-16.7,4.0
MD_Jones_21_A glo_Sc_231,JA_Sjogr_10_Effec_Jo,MD_Jones_21_A glo_Sc,Sjogren et al. 2010,2010,10.1007/s11676-010-0085-0,Journal of Forestry Research,Effects of improved fallow with Sesbania sesban on maize productivity and Striga hermonthica infestation in Western Kenya,Kenya,Eastern Africa,"Central Bunyore, Vihiga District",0.1,34.5667,Maize,Maize,Abundance,Abundance,10^3 plants/ha,No Fertilizers Applied,No Fertilizers Applied,External input dependency,5.0,6.0,4.0,12.0,8.0,4.0,0.8755,0.6864,140.0,4.0
MD_Jones_21_A glo_Sc_232,JA_Sjogr_10_Effec_Jo,MD_Jones_21_A glo_Sc,Sjogren et al. 2010,2010,10.1007/s11676-010-0085-0,Journal of Forestry Research,Effects of improved fallow with Sesbania sesban on maize productivity and Striga hermonthica infestation in Western Kenya,Kenya,Eastern Africa,"Central Bunyore, Vihiga District",0.1,34.5667,Maize/Sesbania sesban,Maize/Sesbania sesban,Abundance,Abundance,10^3 plants/ha,Agroforestry,Alleycropping,Monoculture,5.0,6.0,4.0,18.0,10.0,4.0,1.2809,0.6612,260.0,4.0
MD_Jones_21_A glo_Sc_233,JA_Sjogr_10_Effec_Jo,MD_Jones_21_A glo_Sc,Sjogren et al. 2010,2010,10.1007/s11676-010-0085-0,Journal of Forestry Research,Effects of improved fallow with Sesbania sesban on maize productivity and Striga hermonthica infestation in Western Kenya,Kenya,Eastern Africa,"Central Bunyore, Vihiga District",0.1,34.5667,Maize/Sesbania sesban,Maize/Sesbania sesban,Abundance,Abundance,10^3 plants/ha,Agroforestry,Alleycropping,Monoculture,5.0,6.0,4.0,12.0,4.0,4.0,0.8755,0.6227,140.0,4.0
MD_Jones_21_A glo_Sc_234,JA_Sjogr_10_Effec_Jo,MD_Jones_21_A glo_Sc,Sjogren et al. 2010,2010,10.1007/s11676-010-0085-0,Journal of Forestry Research,Effects of improved fallow with Sesbania sesban on maize productivity and Striga hermonthica infestation in Western Kenya,Kenya,Eastern Africa,"Central Bunyore, Vihiga District",0.1,34.5667,Maize,Maize,Abundance,Abundance,10^3 plants/ha,Bare Fallow,Bare Fallow,Monoculture,5.0,6.0,4.0,14.0,10.0,4.0,1.0296,0.6982,180.0,4.0
MD_Jones_21_A glo_Sc_235,JA_Sjogr_10_Effec_Jo,MD_Jones_21_A glo_Sc,Sjogren et al. 2010,2010,10.1007/s11676-010-0085-0,Journal of Forestry Research,Effects of improved fallow with Sesbania sesban on maize productivity and Striga hermonthica infestation in Western Kenya,Kenya,Eastern Africa,"Central Bunyore, Vihiga District",0.1,34.5667,Maize,Maize,Abundance,Abundance,10^3 plants/ha,Bare Fallow,Bare Fallow,Monoculture,5.0,6.0,4.0,10.0,6.0,4.0,0.6931,0.6708,100.0,4.0
MD_Jones_21_A glo_Sc_236,JA_Sjogr_10_Effec_Jo,MD_Jones_21_A glo_Sc,Sjogren et al. 2010,2010,10.1007/s11676-010-0085-0,Journal of Forestry Research,Effects of improved fallow with Sesbania sesban on maize productivity and Striga hermonthica infestation in Western Kenya,Kenya,Eastern Africa,"Central Bunyore, Vihiga District",0.1,34.5667,Maize/Sesbania sesban,Maize/Sesbania sesban,Abundance,Abundance,seeds/kg soil,Agroforestry,Alleycropping,Monoculture,50.0,40.0,4.0,48.0,48.0,4.0,-0.0408,0.6403,-4.0,4.0
MD_Jones_21_A glo_Sc_237,JA_Sjogr_10_Effec_Jo,MD_Jones_21_A glo_Sc,Sjogren et al. 2010,2010,10.1007/s11676-010-0085-0,Journal of Forestry Research,Effects of improved fallow with Sesbania sesban on maize productivity and Striga hermonthica infestation in Western Kenya,Kenya,Eastern Africa,"Central Bunyore, Vihiga District",0.1,34.5667,Maize/Sesbania sesban,Maize/Sesbania sesban,Abundance,Abundance,seeds/kg soil,Agroforestry,Alleycropping,Monoculture,50.0,40.0,4.0,63.0,32.0,4.0,0.2311,0.4738,26.0,4.0
MD_Jones_21_A glo_Sc_238,JA_Sjogr_10_Effec_Jo,MD_Jones_21_A glo_Sc,Sjogren et al. 2010,2010,10.1007/s11676-010-0085-0,Journal of Forestry Research,Effects of improved fallow with Sesbania sesban on maize productivity and Striga hermonthica infestation in Western Kenya,Kenya,Eastern Africa,"Central Bunyore, Vihiga District",0.1,34.5667,Maize,Maize,Abundance,Abundance,seeds/kg soil,Bare Fallow,Bare Fallow,Monoculture,50.0,40.0,4.0,34.0,14.0,4.0,-0.3857,0.4499,-32.0,4.0
MD_Jones_21_A glo_Sc_239,JA_Sjogr_10_Effec_Jo,MD_Jones_21_A glo_Sc,Sjogren et al. 2010,2010,10.1007/s11676-010-0085-0,Journal of Forestry Research,Effects of improved fallow with Sesbania sesban on maize productivity and Striga hermonthica infestation in Western Kenya,Kenya,Eastern Africa,"Central Bunyore, Vihiga District",0.1,34.5667,Maize,Maize,Abundance,Abundance,seeds/kg soil,Bare Fallow,Bare Fallow,Monoculture,50.0,40.0,4.0,146.0,160.0,4.0,1.0716,0.6784,192.0,4.0
MD_Jones_21_A glo_Sc_240,JA_Sjogr_10_Effec_Jo,MD_Jones_21_A glo_Sc,Sjogren et al. 2010,2010,10.1007/s11676-010-0085-0,Journal of Forestry Research,Effects of improved fallow with Sesbania sesban on maize productivity and Striga hermonthica infestation in Western Kenya,Kenya,Eastern Africa,"Central Bunyore, Vihiga District",0.1,34.5667,Maize,Maize,Abundance,Abundance,seeds/kg soil,No Fertilizers Applied,No Fertilizers Applied,External input dependency,94.0,138.0,4.0,50.0,40.0,4.0,-0.6313,0.836,-46.8,4.0
MD_Jones_21_A glo_Sc_241,JA_Sjogr_10_Effec_Jo,MD_Jones_21_A glo_Sc,Sjogren et al. 2010,2010,10.1007/s11676-010-0085-0,Journal of Forestry Research,Effects of improved fallow with Sesbania sesban on maize productivity and Striga hermonthica infestation in Western Kenya,Kenya,Eastern Africa,"Central Bunyore, Vihiga District",0.1,34.5667,Maize/Sesbania sesban,Maize/Sesbania sesban,Abundance,Abundance,seeds/kg soil,Agroforestry,Alleycropping,Monoculture,94.0,138.0,4.0,48.0,48.0,4.0,-0.6721,0.8882,-48.9,4.0
MD_Jones_21_A glo_Sc_242,JA_Sjogr_10_Effec_Jo,MD_Jones_21_A glo_Sc,Sjogren et al. 2010,2010,10.1007/s11676-010-0085-0,Journal of Forestry Research,Effects of improved fallow with Sesbania sesban on maize productivity and Striga hermonthica infestation in Western Kenya,Kenya,Eastern Africa,"Central Bunyore, Vihiga District",0.1,34.5667,Maize/Sesbania sesban,Maize/Sesbania sesban,Abundance,Abundance,seeds/kg soil,Agroforestry,Alleycropping,Monoculture,94.0,138.0,4.0,63.0,32.0,4.0,-0.4002,0.7767,-33.0,4.0
MD_Jones_21_A glo_Sc_243,JA_Sjogr_10_Effec_Jo,MD_Jones_21_A glo_Sc,Sjogren et al. 2010,2010,10.1007/s11676-010-0085-0,Journal of Forestry Research,Effects of improved fallow with Sesbania sesban on maize productivity and Striga hermonthica infestation in Western Kenya,Kenya,Eastern Africa,"Central Bunyore, Vihiga District",0.1,34.5667,Maize,Maize,Abundance,Abundance,seeds/kg soil,Bare Fallow,Bare Fallow,Monoculture,94.0,138.0,4.0,34.0,14.0,4.0,-1.0169,0.7624,-63.8,4.0
MD_Jones_21_A glo_Sc_244,JA_Sjogr_10_Effec_Jo,MD_Jones_21_A glo_Sc,Sjogren et al. 2010,2010,10.1007/s11676-010-0085-0,Journal of Forestry Research,Effects of improved fallow with Sesbania sesban on maize productivity and Striga hermonthica infestation in Western Kenya,Kenya,Eastern Africa,"Central Bunyore, Vihiga District",0.1,34.5667,Maize,Maize,Abundance,Abundance,seeds/kg soil,Bare Fallow,Bare Fallow,Monoculture,94.0,138.0,4.0,146.0,160.0,4.0,0.4403,0.916,55.3,4.0
MD_Jones_21_A glo_Sc_245,JA_Sjogr_10_Effec_Jo,MD_Jones_21_A glo_Sc,Sjogren et al. 2010,2010,10.1007/s11676-010-0085-0,Journal of Forestry Research,Effects of improved fallow with Sesbania sesban on maize productivity and Striga hermonthica infestation in Western Kenya,Kenya,Eastern Africa,"Central Bunyore, Vihiga District",0.1,34.5667,Maize/Sesbania sesban,Maize/Sesbania sesban,Abundance,Abundance,seeds/kg soil,Agroforestry,Alleycropping,Monoculture,57.0,14.0,4.0,55.0,42.0,4.0,-0.0357,0.4011,-3.5,4.0
MD_Jones_21_A glo_Sc_246,JA_Sjogr_10_Effec_Jo,MD_Jones_21_A glo_Sc,Sjogren et al. 2010,2010,10.1007/s11676-010-0085-0,Journal of Forestry Research,Effects of improved fallow with Sesbania sesban on maize productivity and Striga hermonthica infestation in Western Kenya,Kenya,Eastern Africa,"Central Bunyore, Vihiga District",0.1,34.5667,Maize/Sesbania sesban,Maize/Sesbania sesban,Abundance,Abundance,seeds/kg soil,Agroforestry,Alleycropping,Monoculture,57.0,14.0,4.0,111.0,118.0,4.0,0.6665,0.5455,94.7,4.0
MD_Jones_21_A glo_Sc_247,JA_Sjogr_10_Effec_Jo,MD_Jones_21_A glo_Sc,Sjogren et al. 2010,2010,10.1007/s11676-010-0085-0,Journal of Forestry Research,Effects of improved fallow with Sesbania sesban on maize productivity and Striga hermonthica infestation in Western Kenya,Kenya,Eastern Africa,"Central Bunyore, Vihiga District",0.1,34.5667,Maize,Maize,Abundance,Abundance,seeds/kg soil,Bare Fallow,Bare Fallow,Monoculture,57.0,14.0,4.0,99.0,68.0,4.0,0.5521,0.3647,73.7,4.0
MD_Jones_21_A glo_Sc_248,JA_Sjogr_10_Effec_Jo,MD_Jones_21_A glo_Sc,Sjogren et al. 2010,2010,10.1007/s11676-010-0085-0,Journal of Forestry Research,Effects of improved fallow with Sesbania sesban on maize productivity and Striga hermonthica infestation in Western Kenya,Kenya,Eastern Africa,"Central Bunyore, Vihiga District",0.1,34.5667,Maize,Maize,Abundance,Abundance,seeds/kg soil,Bare Fallow,Bare Fallow,Monoculture,57.0,14.0,4.0,125.0,52.0,4.0,0.7853,0.2415,119.3,4.0
MD_Jones_21_A glo_Sc_249,JA_Sjogr_10_Effec_Jo,MD_Jones_21_A glo_Sc,Sjogren et al. 2010,2010,10.1007/s11676-010-0085-0,Journal of Forestry Research,Effects of improved fallow with Sesbania sesban on maize productivity and Striga hermonthica infestation in Western Kenya,Kenya,Eastern Africa,"Central Bunyore, Vihiga District",0.1,34.5667,Maize,Maize,Abundance,Abundance,seeds/kg soil,No Fertilizers Applied,No Fertilizers Applied,External input dependency,37.0,20.0,4.0,57.0,14.0,4.0,0.4321,0.2969,54.1,4.0
MD_Jones_21_A glo_Sc_250,JA_Sjogr_10_Effec_Jo,MD_Jones_21_A glo_Sc,Sjogren et al. 2010,2010,10.1007/s11676-010-0085-0,Journal of Forestry Research,Effects of improved fallow with Sesbania sesban on maize productivity and Striga hermonthica infestation in Western Kenya,Kenya,Eastern Africa,"Central Bunyore, Vihiga District",0.1,34.5667,Maize/Sesbania sesban,Maize/Sesbania sesban,Abundance,Abundance,seeds/kg soil,Agroforestry,Alleycropping,Monoculture,37.0,20.0,4.0,55.0,42.0,4.0,0.3964,0.4678,48.6,4.0
MD_Jones_21_A glo_Sc_251,JA_Sjogr_10_Effec_Jo,MD_Jones_21_A glo_Sc,Sjogren et al. 2010,2010,10.1007/s11676-010-0085-0,Journal of Forestry Research,Effects of improved fallow with Sesbania sesban on maize productivity and Striga hermonthica infestation in Western Kenya,Kenya,Eastern Africa,"Central Bunyore, Vihiga District",0.1,34.5667,Maize/Sesbania sesban,Maize/Sesbania sesban,Abundance,Abundance,seeds/kg soil,Agroforestry,Alleycropping,Monoculture,37.0,20.0,4.0,111.0,118.0,4.0,1.0986,0.5963,200.0,4.0
MD_Jones_21_A glo_Sc_252,JA_Sjogr_10_Effec_Jo,MD_Jones_21_A glo_Sc,Sjogren et al. 2010,2010,10.1007/s11676-010-0085-0,Journal of Forestry Research,Effects of improved fallow with Sesbania sesban on maize productivity and Striga hermonthica infestation in Western Kenya,Kenya,Eastern Africa,"Central Bunyore, Vihiga District",0.1,34.5667,Maize,Maize,Abundance,Abundance,seeds/kg soil,Bare Fallow,Bare Fallow,Monoculture,37.0,20.0,4.0,99.0,68.0,4.0,0.9842,0.437,167.6,4.0
MD_Jones_21_A glo_Sc_253,JA_Sjogr_10_Effec_Jo,MD_Jones_21_A glo_Sc,Sjogren et al. 2010,2010,10.1007/s11676-010-0085-0,Journal of Forestry Research,Effects of improved fallow with Sesbania sesban on maize productivity and Striga hermonthica infestation in Western Kenya,Kenya,Eastern Africa,"Central Bunyore, Vihiga District",0.1,34.5667,Maize,Maize,Abundance,Abundance,seeds/kg soil,Bare Fallow,Bare Fallow,Monoculture,37.0,20.0,4.0,125.0,52.0,4.0,1.2174,0.341,237.8,4.0
MD_Jones_21_A glo_Sc_254,JA_Sjogr_10_Effec_Jo,MD_Jones_21_A glo_Sc,Sjogren et al. 2010,2010,10.1007/s11676-010-0085-0,Journal of Forestry Research,Effects of improved fallow with Sesbania sesban on maize productivity and Striga hermonthica infestation in Western Kenya,Kenya,Eastern Africa,"Central Bunyore, Vihiga District",0.1,34.5667,Maize/Sesbania sesban,Maize/Sesbania sesban,Abundance,Abundance,seeds/kg soil,Agroforestry,Alleycropping,Monoculture,38.0,4.0,4.0,41.0,12.0,4.0,0.076,0.1555,7.9,4.0
MD_Jones_21_A glo_Sc_255,JA_Sjogr_10_Effec_Jo,MD_Jones_21_A glo_Sc,Sjogren et al. 2010,2010,10.1007/s11676-010-0085-0,Journal of Forestry Research,Effects of improved fallow with Sesbania sesban on maize productivity and Striga hermonthica infestation in Western Kenya,Kenya,Eastern Africa,"Central Bunyore, Vihiga District",0.1,34.5667,Maize/Sesbania sesban,Maize/Sesbania sesban,Abundance,Abundance,seeds/kg soil,Agroforestry,Alleycropping,Monoculture,38.0,4.0,4.0,16.0,8.0,4.0,-0.865,0.2555,-57.9,4.0
MD_Jones_21_A glo_Sc_256,JA_Sjogr_10_Effec_Jo,MD_Jones_21_A glo_Sc,Sjogren et al. 2010,2010,10.1007/s11676-010-0085-0,Journal of Forestry Research,Effects of improved fallow with Sesbania sesban on maize productivity and Striga hermonthica infestation in Western Kenya,Kenya,Eastern Africa,"Central Bunyore, Vihiga District",0.1,34.5667,Maize,Maize,Abundance,Abundance,seeds/kg soil,Bare Fallow,Bare Fallow,Monoculture,38.0,4.0,4.0,31.0,30.0,4.0,-0.2036,0.4867,-18.4,4.0
MD_Jones_21_A glo_Sc_257,JA_Sjogr_10_Effec_Jo,MD_Jones_21_A glo_Sc,Sjogren et al. 2010,2010,10.1007/s11676-010-0085-0,Journal of Forestry Research,Effects of improved fallow with Sesbania sesban on maize productivity and Striga hermonthica infestation in Western Kenya,Kenya,Eastern Africa,"Central Bunyore, Vihiga District",0.1,34.5667,Maize,Maize,Abundance,Abundance,seeds/kg soil,Bare Fallow,Bare Fallow,Monoculture,38.0,4.0,4.0,58.0,34.0,4.0,0.4229,0.2978,52.6,4.0
MD_Jones_21_A glo_Sc_258,JA_Sjogr_10_Effec_Jo,MD_Jones_21_A glo_Sc,Sjogren et al. 2010,2010,10.1007/s11676-010-0085-0,Journal of Forestry Research,Effects of improved fallow with Sesbania sesban on maize productivity and Striga hermonthica infestation in Western Kenya,Kenya,Eastern Africa,"Central Bunyore, Vihiga District",0.1,34.5667,Maize,Maize,Abundance,Abundance,seeds/kg soil,No Fertilizers Applied,No Fertilizers Applied,External input dependency,26.0,12.0,4.0,38.0,4.0,4.0,0.3795,0.2367,46.2,4.0
MD_Jones_21_A glo_Sc_259,JA_Sjogr_10_Effec_Jo,MD_Jones_21_A glo_Sc,Sjogren et al. 2010,2010,10.1007/s11676-010-0085-0,Journal of Forestry Research,Effects of improved fallow with Sesbania sesban on maize productivity and Striga hermonthica infestation in Western Kenya,Kenya,Eastern Africa,"Central Bunyore, Vihiga District",0.1,34.5667,Maize/Sesbania sesban,Maize/Sesbania sesban,Abundance,Abundance,seeds/kg soil,Agroforestry,Alleycropping,Monoculture,26.0,12.0,4.0,41.0,12.0,4.0,0.4555,0.2733,57.7,4.0
MD_Jones_21_A glo_Sc_260,JA_Sjogr_10_Effec_Jo,MD_Jones_21_A glo_Sc,Sjogren et al. 2010,2010,10.1007/s11676-010-0085-0,Journal of Forestry Research,Effects of improved fallow with Sesbania sesban on maize productivity and Striga hermonthica infestation in Western Kenya,Kenya,Eastern Africa,"Central Bunyore, Vihiga District",0.1,34.5667,Maize/Sesbania sesban,Maize/Sesbania sesban,Abundance,Abundance,seeds/kg soil,Agroforestry,Alleycropping,Monoculture,26.0,12.0,4.0,16.0,8.0,4.0,-0.4855,0.3402,-38.5,4.0
MD_Jones_21_A glo_Sc_261,JA_Sjogr_10_Effec_Jo,MD_Jones_21_A glo_Sc,Sjogren et al. 2010,2010,10.1007/s11676-010-0085-0,Journal of Forestry Research,Effects of improved fallow with Sesbania sesban on maize productivity and Striga hermonthica infestation in Western Kenya,Kenya,Eastern Africa,"Central Bunyore, Vihiga District",0.1,34.5667,Maize,Maize,Abundance,Abundance,seeds/kg soil,Bare Fallow,Bare Fallow,Monoculture,26.0,12.0,4.0,31.0,30.0,4.0,0.1759,0.5361,19.2,4.0
MD_Jones_21_A glo_Sc_262,JA_Sjogr_10_Effec_Jo,MD_Jones_21_A glo_Sc,Sjogren et al. 2010,2010,10.1007/s11676-010-0085-0,Journal of Forestry Research,Effects of improved fallow with Sesbania sesban on maize productivity and Striga hermonthica infestation in Western Kenya,Kenya,Eastern Africa,"Central Bunyore, Vihiga District",0.1,34.5667,Maize,Maize,Abundance,Abundance,seeds/kg soil,Bare Fallow,Bare Fallow,Monoculture,26.0,12.0,4.0,58.0,34.0,4.0,0.8023,0.373,123.1,4.0
MD_Jones_21_A glo_Sc_263,JA_Sjogr_10_Effec_Jo,MD_Jones_21_A glo_Sc,Sjogren et al. 2010,2010,10.1007/s11676-010-0085-0,Journal of Forestry Research,Effects of improved fallow with Sesbania sesban on maize productivity and Striga hermonthica infestation in Western Kenya,Kenya,Eastern Africa,"Central Bunyore, Vihiga District",0.1,34.5667,Maize/Sesbania sesban,Maize/Sesbania sesban,Abundance,Abundance,seeds/kg soil,Agroforestry,Alleycropping,Monoculture,70.0,42.0,4.0,64.0,32.0,4.0,-0.0896,0.3905,-8.6,4.0
MD_Jones_21_A glo_Sc_264,JA_Sjogr_10_Effec_Jo,MD_Jones_21_A glo_Sc,Sjogren et al. 2010,2010,10.1007/s11676-010-0085-0,Journal of Forestry Research,Effects of improved fallow with Sesbania sesban on maize productivity and Striga hermonthica infestation in Western Kenya,Kenya,Eastern Africa,"Central Bunyore, Vihiga District",0.1,34.5667,Maize/Sesbania sesban,Maize/Sesbania sesban,Abundance,Abundance,seeds/kg soil,Agroforestry,Alleycropping,Monoculture,70.0,42.0,4.0,67.0,58.0,4.0,-0.0438,0.5266,-4.3,4.0
MD_Jones_21_A glo_Sc_265,JA_Sjogr_10_Effec_Jo,MD_Jones_21_A glo_Sc,Sjogren et al. 2010,2010,10.1007/s11676-010-0085-0,Journal of Forestry Research,Effects of improved fallow with Sesbania sesban on maize productivity and Striga hermonthica infestation in Western Kenya,Kenya,Eastern Africa,"Central Bunyore, Vihiga District",0.1,34.5667,Maize,Maize,Abundance,Abundance,seeds/kg soil,Bare Fallow,Bare Fallow,Monoculture,70.0,42.0,4.0,61.0,38.0,4.0,-0.1376,0.4325,-12.9,4.0
MD_Jones_21_A glo_Sc_266,JA_Sjogr_10_Effec_Jo,MD_Jones_21_A glo_Sc,Sjogren et al. 2010,2010,10.1007/s11676-010-0085-0,Journal of Forestry Research,Effects of improved fallow with Sesbania sesban on maize productivity and Striga hermonthica infestation in Western Kenya,Kenya,Eastern Africa,"Central Bunyore, Vihiga District",0.1,34.5667,Maize,Maize,Abundance,Abundance,seeds/kg soil,Bare Fallow,Bare Fallow,Monoculture,70.0,42.0,4.0,119.0,122.0,4.0,0.5306,0.5939,70.0,4.0
MD_Jones_21_A glo_Sc_267,JA_Sjogr_10_Effec_Jo,MD_Jones_21_A glo_Sc,Sjogren et al. 2010,2010,10.1007/s11676-010-0085-0,Journal of Forestry Research,Effects of improved fallow with Sesbania sesban on maize productivity and Striga hermonthica infestation in Western Kenya,Kenya,Eastern Africa,"Central Bunyore, Vihiga District",0.1,34.5667,Maize,Maize,Abundance,Abundance,seeds/kg soil,No Fertilizers Applied,No Fertilizers Applied,External input dependency,57.0,52.0,4.0,70.0,42.0,4.0,0.2054,0.546,22.8,4.0
MD_Jones_21_A glo_Sc_268,JA_Sjogr_10_Effec_Jo,MD_Jones_21_A glo_Sc,Sjogren et al. 2010,2010,10.1007/s11676-010-0085-0,Journal of Forestry Research,Effects of improved fallow with Sesbania sesban on maize productivity and Striga hermonthica infestation in Western Kenya,Kenya,Eastern Africa,"Central Bunyore, Vihiga District",0.1,34.5667,Maize/Sesbania sesban,Maize/Sesbania sesban,Abundance,Abundance,seeds/kg soil,Agroforestry,Alleycropping,Monoculture,57.0,52.0,4.0,64.0,32.0,4.0,0.1158,0.5202,12.3,4.0
MD_Jones_21_A glo_Sc_269,JA_Sjogr_10_Effec_Jo,MD_Jones_21_A glo_Sc,Sjogren et al. 2010,2010,10.1007/s11676-010-0085-0,Journal of Forestry Research,Effects of improved fallow with Sesbania sesban on maize productivity and Striga hermonthica infestation in Western Kenya,Kenya,Eastern Africa,"Central Bunyore, Vihiga District",0.1,34.5667,Maize/Sesbania sesban,Maize/Sesbania sesban,Abundance,Abundance,seeds/kg soil,Agroforestry,Alleycropping,Monoculture,57.0,52.0,4.0,67.0,58.0,4.0,0.1616,0.6288,17.5,4.0
MD_Jones_21_A glo_Sc_270,JA_Sjogr_10_Effec_Jo,MD_Jones_21_A glo_Sc,Sjogren et al. 2010,2010,10.1007/s11676-010-0085-0,Journal of Forestry Research,Effects of improved fallow with Sesbania sesban on maize productivity and Striga hermonthica infestation in Western Kenya,Kenya,Eastern Africa,"Central Bunyore, Vihiga District",0.1,34.5667,Maize,Maize,Abundance,Abundance,seeds/kg soil,Bare Fallow,Bare Fallow,Monoculture,57.0,52.0,4.0,61.0,38.0,4.0,0.0678,0.5523,7.0,4.0
MD_Jones_21_A glo_Sc_271,JA_Sjogr_10_Effec_Jo,MD_Jones_21_A glo_Sc,Sjogren et al. 2010,2010,10.1007/s11676-010-0085-0,Journal of Forestry Research,Effects of improved fallow with Sesbania sesban on maize productivity and Striga hermonthica infestation in Western Kenya,Kenya,Eastern Africa,"Central Bunyore, Vihiga District",0.1,34.5667,Maize,Maize,Abundance,Abundance,seeds/kg soil,Bare Fallow,Bare Fallow,Monoculture,57.0,52.0,4.0,119.0,122.0,4.0,0.7361,0.6862,108.8,4.0
MD_Jones_21_A glo_Sc_272,JA_Smith_01_Effec_En,MD_Jones_21_A glo_Sc,Smith et al. 2001,2001,10.1603/0046-225X-30.1.89,Environmental Entomology,"Effect of intercropping common bean with poor hosts and nonhosts on numbers of immature whiteflies (Homoptera: Aleyrodidae) in the Salamá Valley, Guatemala",Guatemala,Central America,"Instituto de Ciencia y Tecnologia Agricolas (ICTA) field station in San Jeronimo, Baja Verapaz",15.0611,-90.25,Common Bean,Common Bean-Velvet Bean-Hibiscus-Coriander-Cabbage-Maize,Abundance,Abundance,individuals/cm2,Intercropping,Intercropping (N fixing),Monoculture,30.25,38.02,5.0,17.25,15.13,5.0,-0.5617,0.6854,-43.0,0.8333333333333335
MD_Jones_21_A glo_Sc_273,JA_Smith_01_Effec_En,MD_Jones_21_A glo_Sc,Smith et al. 2001,2001,10.1603/0046-225X-30.1.89,Environmental Entomology,"Effect of intercropping common bean with poor hosts and nonhosts on numbers of immature whiteflies (Homoptera: Aleyrodidae) in the Salamá Valley, Guatemala",Guatemala,Central America,"Instituto de Ciencia y Tecnologia Agricolas (ICTA) field station in San Jeronimo, Baja Verapaz",15.0611,-90.25,Common Bean,Common Bean-Velvet Bean-Hibiscus-Coriander-Cabbage-Maize,Abundance,Abundance,individuals/cm2,Intercropping,Intercropping (N fixing),Monoculture,30.25,38.02,5.0,14.0,16.73,5.0,-0.7704,0.7756,-53.7,0.8333333333333335
MD_Jones_21_A glo_Sc_274,JA_Smith_01_Effec_En,MD_Jones_21_A glo_Sc,Smith et al. 2001,2001,10.1603/0046-225X-30.1.89,Environmental Entomology,"Effect of intercropping common bean with poor hosts and nonhosts on numbers of immature whiteflies (Homoptera: Aleyrodidae) in the Salamá Valley, Guatemala",Guatemala,Central America,"Instituto de Ciencia y Tecnologia Agricolas (ICTA) field station in San Jeronimo, Baja Verapaz",15.0611,-90.25,Common Bean,Common Bean-Velvet Bean-Hibiscus-Coriander-Cabbage-Maize,Abundance,Abundance,individuals/cm2,Intercropping,Intercropping (N fixing),Monoculture,30.25,38.02,5.0,3.0,2.45,5.0,-2.3109,0.6703,-90.1,0.8333333333333335
MD_Jones_21_A glo_Sc_275,JA_Smith_01_Effec_En,MD_Jones_21_A glo_Sc,Smith et al. 2001,2001,10.1603/0046-225X-30.1.89,Environmental Entomology,"Effect of intercropping common bean with poor hosts and nonhosts on numbers of immature whiteflies (Homoptera: Aleyrodidae) in the Salamá Valley, Guatemala",Guatemala,Central America,"Instituto de Ciencia y Tecnologia Agricolas (ICTA) field station in San Jeronimo, Baja Verapaz",15.0611,-90.25,Common Bean,Common Bean-Velvet Bean-Hibiscus-Coriander-Cabbage-Maize,Abundance,Abundance,individuals/cm2,Intercropping,Intercropping (N fixing),Monoculture,2.5,3.11,5.0,14.0,16.73,5.0,1.7228,0.7714,460.0,0.8333333333333335
MD_Jones_21_A glo_Sc_276,JA_Smith_01_Effec_En,MD_Jones_21_A glo_Sc,Smith et al. 2001,2001,10.1603/0046-225X-30.1.89,Environmental Entomology,"Effect of intercropping common bean with poor hosts and nonhosts on numbers of immature whiteflies (Homoptera: Aleyrodidae) in the Salamá Valley, Guatemala",Guatemala,Central America,"Instituto de Ciencia y Tecnologia Agricolas (ICTA) field station in San Jeronimo, Baja Verapaz",15.0611,-90.25,Common Bean,Common Bean-Velvet Bean-Hibiscus-Coriander-Cabbage-Maize,Abundance,Abundance,individuals/cm2,Intercropping,Intercropping (N fixing),Monoculture,2.5,3.11,5.0,3.0,2.45,5.0,0.1823,0.6655,20.0,0.8333333333333335
MD_Jones_21_A glo_Sc_277,JA_Smith_01_Effec_En,MD_Jones_21_A glo_Sc,Smith et al. 2001,2001,10.1603/0046-225X-30.1.89,Environmental Entomology,"Effect of intercropping common bean with poor hosts and nonhosts on numbers of immature whiteflies (Homoptera: Aleyrodidae) in the Salamá Valley, Guatemala",Guatemala,Central America,"Instituto de Ciencia y Tecnologia Agricolas (ICTA) field station in San Jeronimo, Baja Verapaz",15.0611,-90.25,Common Bean,Common Bean-Velvet Bean-Hibiscus-Coriander-Cabbage-Maize,Abundance,Abundance,individuals/cm2,Intercropping,Intercropping (N fixing),Monoculture,13.25,23.19,5.0,3.0,2.45,5.0,-1.4854,0.8637,-77.4,0.8333333333333335
MD_Jones_21_A glo_Sc_278,JA_Smith_01_Effec_En,MD_Jones_21_A glo_Sc,Smith et al. 2001,2001,10.1603/0046-225X-30.1.89,Environmental Entomology,"Effect of intercropping common bean with poor hosts and nonhosts on numbers of immature whiteflies (Homoptera: Aleyrodidae) in the Salamá Valley, Guatemala",Guatemala,Central America,"Instituto de Ciencia y Tecnologia Agricolas (ICTA) field station in San Jeronimo, Baja Verapaz",15.0611,-90.25,Common Bean,Common Bean-Velvet Bean-Hibiscus-Coriander-Cabbage-Maize,Abundance,Abundance,individuals/cm2,Simple intercropping,Simple intercropping,Monoculture,78.5,66.33,4.0,41.0,24.87,4.0,-0.6495,0.5201,-47.8,0.8333333333333335
MD_Jones_21_A glo_Sc_279,JA_Smith_01_Effec_En,MD_Jones_21_A glo_Sc,Smith et al. 2001,2001,10.1603/0046-225X-30.1.89,Environmental Entomology,"Effect of intercropping common bean with poor hosts and nonhosts on numbers of immature whiteflies (Homoptera: Aleyrodidae) in the Salamá Valley, Guatemala",Guatemala,Central America,"Instituto de Ciencia y Tecnologia Agricolas (ICTA) field station in San Jeronimo, Baja Verapaz",15.0611,-90.25,Common Bean,Common Bean-Tomato-Maize-Hibiscus,Abundance,Abundance,individuals/cm2,Intercropping,Intercropping (N fixing),Monoculture,133.25,259.3,4.0,29.5,40.0,4.0,-1.5078,1.1859,-77.9,0.8333333333333335
MD_Jones_21_A glo_Sc_280,JA_Smith_01_Effec_En,MD_Jones_21_A glo_Sc,Smith et al. 2001,2001,10.1603/0046-225X-30.1.89,Environmental Entomology,"Effect of intercropping common bean with poor hosts and nonhosts on numbers of immature whiteflies (Homoptera: Aleyrodidae) in the Salamá Valley, Guatemala",Guatemala,Central America,"Instituto de Ciencia y Tecnologia Agricolas (ICTA) field station in San Jeronimo, Baja Verapaz",15.0611,-90.25,Tomato,Tomato-Common Bean-Maize-Hibiscus,Abundance,Abundance,individuals/cm2,Intercropping,Intercropping (trap crop),Monoculture,115.92,91.69,4.0,136.42,187.32,4.0,0.1628,0.7923,17.7,0.8333333333333335
MD_Jones_21_A glo_Sc_281,JA_Smith_01_Effec_En,MD_Jones_21_A glo_Sc,Smith et al. 2001,2001,10.1603/0046-225X-30.1.89,Environmental Entomology,"Effect of intercropping common bean with poor hosts and nonhosts on numbers of immature whiteflies (Homoptera: Aleyrodidae) in the Salamá Valley, Guatemala",Guatemala,Central America,"Instituto de Ciencia y Tecnologia Agricolas (ICTA) field station in San Jeronimo, Baja Verapaz",15.0611,-90.25,Tomato,Tomato-Common Bean-Maize-Hibiscus,Diversity Index,Shannon-Wiener Index,Index,Intercropping,Intercropping (trap crop),Monoculture,0.383,,4.0,0.996,,4.0,0.9557,,160.1,0.8333333333333335
MD_Jones_21_A glo_Sc_282,JA_Smith_01_Effec_En,MD_Jones_21_A glo_Sc,Smith et al. 2001,2001,10.1603/0046-225X-30.1.89,Environmental Entomology,"Effect of intercropping common bean with poor hosts and nonhosts on numbers of immature whiteflies (Homoptera: Aleyrodidae) in the Salamá Valley, Guatemala",Guatemala,Central America,"Instituto de Ciencia y Tecnologia Agricolas (ICTA) field station in San Jeronimo, Baja Verapaz",15.0611,-90.25,Tomato,Tomato-Common Bean-Maize-Hibiscus,Abundance,Abundance,individuals/cm2,Intercropping,Intercropping (trap crop),Monoculture,23.0,26.01,4.0,50.67,46.8,4.0,0.7898,0.7301,120.3,0.8333333333333335
MD_Jones_21_A glo_Sc_283,JA_Xuan _12_Diffe_Bi,MD_Jones_21_A glo_Sc,Xuan et al. 2012,2012,10.1007/s00374-011-0618-5,Biology and Fertility of Soils,"Different crop rotation systems as drivers of change in soil bacterial community structure and yield of rice, Oryza sativa",Vietnam,South-eastern Asia,"Cailay District, TienGiang Province",10.5667,106.0,Rice/Maize/Rice,Rice/Maize/Rice,Richness Estimator,Chao1 Index,Index,Crop rotation,Crop Rotation (Non N fixing) + Intercropping (Non N fixing),Monoculture,3259.557,724.3460000000005,4.0,2704.225,386.3180000000002,4.0,-0.1868,0.1321,-17.0,8.0
MD_Jones_21_A glo_Sc_284,JA_Xuan _12_Diffe_Bi,MD_Jones_21_A glo_Sc,Xuan et al. 2012,2012,10.1007/s00374-011-0618-5,Biology and Fertility of Soils,"Different crop rotation systems as drivers of change in soil bacterial community structure and yield of rice, Oryza sativa",Vietnam,South-eastern Asia,"Cailay District, TienGiang Province",10.5667,106.0,Rice/Mung Bean/Rice,Rice/Mung Bean/Rice,Richness Estimator,Chao1 Index,Index,Crop rotation,Crop Rotation (N fixing mixed) + Intercropping (N fixing mixed),Monoculture,3259.557,724.3460000000005,4.0,4973.843,434.6080000000002,4.0,0.4226,0.1194,52.6,8.0
MD_Jones_21_A glo_Sc_285,JA_Xuan _12_Diffe_Bi,MD_Jones_21_A glo_Sc,Xuan et al. 2012,2012,10.1007/s00374-011-0618-5,Biology and Fertility of Soils,"Different crop rotation systems as drivers of change in soil bacterial community structure and yield of rice, Oryza sativa",Vietnam,South-eastern Asia,"Cailay District, TienGiang Province",10.5667,106.0,Rice/Mung Bean/Maize,Rice/Mung Bean/Maize,Richness Estimator,Chao1 Index,Index,Crop rotation,Crop Rotation (N fixing mixed) + Crop rotation (High diversity),Monoculture,3259.557,724.3460000000005,4.0,4104.628,1545.2720000000008,4.0,0.2305,0.2186,25.9,8.0
MD_Jones_21_A glo_Sc_286,JA_Xuan _12_Diffe_Bi,MD_Jones_21_A glo_Sc,Xuan et al. 2012,2012,10.1007/s00374-011-0618-5,Biology and Fertility of Soils,"Different crop rotation systems as drivers of change in soil bacterial community structure and yield of rice, Oryza sativa",Vietnam,South-eastern Asia,"Cailay District, TienGiang Province",10.5667,106.0,Rice/Maize/Rice,Rice/Maize/Rice,Diversity Index,Shannon-Wiener Index,Index,Crop rotation,Crop Rotation (Non N fixing) + Intercropping (Non N fixing),Monoculture,6.966,0.16000000000000014,4.0,6.886,0.16000000000000014,4.0,-0.0116,0.0163,-1.1,8.0
MD_Jones_21_A glo_Sc_287,JA_Xuan _12_Diffe_Bi,MD_Jones_21_A glo_Sc,Xuan et al. 2012,2012,10.1007/s00374-011-0618-5,Biology and Fertility of Soils,"Different crop rotation systems as drivers of change in soil bacterial community structure and yield of rice, Oryza sativa",Vietnam,South-eastern Asia,"Cailay District, TienGiang Province",10.5667,106.0,Rice/Mung Bean/Rice,Rice/Mung Bean/Rice,Diversity Index,Shannon-Wiener Index,Index,Crop rotation,Crop Rotation (N fixing mixed) + Intercropping (N fixing mixed),Monoculture,6.966,0.16000000000000014,4.0,7.298,0.02800000000000047,4.0,0.0466,0.0116,4.8,8.0
MD_Jones_21_A glo_Sc_288,JA_Xuan _12_Diffe_Bi,MD_Jones_21_A glo_Sc,Xuan et al. 2012,2012,10.1007/s00374-011-0618-5,Biology and Fertility of Soils,"Different crop rotation systems as drivers of change in soil bacterial community structure and yield of rice, Oryza sativa",Vietnam,South-eastern Asia,"Cailay District, TienGiang Province",10.5667,106.0,Rice/Mung Bean/Maize,Rice/Mung Bean/Maize,Diversity Index,Shannon-Wiener Index,Index,Crop rotation,Crop Rotation (N fixing mixed) + Crop rotation (High diversity),Monoculture,6.966,0.16000000000000014,4.0,7.312,0.42600000000000016,4.0,0.0485,0.0313,5.0,8.0
MD_Jones_21_A glo_Sc_289,JA_Belay_09_The p_Ph,MD_Jones_21_A glo_Sc,Belay et al. 2009,2009,10.1007/s12600-008-0002-7,Phytoparasitica,The profitability of maize-haricot bean intercropping techniques to control maize stem borers under low pest densities in Ethiopia,Ethiopia,Eastern Africa,Melkassa,8.4,39.1833,Maize,Maize-Common Bean,Income,Gross Return,ETB/ha,Intercropping,Intercropping (N fixing mixed),Monoculture,5083.3,,3.0,4800.0,,3.0,-0.0573,,-5.6,2.0
MD_Jones_21_A glo_Sc_290,JA_Belay_09_The p_Ph,MD_Jones_21_A glo_Sc,Belay et al. 2009,2009,10.1007/s12600-008-0002-7,Phytoparasitica,The profitability of maize-haricot bean intercropping techniques to control maize stem borers under low pest densities in Ethiopia,Ethiopia,Eastern Africa,Melkassa,8.4,39.1833,Maize,Maize-Common Bean,Income,Gross Return,ETB/ha,Intercropping,Intercropping (N fixing mixed),Monoculture,5083.3,,3.0,5566.7,,3.0,0.0908,,9.5,2.0
MD_Jones_21_A glo_Sc_291,JA_Belay_09_The p_Ph,MD_Jones_21_A glo_Sc,Belay et al. 2009,2009,10.1007/s12600-008-0002-7,Phytoparasitica,The profitability of maize-haricot bean intercropping techniques to control maize stem borers under low pest densities in Ethiopia,Ethiopia,Eastern Africa,Melkassa,8.4,39.1833,Maize,Maize-Common Bean,Income,Gross Return,ETB/ha,Intercropping,Intercropping (N fixing mixed),Monoculture,5083.3,,3.0,5238.9,,3.0,0.0302,,3.1,2.0
MD_Jones_21_A glo_Sc_292,JA_Belay_09_The p_Ph,MD_Jones_21_A glo_Sc,Belay et al. 2009,2009,10.1007/s12600-008-0002-7,Phytoparasitica,The profitability of maize-haricot bean intercropping techniques to control maize stem borers under low pest densities in Ethiopia,Ethiopia,Eastern Africa,Melkassa,8.4,39.1833,Maize,Maize-Common Bean,Income,Gross Return,ETB/ha,Intercropping,Intercropping (N fixing mixed),Monoculture,5083.3,,3.0,4452.8,,3.0,-0.1324,,-12.4,2.0
MD_Jones_21_A glo_Sc_293,JA_Belay_09_The p_Ph,MD_Jones_21_A glo_Sc,Belay et al. 2009,2009,10.1007/s12600-008-0002-7,Phytoparasitica,The profitability of maize-haricot bean intercropping techniques to control maize stem borers under low pest densities in Ethiopia,Ethiopia,Eastern Africa,Melkassa,8.4,39.1833,Maize,Maize-Common Bean,Income,Gross Return,ETB/ha,Intercropping,Intercropping (N fixing mixed),Monoculture,2255.6,,3.0,4800.0,,3.0,0.7552,,112.8,2.0
MD_Jones_21_A glo_Sc_294,JA_Belay_09_The p_Ph,MD_Jones_21_A glo_Sc,Belay et al. 2009,2009,10.1007/s12600-008-0002-7,Phytoparasitica,The profitability of maize-haricot bean intercropping techniques to control maize stem borers under low pest densities in Ethiopia,Ethiopia,Eastern Africa,Melkassa,8.4,39.1833,Maize,Maize-Common Bean,Income,Gross Return,ETB/ha,Intercropping,Intercropping (N fixing mixed),Monoculture,2255.6,,3.0,5566.7,,3.0,0.9034,,146.8,2.0
MD_Jones_21_A glo_Sc_295,JA_Belay_09_The p_Ph,MD_Jones_21_A glo_Sc,Belay et al. 2009,2009,10.1007/s12600-008-0002-7,Phytoparasitica,The profitability of maize-haricot bean intercropping techniques to control maize stem borers under low pest densities in Ethiopia,Ethiopia,Eastern Africa,Melkassa,8.4,39.1833,Maize,Maize-Common Bean,Income,Gross Return,ETB/ha,Intercropping,Intercropping (N fixing mixed),Monoculture,2255.6,,3.0,5238.9,,3.0,0.8427,,132.3,2.0
MD_Jones_21_A glo_Sc_296,JA_Belay_09_The p_Ph,MD_Jones_21_A glo_Sc,Belay et al. 2009,2009,10.1007/s12600-008-0002-7,Phytoparasitica,The profitability of maize-haricot bean intercropping techniques to control maize stem borers under low pest densities in Ethiopia,Ethiopia,Eastern Africa,Melkassa,8.4,39.1833,Maize,Maize-Common Bean,Income,Gross Return,ETB/ha,Intercropping,Intercropping (N fixing mixed),Monoculture,2255.6,,3.0,4452.8,,3.0,0.6801,,97.4,2.0
MD_Jones_21_A glo_Sc_297,JA_Belay_09_The p_Ph,MD_Jones_21_A glo_Sc,Belay et al. 2009,2009,10.1007/s12600-008-0002-7,Phytoparasitica,The profitability of maize-haricot bean intercropping techniques to control maize stem borers under low pest densities in Ethiopia,Ethiopia,Eastern Africa,Melkassa,8.4,39.1833,Maize,Maize-Common Bean,Income,Gross Return,ETB/ha,Intercropping,Intercropping (N fixing mixed),Monoculture,6708.3,,3.0,9502.8,,3.0,0.3482,,41.7,2.0
MD_Jones_21_A glo_Sc_298,JA_Belay_09_The p_Ph,MD_Jones_21_A glo_Sc,Belay et al. 2009,2009,10.1007/s12600-008-0002-7,Phytoparasitica,The profitability of maize-haricot bean intercropping techniques to control maize stem borers under low pest densities in Ethiopia,Ethiopia,Eastern Africa,Melkassa,8.4,39.1833,Maize,Maize-Common Bean,Income,Gross Return,ETB/ha,Intercropping,Intercropping (N fixing mixed),Monoculture,6708.3,,3.0,7183.3,,3.0,0.0684,,7.1,2.0
MD_Jones_21_A glo_Sc_299,JA_Belay_09_The p_Ph,MD_Jones_21_A glo_Sc,Belay et al. 2009,2009,10.1007/s12600-008-0002-7,Phytoparasitica,The profitability of maize-haricot bean intercropping techniques to control maize stem borers under low pest densities in Ethiopia,Ethiopia,Eastern Africa,Melkassa,8.4,39.1833,Maize,Maize-Common Bean,Income,Gross Return,ETB/ha,Intercropping,Intercropping (N fixing mixed),Monoculture,6708.3,,3.0,7525.0,,3.0,0.1149,,12.2,2.0
MD_Jones_21_A glo_Sc_300,JA_Belay_09_The p_Ph,MD_Jones_21_A glo_Sc,Belay et al. 2009,2009,10.1007/s12600-008-0002-7,Phytoparasitica,The profitability of maize-haricot bean intercropping techniques to control maize stem borers under low pest densities in Ethiopia,Ethiopia,Eastern Africa,Melkassa,8.4,39.1833,Maize,Maize-Common Bean,Income,Gross Return,ETB/ha,Intercropping,Intercropping (N fixing mixed),Monoculture,6708.3,,3.0,6613.9,,3.0,-0.0142,,-1.4,2.0
MD_Jones_21_A glo_Sc_301,JA_Belay_09_The p_Ph,MD_Jones_21_A glo_Sc,Belay et al. 2009,2009,10.1007/s12600-008-0002-7,Phytoparasitica,The profitability of maize-haricot bean intercropping techniques to control maize stem borers under low pest densities in Ethiopia,Ethiopia,Eastern Africa,Melkassa,8.4,39.1833,Maize,Maize-Common Bean,Income,Gross Return,ETB/ha,Intercropping,Intercropping (N fixing mixed),Monoculture,3305.6,,3.0,9502.8,,3.0,1.056,,187.5,2.0
MD_Jones_21_A glo_Sc_302,JA_Belay_09_The p_Ph,MD_Jones_21_A glo_Sc,Belay et al. 2009,2009,10.1007/s12600-008-0002-7,Phytoparasitica,The profitability of maize-haricot bean intercropping techniques to control maize stem borers under low pest densities in Ethiopia,Ethiopia,Eastern Africa,Melkassa,8.4,39.1833,Maize,Maize-Common Bean,Income,Gross Return,ETB/ha,Intercropping,Intercropping (N fixing mixed),Monoculture,3305.6,,3.0,7183.3,,3.0,0.7761,,117.3,2.0
MD_Jones_21_A glo_Sc_303,JA_Belay_09_The p_Ph,MD_Jones_21_A glo_Sc,Belay et al. 2009,2009,10.1007/s12600-008-0002-7,Phytoparasitica,The profitability of maize-haricot bean intercropping techniques to control maize stem borers under low pest densities in Ethiopia,Ethiopia,Eastern Africa,Melkassa,8.4,39.1833,Maize,Maize-Common Bean,Income,Gross Return,ETB/ha,Intercropping,Intercropping (N fixing mixed),Monoculture,3305.6,,3.0,7525.0,,3.0,0.8226,,127.6,2.0
MD_Jones_21_A glo_Sc_304,JA_Belay_09_The p_Ph,MD_Jones_21_A glo_Sc,Belay et al. 2009,2009,10.1007/s12600-008-0002-7,Phytoparasitica,The profitability of maize-haricot bean intercropping techniques to control maize stem borers under low pest densities in Ethiopia,Ethiopia,Eastern Africa,Melkassa,8.4,39.1833,Maize,Maize-Common Bean,Income,Gross Return,ETB/ha,Intercropping,Intercropping (N fixing mixed),Monoculture,3305.6,,3.0,6613.9,,3.0,0.6936,,100.1,2.0
MD_Jones_21_A glo_Sc_305,JA_Belay_09_The p_Ph,MD_Jones_21_A glo_Sc,Belay et al. 2009,2009,10.1007/s12600-008-0002-7,Phytoparasitica,The profitability of maize-haricot bean intercropping techniques to control maize stem borers under low pest densities in Ethiopia,Ethiopia,Eastern Africa,Mieso,9.3333,41.1833,Maize,Maize-Common Bean,Income,Gross Return,ETB/ha,Intercropping,Intercropping (N fixing mixed),Monoculture,3583.3,,3.0,3663.9,,3.0,0.0222,,2.2,1.0
MD_Jones_21_A glo_Sc_306,JA_Belay_09_The p_Ph,MD_Jones_21_A glo_Sc,Belay et al. 2009,2009,10.1007/s12600-008-0002-7,Phytoparasitica,The profitability of maize-haricot bean intercropping techniques to control maize stem borers under low pest densities in Ethiopia,Ethiopia,Eastern Africa,Mieso,9.3333,41.1833,Maize,Maize-Common Bean,Income,Gross Return,ETB/ha,Intercropping,Intercropping (N fixing mixed),Monoculture,3583.3,,3.0,3969.4,,3.0,0.1023,,10.8,1.0
MD_Jones_21_A glo_Sc_307,JA_Belay_09_The p_Ph,MD_Jones_21_A glo_Sc,Belay et al. 2009,2009,10.1007/s12600-008-0002-7,Phytoparasitica,The profitability of maize-haricot bean intercropping techniques to control maize stem borers under low pest densities in Ethiopia,Ethiopia,Eastern Africa,Mieso,9.3333,41.1833,Maize,Maize-Common Bean,Income,Gross Return,ETB/ha,Intercropping,Intercropping (N fixing mixed),Monoculture,3583.3,,3.0,3730.6,,3.0,0.0403,,4.1,1.0
MD_Jones_21_A glo_Sc_308,JA_Belay_09_The p_Ph,MD_Jones_21_A glo_Sc,Belay et al. 2009,2009,10.1007/s12600-008-0002-7,Phytoparasitica,The profitability of maize-haricot bean intercropping techniques to control maize stem borers under low pest densities in Ethiopia,Ethiopia,Eastern Africa,Mieso,9.3333,41.1833,Maize,Maize-Common Bean,Income,Gross Return,ETB/ha,Intercropping,Intercropping (N fixing mixed),Monoculture,3583.3,,3.0,3730.6,,3.0,0.0403,,4.1,1.0
MD_Jones_21_A glo_Sc_309,JA_Belay_09_The p_Ph,MD_Jones_21_A glo_Sc,Belay et al. 2009,2009,10.1007/s12600-008-0002-7,Phytoparasitica,The profitability of maize-haricot bean intercropping techniques to control maize stem borers under low pest densities in Ethiopia,Ethiopia,Eastern Africa,Mieso,9.3333,41.1833,Maize,Maize-Common Bean,Income,Gross Return,ETB/ha,Intercropping,Intercropping (N fixing mixed),Monoculture,933.3,,3.0,3663.9,,3.0,1.3676,,292.6,1.0
MD_Jones_21_A glo_Sc_310,JA_Belay_09_The p_Ph,MD_Jones_21_A glo_Sc,Belay et al. 2009,2009,10.1007/s12600-008-0002-7,Phytoparasitica,The profitability of maize-haricot bean intercropping techniques to control maize stem borers under low pest densities in Ethiopia,Ethiopia,Eastern Africa,Mieso,9.3333,41.1833,Maize,Maize-Common Bean,Income,Gross Return,ETB/ha,Intercropping,Intercropping (N fixing mixed),Monoculture,933.3,,3.0,3969.4,,3.0,1.4476,,325.3,1.0
MD_Jones_21_A glo_Sc_311,JA_Belay_09_The p_Ph,MD_Jones_21_A glo_Sc,Belay et al. 2009,2009,10.1007/s12600-008-0002-7,Phytoparasitica,The profitability of maize-haricot bean intercropping techniques to control maize stem borers under low pest densities in Ethiopia,Ethiopia,Eastern Africa,Mieso,9.3333,41.1833,Maize,Maize-Common Bean,Income,Gross Return,ETB/ha,Intercropping,Intercropping (N fixing mixed),Monoculture,933.3,,3.0,3730.6,,3.0,1.3856,,299.7,1.0
MD_Jones_21_A glo_Sc_312,JA_Belay_09_The p_Ph,MD_Jones_21_A glo_Sc,Belay et al. 2009,2009,10.1007/s12600-008-0002-7,Phytoparasitica,The profitability of maize-haricot bean intercropping techniques to control maize stem borers under low pest densities in Ethiopia,Ethiopia,Eastern Africa,Mieso,9.3333,41.1833,Maize,Maize-Common Bean,Income,Gross Return,ETB/ha,Intercropping,Intercropping (N fixing mixed),Monoculture,933.3,,3.0,3730.6,,3.0,1.3856,,299.7,1.0
MD_Jones_21_A glo_Sc_313,JA_Khan _06_Manag_In,MD_Jones_21_A glo_Sc,Khan et al. 2006,2006,10.1080/09670870600816991,International Journal of Pest Management,"Management of witchweed, Striga hermonthica, and stemborers in sorghum, Sorghum bicolor, through intercropping with greenleaf desmodium, Desmodium intortum",Kenya,Eastern Africa,"ICIPE Campus, Mbita Point",-0.4167,34.2,Sorghum,Sorghum-Desmodium intortum,Pest & Pathogen,Damage caused by pest,% damage (stemborers),Intercropping,Intercropping (N fixing mixed),Monoculture,35.85,11.46,4.0,15.85,4.44,4.0,-0.8162,0.2125,-55.8,2.0
MD_Jones_21_A glo_Sc_314,JA_Khan _06_Manag_In,MD_Jones_21_A glo_Sc,Khan et al. 2006,2006,10.1080/09670870600816991,International Journal of Pest Management,"Management of witchweed, Striga hermonthica, and stemborers in sorghum, Sorghum bicolor, through intercropping with greenleaf desmodium, Desmodium intortum",Kenya,Eastern Africa,"ICIPE Campus, Mbita Point",-0.4167,34.2,Sorghum,Sorghum-Desmodium intortum,Pest & Pathogen,Damage caused by pest,% damage (stemborers),Intercropping,Intercropping (N fixing mixed),Monoculture,3.79,1.66,4.0,2.07,0.48,4.0,-0.6048,0.2478,-45.4,2.0
MD_Jones_21_A glo_Sc_315,JA_Khan _06_Manag_In,MD_Jones_21_A glo_Sc,Khan et al. 2006,2006,10.1080/09670870600816991,International Journal of Pest Management,"Management of witchweed, Striga hermonthica, and stemborers in sorghum, Sorghum bicolor, through intercropping with greenleaf desmodium, Desmodium intortum",Kenya,Eastern Africa,"ICIPE Campus, Mbita Point",-0.4167,34.2,Sorghum,Sorghum-Desmodium intortum,Pest & Pathogen,Damage caused by pest,% damage (stemborers),Intercropping,Intercropping (N fixing mixed),Monoculture,20.68,4.22,4.0,10.79,1.44,4.0,-0.6505,0.1219,-47.8,2.0
MD_Jones_21_A glo_Sc_316,JA_Khan _06_Manag_In,MD_Jones_21_A glo_Sc,Khan et al. 2006,2006,10.1080/09670870600816991,International Journal of Pest Management,"Management of witchweed, Striga hermonthica, and stemborers in sorghum, Sorghum bicolor, through intercropping with greenleaf desmodium, Desmodium intortum",Kenya,Eastern Africa,"ICIPE Campus, Mbita Point",-0.4167,34.2,Sorghum,Sorghum-Desmodium intortum,Pest & Pathogen,Damage caused by pest,% damage (stemborers),Intercropping,Intercropping (N fixing mixed),Monoculture,19.58,6.04,4.0,11.9,3.5,4.0,-0.498,0.2131,-39.2,2.0
MD_Jones_21_A glo_Sc_317,JA_Khan _06_Manag_In,MD_Jones_21_A glo_Sc,Khan et al. 2006,2006,10.1080/09670870600816991,International Journal of Pest Management,"Management of witchweed, Striga hermonthica, and stemborers in sorghum, Sorghum bicolor, through intercropping with greenleaf desmodium, Desmodium intortum",Kenya,Eastern Africa,Lambwe Division,-0.5667,34.3667,Sorghum,Sorghum-Desmodium intortum,Pest & Pathogen,Damage caused by pest,% damage (stemborers),Intercropping,Intercropping (N fixing mixed),Monoculture,29.0,13.856406460551018,3.0,19.0,8.660254037844386,3.0,-0.4229,0.3813,-34.5,2.0
MD_Jones_21_A glo_Sc_318,JA_Khan _06_Manag_In,MD_Jones_21_A glo_Sc,Khan et al. 2006,2006,10.1080/09670870600816991,International Journal of Pest Management,"Management of witchweed, Striga hermonthica, and stemborers in sorghum, Sorghum bicolor, through intercropping with greenleaf desmodium, Desmodium intortum",Kenya,Eastern Africa,Lambwe Division,-0.5667,34.3667,Sorghum,Sorghum-Desmodium intortum,Pest & Pathogen,Damage caused by pest,% damage (stemborers),Intercropping,Intercropping (N fixing mixed),Monoculture,28.0,9.699484522385712,3.0,7.7,4.849742261192856,3.0,-1.291,0.415,-72.5,2.0
MD_Jones_21_A glo_Sc_319,JA_Ogol _99_Maize_Ag,MD_Jones_21_A glo_Sc,Ogol et al. 1999,1999,10.1016/S0167-8809(99)00077-8,"Agriculture, Ecosystems and Environment","Maize stem borer colonization, establishment and crop damage levels in a maize-leucaena agroforestry system in Kenya",Kenya,Eastern Africa,KARI Mtwapa,-3.9333,39.7333,Maize,Maize-Leucaena leucocephala,Pest & Pathogen,Damage caused by pest,% damage (chilo spp.)/plot,Agroforestry,Alleycropping + Agroforestry (low diversity),Monoculture,48.2162162162162,24.86956477320731,30.0,38.5405405405405,26.053829762408142,30.0,-0.224,0.1552,-20.1,3.0
MD_Jones_21_A glo_Sc_320,JA_Ogol _99_Maize_Ag,MD_Jones_21_A glo_Sc,Ogol et al. 1999,1999,10.1016/S0167-8809(99)00077-8,"Agriculture, Ecosystems and Environment","Maize stem borer colonization, establishment and crop damage levels in a maize-leucaena agroforestry system in Kenya",Kenya,Eastern Africa,KARI Mtwapa,-3.9333,39.7333,Maize,Maize-Leucaena leucocephala,Pest & Pathogen,Damage caused by pest,% damage (chilo spp.)/plot,Agroforestry,Alleycropping + Agroforestry (low diversity),Monoculture,48.2162162162162,24.86956477320731,30.0,39.8378378378378,24.573498525907517,30.0,-0.1909,0.1468,-17.4,3.0
MD_Jones_21_A glo_Sc_321,JA_Ogol _99_Maize_Ag,MD_Jones_21_A glo_Sc,Ogol et al. 1999,1999,10.1016/S0167-8809(99)00077-8,"Agriculture, Ecosystems and Environment","Maize stem borer colonization, establishment and crop damage levels in a maize-leucaena agroforestry system in Kenya",Kenya,Eastern Africa,KARI Mtwapa,-3.9333,39.7333,Maize,Maize-Leucaena leucocephala,Pest & Pathogen,Damage caused by pest,% damage (chilo spp.)/plot,Agroforestry,Alleycropping + Agroforestry (low diversity),Monoculture,48.2162162162162,24.86956477320731,30.0,38.2702702702702,24.277432278607726,30.0,-0.231,0.1493,-20.6,3.0
MD_Jones_21_A glo_Sc_322,JA_Ogol _99_Maize_Ag,MD_Jones_21_A glo_Sc,Ogol et al. 1999,1999,10.1016/S0167-8809(99)00077-8,"Agriculture, Ecosystems and Environment","Maize stem borer colonization, establishment and crop damage levels in a maize-leucaena agroforestry system in Kenya",Kenya,Eastern Africa,KARI Mtwapa,-3.9333,39.7333,Maize,Maize-Leucaena leucocephala,Pest & Pathogen,Damage caused by pest,% damage (chilo spp.)/plot,Agroforestry,Alleycropping + Agroforestry (low diversity),Monoculture,48.2162162162162,24.86956477320731,30.0,36.9189189189189,25.461697267807473,30.0,-0.267,0.1572,-23.4,3.0
MD_Jones_21_A glo_Sc_323,JA_Ogol _99_Maize_Ag,MD_Jones_21_A glo_Sc,Ogol et al. 1999,1999,10.1016/S0167-8809(99)00077-8,"Agriculture, Ecosystems and Environment","Maize stem borer colonization, establishment and crop damage levels in a maize-leucaena agroforestry system in Kenya",Kenya,Eastern Africa,KARI Mtwapa,-3.9333,39.7333,Maize,Maize-Leucaena leucocephala,Pest & Pathogen,Damage caused by pest,% damage (chilo spp.)/plot,Agroforestry,Alleycropping + Agroforestry (low diversity),Monoculture,48.2162162162162,24.86956477320731,30.0,40.3243243243243,25.461697267807434,30.0,-0.1787,0.1489,-16.4,3.0
MD_Jones_21_A glo_Sc_324,JA_Ogol _99_Maize_Ag,MD_Jones_21_A glo_Sc,Ogol et al. 1999,1999,10.1016/S0167-8809(99)00077-8,"Agriculture, Ecosystems and Environment","Maize stem borer colonization, establishment and crop damage levels in a maize-leucaena agroforestry system in Kenya",Kenya,Eastern Africa,Kenya Forestry Research Institute,-0.1667,34.3833,Maize,Maize-Leucaena leucocephala,Pest & Pathogen,Damage caused by pest,% damage (chilo spp.)/plot,Agroforestry,Alleycropping + Agroforestry (low diversity),Monoculture,5.24324324324323,4.236955230760118,24.0,5.56756756756756,5.296194038450108,24.0,0.06,0.2548,6.2,3.0
MD_Jones_21_A glo_Sc_325,JA_Ogol _99_Maize_Ag,MD_Jones_21_A glo_Sc,Ogol et al. 1999,1999,10.1016/S0167-8809(99)00077-8,"Agriculture, Ecosystems and Environment","Maize stem borer colonization, establishment and crop damage levels in a maize-leucaena agroforestry system in Kenya",Kenya,Eastern Africa,Kenya Forestry Research Institute,-0.1667,34.3833,Maize,Maize-Leucaena leucocephala,Pest & Pathogen,Damage caused by pest,% damage (chilo spp.)/plot,Agroforestry,Alleycropping + Agroforestry (low diversity),Monoculture,5.24324324324323,4.236955230760118,24.0,6.59459459459459,5.031384336527623,24.0,0.2293,0.2269,25.8,3.0
MD_Jones_21_A glo_Sc_326,JA_Ogol _99_Maize_Ag,MD_Jones_21_A glo_Sc,Ogol et al. 1999,1999,10.1016/S0167-8809(99)00077-8,"Agriculture, Ecosystems and Environment","Maize stem borer colonization, establishment and crop damage levels in a maize-leucaena agroforestry system in Kenya",Kenya,Eastern Africa,Kenya Forestry Research Institute,-0.1667,34.3833,Maize,Maize-Leucaena leucocephala,Pest & Pathogen,Damage caused by pest,% damage (chilo spp.)/plot,Agroforestry,Alleycropping + Agroforestry (low diversity),Monoculture,5.24324324324323,4.236955230760118,24.0,6.05405405405405,2.648097019225056,24.0,0.1438,0.1876,15.5,3.0
MD_Jones_21_A glo_Sc_327,JA_Ogol _99_Maize_Ag,MD_Jones_21_A glo_Sc,Ogol et al. 1999,1999,10.1016/S0167-8809(99)00077-8,"Agriculture, Ecosystems and Environment","Maize stem borer colonization, establishment and crop damage levels in a maize-leucaena agroforestry system in Kenya",Kenya,Eastern Africa,Kenya Forestry Research Institute,-0.1667,34.3833,Maize,Maize-Leucaena leucocephala,Pest & Pathogen,Damage caused by pest,% damage (chilo spp.)/plot,Agroforestry,Alleycropping + Agroforestry (low diversity),Monoculture,5.24324324324323,4.236955230760118,24.0,5.94594594594594,4.766574634605137,24.0,0.1258,0.2323,13.4,3.0
MD_Jones_21_A glo_Sc_328,JA_Ogol _99_Maize_Ag,MD_Jones_21_A glo_Sc,Ogol et al. 1999,1999,10.1016/S0167-8809(99)00077-8,"Agriculture, Ecosystems and Environment","Maize stem borer colonization, establishment and crop damage levels in a maize-leucaena agroforestry system in Kenya",Kenya,Eastern Africa,Kenya Forestry Research Institute,-0.1667,34.3833,Maize,Maize-Leucaena leucocephala,Pest & Pathogen,Damage caused by pest,% damage (chilo spp.)/plot,Agroforestry,Alleycropping + Agroforestry (low diversity),Monoculture,5.24324324324323,4.236955230760118,24.0,5.45945945945946,5.031384336527575,24.0,0.0404,0.2502,4.1,3.0
MD_Jones_21_A glo_Sc_329,JA_Khan _06_Manag_In,MD_Jones_21_A glo_Sc,Khan et al. 2006,2006,10.1080/09670870600816991,International Journal of Pest Management,"Management of witchweed, Striga hermonthica, and stemborers in sorghum, Sorghum bicolor, through intercropping with greenleaf desmodium, Desmodium intortum",Kenya,Eastern Africa,"ICIPE Campus, Mbita Point",-0.4167,34.2,Sorghum,Sorghum-Desmodium intortum,Product Yield,Crop Yield,t/ha,Intercropping,Intercropping (N fixing mixed),Monoculture,1.3,0.34,4.0,3.11,0.36,4.0,0.8723,0.143,139.2,2.0
MD_Jones_21_A glo_Sc_330,JA_Khan _06_Manag_In,MD_Jones_21_A glo_Sc,Khan et al. 2006,2006,10.1080/09670870600816991,International Journal of Pest Management,"Management of witchweed, Striga hermonthica, and stemborers in sorghum, Sorghum bicolor, through intercropping with greenleaf desmodium, Desmodium intortum",Kenya,Eastern Africa,"ICIPE Campus, Mbita Point",-0.4167,34.2,Sorghum,Sorghum-Desmodium intortum,Product Yield,Crop Yield,t/ha,Intercropping,Intercropping (N fixing mixed),Monoculture,1.32,0.14,4.0,2.32,0.3,4.0,0.5639,0.0836,75.8,2.0
MD_Jones_21_A glo_Sc_331,JA_Khan _06_Manag_In,MD_Jones_21_A glo_Sc,Khan et al. 2006,2006,10.1080/09670870600816991,International Journal of Pest Management,"Management of witchweed, Striga hermonthica, and stemborers in sorghum, Sorghum bicolor, through intercropping with greenleaf desmodium, Desmodium intortum",Kenya,Eastern Africa,"ICIPE Campus, Mbita Point",-0.4167,34.2,Sorghum,Sorghum-Desmodium intortum,Product Yield,Crop Yield,t/ha,Intercropping,Intercropping (N fixing mixed),Monoculture,1.25,0.32,4.0,2.27,0.48,4.0,0.5966,0.166,81.6,2.0
MD_Jones_21_A glo_Sc_332,JA_Khan _06_Manag_In,MD_Jones_21_A glo_Sc,Khan et al. 2006,2006,10.1080/09670870600816991,International Journal of Pest Management,"Management of witchweed, Striga hermonthica, and stemborers in sorghum, Sorghum bicolor, through intercropping with greenleaf desmodium, Desmodium intortum",Kenya,Eastern Africa,"ICIPE Campus, Mbita Point",-0.4167,34.2,Sorghum,Sorghum-Desmodium intortum,Product Yield,Crop Yield,t/ha,Intercropping,Intercropping (N fixing mixed),Monoculture,1.9,0.24,4.0,2.7,0.3,4.0,0.3514,0.0841,42.1,2.0
MD_Jones_21_A glo_Sc_333,JA_Khan _06_Manag_In,MD_Jones_21_A glo_Sc,Khan et al. 2006,2006,10.1080/09670870600816991,International Journal of Pest Management,"Management of witchweed, Striga hermonthica, and stemborers in sorghum, Sorghum bicolor, through intercropping with greenleaf desmodium, Desmodium intortum",Kenya,Eastern Africa,Lambwe Division,-0.5667,34.3667,Sorghum,Sorghum-Desmodium intortum,Product Yield,Crop Yield,t/ha,Intercropping,Intercropping (N fixing mixed),Monoculture,0.9,0.34641016151377546,3.0,1.7,0.17320508075688773,3.0,0.636,0.2299,88.9,2.0
MD_Jones_21_A glo_Sc_334,JA_Khan _06_Manag_In,MD_Jones_21_A glo_Sc,Khan et al. 2006,2006,10.1080/09670870600816991,International Journal of Pest Management,"Management of witchweed, Striga hermonthica, and stemborers in sorghum, Sorghum bicolor, through intercropping with greenleaf desmodium, Desmodium intortum",Kenya,Eastern Africa,Lambwe Division,-0.5667,34.3667,Sorghum,Sorghum-Desmodium intortum,Product Yield,Crop Yield,t/ha,Intercropping,Intercropping (N fixing mixed),Monoculture,0.8,0.34641016151377546,3.0,1.6,,3.0,0.6931,,100.0,2.0
MD_Jones_21_A glo_Sc_335,JA_Nyasa_12_Effec_En,MD_Jones_21_A glo_Sc,Nyasani et al. 2012,2012,10.1111/j.1570-7458.2011.01217.x,Entomologia Experimentalis et Applicata,Effect of intercrops on thrips species composition and population abundance on French beans in Kenya,Kenya,Eastern Africa,KARI Embu,-0.5,37.45,Common Bean,Common Bean-Sunflower,Product Yield,Crop Yield,kg/ha,Intercropping,Intercropping (N fixing mixed),Monoculture,4500.0,482.0,4.0,3250.0,348.0,4.0,-0.3254,0.0757,-27.8,1.0
MD_Jones_21_A glo_Sc_336,JA_Nyasa_12_Effec_En,MD_Jones_21_A glo_Sc,Nyasani et al. 2012,2012,10.1111/j.1570-7458.2011.01217.x,Entomologia Experimentalis et Applicata,Effect of intercrops on thrips species composition and population abundance on French beans in Kenya,Kenya,Eastern Africa,KARI Embu,-0.5,37.45,Common Bean,Common Bean-Baby corn,Product Yield,Crop Yield,kg/ha,Intercropping,Intercropping (N fixing mixed),Monoculture,4500.0,482.0,4.0,3250.0,348.0,4.0,-0.3254,0.0757,-27.8,1.0
MD_Jones_21_A glo_Sc_337,JA_Nyasa_12_Effec_En,MD_Jones_21_A glo_Sc,Nyasani et al. 2012,2012,10.1111/j.1570-7458.2011.01217.x,Entomologia Experimentalis et Applicata,Effect of intercrops on thrips species composition and population abundance on French beans in Kenya,Kenya,Eastern Africa,KARI Embu,-0.5,37.45,Common Bean,Common Bean-Potato,Product Yield,Crop Yield,kg/ha,Intercropping,Intercropping (N fixing mixed),Monoculture,4500.0,482.0,4.0,4000.0,428.0,4.0,-0.1178,0.0757,-11.1,1.0
MD_Jones_21_A glo_Sc_338,JA_Nyasa_12_Effec_En,MD_Jones_21_A glo_Sc,Nyasani et al. 2012,2012,10.1111/j.1570-7458.2011.01217.x,Entomologia Experimentalis et Applicata,Effect of intercrops on thrips species composition and population abundance on French beans in Kenya,Kenya,Eastern Africa,KARI Embu,-0.5,37.45,Common Bean,Common Bean-Baby corn-Sunflower,Product Yield,Crop Yield,kg/ha,Intercropping,Intercropping (N fixing mixed),Monoculture,4500.0,482.0,4.0,3750.0,402.0,4.0,-0.1823,0.0758,-16.7,1.0
MD_Jones_21_A glo_Sc_339,JA_Nyasa_12_Effec_En,MD_Jones_21_A glo_Sc,Nyasani et al. 2012,2012,10.1111/j.1570-7458.2011.01217.x,Entomologia Experimentalis et Applicata,Effect of intercrops on thrips species composition and population abundance on French beans in Kenya,Kenya,Eastern Africa,KARI Embu,-0.5,37.45,Common Bean,Common Bean-Potato-Sunflower,Product Yield,Crop Yield,kg/ha,Intercropping,Intercropping (N fixing mixed),Monoculture,4500.0,482.0,4.0,4250.0,454.0,4.0,-0.0572,0.0756,-5.6,1.0
MD_Jones_21_A glo_Sc_340,JA_Nyasa_12_Effec_En,MD_Jones_21_A glo_Sc,Nyasani et al. 2012,2012,10.1111/j.1570-7458.2011.01217.x,Entomologia Experimentalis et Applicata,Effect of intercrops on thrips species composition and population abundance on French beans in Kenya,Kenya,Eastern Africa,KARI Embu,-0.5,37.45,Common Bean,Common Bean-Sunflower,Product Yield,Crop Yield,kg/ha,Intercropping,Intercropping (N fixing mixed),Monoculture,5250.0,748.0,4.0,3500.0,500.0,4.0,-0.4055,0.1009,-33.3,1.0
MD_Jones_21_A glo_Sc_341,JA_Nyasa_12_Effec_En,MD_Jones_21_A glo_Sc,Nyasani et al. 2012,2012,10.1111/j.1570-7458.2011.01217.x,Entomologia Experimentalis et Applicata,Effect of intercrops on thrips species composition and population abundance on French beans in Kenya,Kenya,Eastern Africa,KARI Embu,-0.5,37.45,Common Bean,Common Bean-Baby corn,Product Yield,Crop Yield,kg/ha,Intercropping,Intercropping (N fixing mixed),Monoculture,5250.0,748.0,4.0,3250.0,464.0,4.0,-0.4796,0.1008,-38.1,1.0
MD_Jones_21_A glo_Sc_342,JA_Nyasa_12_Effec_En,MD_Jones_21_A glo_Sc,Nyasani et al. 2012,2012,10.1111/j.1570-7458.2011.01217.x,Entomologia Experimentalis et Applicata,Effect of intercrops on thrips species composition and population abundance on French beans in Kenya,Kenya,Eastern Africa,KARI Embu,-0.5,37.45,Common Bean,Common Bean-Potato,Product Yield,Crop Yield,kg/ha,Intercropping,Intercropping (N fixing mixed),Monoculture,5250.0,748.0,4.0,3750.0,536.0,4.0,-0.3365,0.1009,-28.6,1.0
MD_Jones_21_A glo_Sc_343,JA_Nyasa_12_Effec_En,MD_Jones_21_A glo_Sc,Nyasani et al. 2012,2012,10.1111/j.1570-7458.2011.01217.x,Entomologia Experimentalis et Applicata,Effect of intercrops on thrips species composition and population abundance on French beans in Kenya,Kenya,Eastern Africa,KARI Embu,-0.5,37.45,Common Bean,Common Bean-Baby corn-Sunflower,Product Yield,Crop Yield,kg/ha,Intercropping,Intercropping (N fixing mixed),Monoculture,5250.0,748.0,4.0,4000.0,572.0,4.0,-0.2719,0.1009,-23.8,1.0
MD_Jones_21_A glo_Sc_344,JA_Nyasa_12_Effec_En,MD_Jones_21_A glo_Sc,Nyasani et al. 2012,2012,10.1111/j.1570-7458.2011.01217.x,Entomologia Experimentalis et Applicata,Effect of intercrops on thrips species composition and population abundance on French beans in Kenya,Kenya,Eastern Africa,KARI Embu,-0.5,37.45,Common Bean,Common Bean-Potato-Sunflower,Product Yield,Crop Yield,kg/ha,Intercropping,Intercropping (N fixing mixed),Monoculture,5250.0,748.0,4.0,4500.0,642.0,4.0,-0.1542,0.1008,-14.3,1.0
MD_Jones_21_A glo_Sc_345,JA_Siles_08_Mixed_So,MD_Jones_21_A glo_Sc,Sileshi et al. 2008,2008,10.1016/j.soilbio.2008.09.007,Soil Biology and Biochemistry,Mixed-species legume fallows affect faunal abundance and richness and N cycling compared to single species in maize-fallow rotations,Zambia,Southern Africa,Msekera RS,-13.65,32.5667,Maize/Pigeon Pea,Maize/Pigeon Pea,Product Yield,Crop Yield,t/ha,Improved Fallow,Improved Fallow (N fixing),Monoculture,4.729166666666668,0.14433756729741823,3.0,2.645833333333334,1.371206889325367,3.0,-0.5808,0.2997,-44.1,8.0
MD_Jones_21_A glo_Sc_346,JA_Siles_08_Mixed_So,MD_Jones_21_A glo_Sc,Sileshi et al. 2008,2008,10.1016/j.soilbio.2008.09.007,Soil Biology and Biochemistry,Mixed-species legume fallows affect faunal abundance and richness and N cycling compared to single species in maize-fallow rotations,Zambia,Southern Africa,Msekera RS,-13.65,32.5667,Maize/Pigeon Pea,Maize/Pigeon Pea-Sesbania sesban,Product Yield,Crop Yield,t/ha,Improved Fallow,Woody Fallow (N fixing),Monoculture,4.729166666666668,0.14433756729741823,3.0,3.9791666666666674,1.0464473629062032,3.0,-0.1727,0.1529,-15.9,8.0
MD_Jones_21_A glo_Sc_347,JA_Siles_08_Mixed_So,MD_Jones_21_A glo_Sc,Sileshi et al. 2008,2008,10.1016/j.soilbio.2008.09.007,Soil Biology and Biochemistry,Mixed-species legume fallows affect faunal abundance and richness and N cycling compared to single species in maize-fallow rotations,Zambia,Southern Africa,Msekera RS,-13.65,32.5667,Maize/Tephrosia vogelii,Maize/Tephrosia vogelii,Product Yield,Crop Yield,t/ha,Improved Fallow,Woody Fallow (N fixing),Monoculture,4.729166666666668,0.14433756729741823,3.0,3.875000000000001,0.7577722283113838,3.0,-0.1992,0.1143,-18.1,8.0
MD_Jones_21_A glo_Sc_348,JA_Siles_08_Mixed_So,MD_Jones_21_A glo_Sc,Sileshi et al. 2008,2008,10.1016/j.soilbio.2008.09.007,Soil Biology and Biochemistry,Mixed-species legume fallows affect faunal abundance and richness and N cycling compared to single species in maize-fallow rotations,Zambia,Southern Africa,Msekera RS,-13.65,32.5667,Maize/Sesbania sesban,Maize/Sesbania sesban-Tephrosia vogelii,Product Yield,Crop Yield,t/ha,Improved Fallow,Woody Fallow (N fixing),Monoculture,4.729166666666668,0.14433756729741823,3.0,4.479166666666668,1.8042195912175871,3.0,-0.0543,0.2332,-5.3,8.0
MD_Jones_21_A glo_Sc_349,JA_Siles_08_Mixed_So,MD_Jones_21_A glo_Sc,Sileshi et al. 2008,2008,10.1016/j.soilbio.2008.09.007,Soil Biology and Biochemistry,Mixed-species legume fallows affect faunal abundance and richness and N cycling compared to single species in maize-fallow rotations,Zambia,Southern Africa,Msekera RS,-13.65,32.5667,Maize/Sesbania sesban,Maize/Sesbania sesban,Product Yield,Crop Yield,t/ha,Improved Fallow,Woody Fallow (N fixing),Monoculture,4.729166666666668,0.14433756729741823,3.0,3.4791666666666674,1.9485571585149868,3.0,-0.307,0.3238,-26.4,8.0
MD_Jones_21_A glo_Sc_350,JA_Siles_08_Mixed_So,MD_Jones_21_A glo_Sc,Sileshi et al. 2008,2008,10.1016/j.soilbio.2008.09.007,Soil Biology and Biochemistry,Mixed-species legume fallows affect faunal abundance and richness and N cycling compared to single species in maize-fallow rotations,Zambia,Southern Africa,Msekera RS,-13.65,32.5667,Maize/Grass Unspecified/Native legumes,Maize/Grass Unspecified/Native legumes,Product Yield,Crop Yield,t/ha,Improved Fallow,Improved Fallow (N fixing),Monoculture,4.729166666666668,0.14433756729741823,3.0,0.9166666666666669,0.3608439182435156,3.0,-1.6408,0.228,-80.6,8.0
MD_Jones_21_A glo_Sc_351,JA_Siles_08_Mixed_So,MD_Jones_21_A glo_Sc,Sileshi et al. 2008,2008,10.1016/j.soilbio.2008.09.007,Soil Biology and Biochemistry,Mixed-species legume fallows affect faunal abundance and richness and N cycling compared to single species in maize-fallow rotations,Zambia,Southern Africa,Msekera RS,-13.65,32.5667,Maize/Pigeon Pea,Maize/Pigeon Pea,Product Yield,Crop Yield,t/ha,Improved Fallow,Improved Fallow (N fixing),Monoculture,4.285206789175913,0.6214599209122832,3.0,0.9383798956186123,0.6559854720740698,3.0,-1.5188,0.4122,-78.1,8.0
MD_Jones_21_A glo_Sc_352,JA_Siles_08_Mixed_So,MD_Jones_21_A glo_Sc,Sileshi et al. 2008,2008,10.1016/j.soilbio.2008.09.007,Soil Biology and Biochemistry,Mixed-species legume fallows affect faunal abundance and richness and N cycling compared to single species in maize-fallow rotations,Zambia,Southern Africa,Msekera RS,-13.65,32.5667,Maize/Pigeon Pea,Maize/Pigeon Pea-Sesbania sesban,Product Yield,Crop Yield,t/ha,Improved Fallow,Woody Fallow (N fixing),Monoculture,4.285206789175913,0.6214599209122832,3.0,1.77886934783562,0.17251381009556102,3.0,-0.8792,0.1007,-58.5,8.0
MD_Jones_21_A glo_Sc_353,JA_Siles_08_Mixed_So,MD_Jones_21_A glo_Sc,Sileshi et al. 2008,2008,10.1016/j.soilbio.2008.09.007,Soil Biology and Biochemistry,Mixed-species legume fallows affect faunal abundance and richness and N cycling compared to single species in maize-fallow rotations,Zambia,Southern Africa,Msekera RS,-13.65,32.5667,Maize/Tephrosia vogelii,Maize/Tephrosia vogelii,Product Yield,Crop Yield,t/ha,Improved Fallow,Woody Fallow (N fixing),Monoculture,4.285206789175913,0.6214599209122832,3.0,1.6022323582299016,0.483357716265103,3.0,-0.9838,0.1933,-62.6,8.0
MD_Jones_21_A glo_Sc_354,JA_Siles_08_Mixed_So,MD_Jones_21_A glo_Sc,Sileshi et al. 2008,2008,10.1016/j.soilbio.2008.09.007,Soil Biology and Biochemistry,Mixed-species legume fallows affect faunal abundance and richness and N cycling compared to single species in maize-fallow rotations,Zambia,Southern Africa,Msekera RS,-13.65,32.5667,Maize/Sesbania sesban,Maize/Sesbania sesban-Tephrosia vogelii,Product Yield,Crop Yield,t/ha,Improved Fallow,Woody Fallow (N fixing),Monoculture,4.285206789175913,0.6214599209122832,3.0,1.326191833691504,0.655871526360664,3.0,-1.1729,0.2976,-69.1,8.0
MD_Jones_21_A glo_Sc_355,JA_Siles_08_Mixed_So,MD_Jones_21_A glo_Sc,Sileshi et al. 2008,2008,10.1016/j.soilbio.2008.09.007,Soil Biology and Biochemistry,Mixed-species legume fallows affect faunal abundance and richness and N cycling compared to single species in maize-fallow rotations,Zambia,Southern Africa,Msekera RS,-13.65,32.5667,Maize/Sesbania sesban,Maize/Sesbania sesban,Product Yield,Crop Yield,t/ha,Improved Fallow,Woody Fallow (N fixing),Monoculture,4.285206789175913,0.6214599209122832,3.0,1.010284636638744,0.5868204240370829,3.0,-1.4449,0.3456,-76.4,8.0
MD_Jones_21_A glo_Sc_356,JA_Siles_08_Mixed_So,MD_Jones_21_A glo_Sc,Sileshi et al. 2008,2008,10.1016/j.soilbio.2008.09.007,Soil Biology and Biochemistry,Mixed-species legume fallows affect faunal abundance and richness and N cycling compared to single species in maize-fallow rotations,Zambia,Southern Africa,Msekera RS,-13.65,32.5667,Maize/Grass Unspecified/Native legumes,Maize/Grass Unspecified/Native legumes,Product Yield,Crop Yield,t/ha,Improved Fallow,Improved Fallow (N fixing),Monoculture,4.285206789175913,0.6214599209122832,3.0,1.1328450506556722,0.3449136744777121,3.0,-1.3304,0.1947,-73.6,8.0
MD_Jones_21_A glo_Sc_357,JA_Siles_08_Mixed_So,MD_Jones_21_A glo_Sc,Sileshi et al. 2008,2008,10.1016/j.soilbio.2008.09.007,Soil Biology and Biochemistry,Mixed-species legume fallows affect faunal abundance and richness and N cycling compared to single species in maize-fallow rotations,Zambia,Southern Africa,Msekera RS,-13.65,32.5667,Maize/Pigeon Pea,Maize/Pigeon Pea,Product Yield,Crop Yield,t/ha,Improved Fallow,Improved Fallow (N fixing),Monoculture,5.4946096895700745,0.605284153495792,3.0,2.0014287569814275,1.2777221147665234,3.0,-1.0099,0.374,-63.6,8.0
MD_Jones_21_A glo_Sc_358,JA_Siles_08_Mixed_So,MD_Jones_21_A glo_Sc,Sileshi et al. 2008,2008,10.1016/j.soilbio.2008.09.007,Soil Biology and Biochemistry,Mixed-species legume fallows affect faunal abundance and richness and N cycling compared to single species in maize-fallow rotations,Zambia,Southern Africa,Msekera RS,-13.65,32.5667,Maize/Pigeon Pea,Maize/Pigeon Pea-Sesbania sesban,Product Yield,Crop Yield,t/ha,Improved Fallow,Woody Fallow (N fixing),Monoculture,5.4946096895700745,0.605284153495792,3.0,3.4412261332640597,0.9419530758918059,3.0,-0.4679,0.1704,-37.4,8.0
MD_Jones_21_A glo_Sc_359,JA_Siles_08_Mixed_So,MD_Jones_21_A glo_Sc,Sileshi et al. 2008,2008,10.1016/j.soilbio.2008.09.007,Soil Biology and Biochemistry,Mixed-species legume fallows affect faunal abundance and richness and N cycling compared to single species in maize-fallow rotations,Zambia,Southern Africa,Msekera RS,-13.65,32.5667,Maize/Tephrosia vogelii,Maize/Tephrosia vogelii,Product Yield,Crop Yield,t/ha,Improved Fallow,Woody Fallow (N fixing),Monoculture,5.4946096895700745,0.605284153495792,3.0,2.4150539031042992,0.5043847136731405,3.0,-0.822,0.1363,-56.0,8.0
MD_Jones_21_A glo_Sc_360,JA_Siles_08_Mixed_So,MD_Jones_21_A glo_Sc,Sileshi et al. 2008,2008,10.1016/j.soilbio.2008.09.007,Soil Biology and Biochemistry,Mixed-species legume fallows affect faunal abundance and richness and N cycling compared to single species in maize-fallow rotations,Zambia,Southern Africa,Msekera RS,-13.65,32.5667,Maize/Sesbania sesban,Maize/Sesbania sesban-Tephrosia vogelii,Product Yield,Crop Yield,t/ha,Improved Fallow,Woody Fallow (N fixing),Monoculture,5.4946096895700745,0.605284153495792,3.0,2.3986231978178996,1.7823317993199796,3.0,-0.8289,0.4337,-56.3,8.0
MD_Jones_21_A glo_Sc_361,JA_Siles_08_Mixed_So,MD_Jones_21_A glo_Sc,Sileshi et al. 2008,2008,10.1016/j.soilbio.2008.09.007,Soil Biology and Biochemistry,Mixed-species legume fallows affect faunal abundance and richness and N cycling compared to single species in maize-fallow rotations,Zambia,Southern Africa,Msekera RS,-13.65,32.5667,Maize/Sesbania sesban,Maize/Sesbania sesban,Product Yield,Crop Yield,t/ha,Improved Fallow,Woody Fallow (N fixing),Monoculture,5.4946096895700745,0.605284153495792,3.0,2.770554617482791,1.311130290493752,3.0,-0.6847,0.2805,-49.6,8.0
MD_Jones_21_A glo_Sc_362,JA_Siles_08_Mixed_So,MD_Jones_21_A glo_Sc,Sileshi et al. 2008,2008,10.1016/j.soilbio.2008.09.007,Soil Biology and Biochemistry,Mixed-species legume fallows affect faunal abundance and richness and N cycling compared to single species in maize-fallow rotations,Zambia,Southern Africa,Msekera RS,-13.65,32.5667,Maize/Grass Unspecified/Native legumes,Maize/Grass Unspecified/Native legumes,Product Yield,Crop Yield,t/ha,Improved Fallow,Improved Fallow (N fixing),Monoculture,5.4946096895700745,0.605284153495792,3.0,1.0643590076633362,0.43756836221866496,3.0,-1.6414,0.2457,-80.6,8.0
MD_Jones_21_A glo_Sc_363,JA_Siles_08_Mixed_So,MD_Jones_21_A glo_Sc,Sileshi et al. 2008,2008,10.1016/j.soilbio.2008.09.007,Soil Biology and Biochemistry,Mixed-species legume fallows affect faunal abundance and richness and N cycling compared to single species in maize-fallow rotations,Zambia,Southern Africa,Msekera RS,-13.65,32.5667,Maize/Pigeon Pea,Maize/Pigeon Pea,Product Yield,Crop Yield,t/ha,Improved Fallow,Improved Fallow (N fixing),Monoculture,2.3076923076923084,0.6994820569028264,3.0,0.7115384615384617,0.532938710021178,3.0,-1.1766,0.4665,-69.2,8.0
MD_Jones_21_A glo_Sc_364,JA_Siles_08_Mixed_So,MD_Jones_21_A glo_Sc,Sileshi et al. 2008,2008,10.1016/j.soilbio.2008.09.007,Soil Biology and Biochemistry,Mixed-species legume fallows affect faunal abundance and richness and N cycling compared to single species in maize-fallow rotations,Zambia,Southern Africa,Msekera RS,-13.65,32.5667,Maize/Pigeon Pea,Maize/Pigeon Pea-Sesbania sesban,Product Yield,Crop Yield,t/ha,Improved Fallow,Woody Fallow (N fixing),Monoculture,2.3076923076923084,0.6994820569028264,3.0,0.8653846153846151,0.49963004064486244,3.0,-0.9808,0.3765,-62.5,8.0
MD_Jones_21_A glo_Sc_365,JA_Siles_08_Mixed_So,MD_Jones_21_A glo_Sc,Sileshi et al. 2008,2008,10.1016/j.soilbio.2008.09.007,Soil Biology and Biochemistry,Mixed-species legume fallows affect faunal abundance and richness and N cycling compared to single species in maize-fallow rotations,Zambia,Southern Africa,Msekera RS,-13.65,32.5667,Maize/Tephrosia vogelii,Maize/Tephrosia vogelii,Product Yield,Crop Yield,t/ha,Improved Fallow,Woody Fallow (N fixing),Monoculture,2.3076923076923084,0.6994820569028264,3.0,0.5384615384615383,0.23316068563426917,3.0,-1.4553,0.3052,-76.7,8.0
MD_Jones_21_A glo_Sc_366,JA_Siles_08_Mixed_So,MD_Jones_21_A glo_Sc,Sileshi et al. 2008,2008,10.1016/j.soilbio.2008.09.007,Soil Biology and Biochemistry,Mixed-species legume fallows affect faunal abundance and richness and N cycling compared to single species in maize-fallow rotations,Zambia,Southern Africa,Msekera RS,-13.65,32.5667,Maize/Sesbania sesban,Maize/Sesbania sesban-Tephrosia vogelii,Product Yield,Crop Yield,t/ha,Improved Fallow,Woody Fallow (N fixing),Monoculture,2.3076923076923084,0.6994820569028264,3.0,0.5961538461538467,0.333086693763245,3.0,-1.3535,0.367,-74.2,8.0
MD_Jones_21_A glo_Sc_367,JA_Siles_08_Mixed_So,MD_Jones_21_A glo_Sc,Sileshi et al. 2008,2008,10.1016/j.soilbio.2008.09.007,Soil Biology and Biochemistry,Mixed-species legume fallows affect faunal abundance and richness and N cycling compared to single species in maize-fallow rotations,Zambia,Southern Africa,Msekera RS,-13.65,32.5667,Maize/Sesbania sesban,Maize/Sesbania sesban,Product Yield,Crop Yield,t/ha,Improved Fallow,Woody Fallow (N fixing),Monoculture,2.3076923076923084,0.6994820569028264,3.0,0.6153846153846168,0.26646935501059343,3.0,-1.3218,0.3052,-73.3,8.0
MD_Jones_21_A glo_Sc_368,JA_Siles_08_Mixed_So,MD_Jones_21_A glo_Sc,Sileshi et al. 2008,2008,10.1016/j.soilbio.2008.09.007,Soil Biology and Biochemistry,Mixed-species legume fallows affect faunal abundance and richness and N cycling compared to single species in maize-fallow rotations,Zambia,Southern Africa,Msekera RS,-13.65,32.5667,Maize/Grass Unspecified/Native legumes,Maize/Grass Unspecified/Native legumes,Product Yield,Crop Yield,t/ha,Improved Fallow,Improved Fallow (N fixing),Monoculture,2.3076923076923084,0.6994820569028264,3.0,0.21153846153846168,0.033308669376322424,3.0,-2.3896,0.1972,-90.8,8.0
MD_Jones_21_A glo_Sc_369,JA_Sjogr_10_Effec_Jo,MD_Jones_21_A glo_Sc,Sjogren et al. 2010,2010,10.1007/s11676-010-0085-0,Journal of Forestry Research,Effects of improved fallow with Sesbania sesban on maize productivity and Striga hermonthica infestation in Western Kenya,Kenya,Eastern Africa,"Central Bunyore, Vihiga District",0.1,34.5667,Maize/Sesbania sesban,Maize/Sesbania sesban,Product Yield,Crop Yield,t/ha,Agroforestry,Alleycropping,Monoculture,1.6629956209953578,0.4687802026035399,4.0,5.704327697502654,0.5472443293679614,4.0,1.2326,0.1489,243.0,4.0
MD_Jones_21_A glo_Sc_370,JA_Sjogr_10_Effec_Jo,MD_Jones_21_A glo_Sc,Sjogren et al. 2010,2010,10.1007/s11676-010-0085-0,Journal of Forestry Research,Effects of improved fallow with Sesbania sesban on maize productivity and Striga hermonthica infestation in Western Kenya,Kenya,Eastern Africa,"Central Bunyore, Vihiga District",0.1,34.5667,Maize/Sesbania sesban,Maize/Sesbania sesban,Product Yield,Crop Yield,t/ha,Agroforestry,Alleycropping,Monoculture,1.6629956209953578,0.4687802026035399,4.0,1.796513500936653,0.5472443293679596,4.0,0.0772,0.2075,8.0,4.0
MD_Jones_21_A glo_Sc_371,JA_Sjogr_10_Effec_Jo,MD_Jones_21_A glo_Sc,Sjogren et al. 2010,2010,10.1007/s11676-010-0085-0,Journal of Forestry Research,Effects of improved fallow with Sesbania sesban on maize productivity and Striga hermonthica infestation in Western Kenya,Kenya,Eastern Africa,"Central Bunyore, Vihiga District",0.1,34.5667,Maize,Maize,Product Yield,Crop Yield,t/ha,Bare Fallow,Bare Fallow,Monoculture,1.6629956209953578,0.4687802026035399,4.0,4.494720137455404,0.5080122659857604,4.0,0.9943,0.1519,170.3,4.0
MD_Jones_21_A glo_Sc_372,JA_Sjogr_10_Effec_Jo,MD_Jones_21_A glo_Sc,Sjogren et al. 2010,2010,10.1007/s11676-010-0085-0,Journal of Forestry Research,Effects of improved fallow with Sesbania sesban on maize productivity and Striga hermonthica infestation in Western Kenya,Kenya,Eastern Africa,"Central Bunyore, Vihiga District",0.1,34.5667,Maize,Maize,Product Yield,Crop Yield,t/ha,Bare Fallow,Bare Fallow,Monoculture,1.6629956209953578,0.4687802026035399,4.0,1.700867448603372,0.5863332100371004,4.0,0.0225,0.2227,2.3,4.0
MD_Jones_21_A glo_Sc_373,JA_Sjogr_10_Effec_Jo,MD_Jones_21_A glo_Sc,Sjogren et al. 2010,2010,10.1007/s11676-010-0085-0,Journal of Forestry Research,Effects of improved fallow with Sesbania sesban on maize productivity and Striga hermonthica infestation in Western Kenya,Kenya,Eastern Africa,"Central Bunyore, Vihiga District",0.1,34.5667,Maize,Maize,Product Yield,Crop Yield,t/ha,No Fertilizers Applied,No Fertilizers Applied,External input dependency,2.4653915450607924,0.3125678626400399,4.0,1.6629956209953578,0.4687802026035399,4.0,-0.3937,0.1545,-32.5,4.0
MD_Jones_21_A glo_Sc_374,JA_Sjogr_10_Effec_Jo,MD_Jones_21_A glo_Sc,Sjogren et al. 2010,2010,10.1007/s11676-010-0085-0,Journal of Forestry Research,Effects of improved fallow with Sesbania sesban on maize productivity and Striga hermonthica infestation in Western Kenya,Kenya,Eastern Africa,"Central Bunyore, Vihiga District",0.1,34.5667,Maize/Sesbania sesban,Maize/Sesbania sesban,Product Yield,Crop Yield,t/ha,Agroforestry,Alleycropping,Monoculture,2.4653915450607924,0.3125678626400399,4.0,5.704327697502654,0.5472443293679614,4.0,0.8389,0.0795,131.4,4.0
MD_Jones_21_A glo_Sc_375,JA_Sjogr_10_Effec_Jo,MD_Jones_21_A glo_Sc,Sjogren et al. 2010,2010,10.1007/s11676-010-0085-0,Journal of Forestry Research,Effects of improved fallow with Sesbania sesban on maize productivity and Striga hermonthica infestation in Western Kenya,Kenya,Eastern Africa,"Central Bunyore, Vihiga District",0.1,34.5667,Maize/Sesbania sesban,Maize/Sesbania sesban,Product Yield,Crop Yield,t/ha,Agroforestry,Alleycropping,Monoculture,2.4653915450607924,0.3125678626400399,4.0,1.796513500936653,0.5472443293679596,4.0,-0.3165,0.165,-27.1,4.0
MD_Jones_21_A glo_Sc_376,JA_Sjogr_10_Effec_Jo,MD_Jones_21_A glo_Sc,Sjogren et al. 2010,2010,10.1007/s11676-010-0085-0,Journal of Forestry Research,Effects of improved fallow with Sesbania sesban on maize productivity and Striga hermonthica infestation in Western Kenya,Kenya,Eastern Africa,"Central Bunyore, Vihiga District",0.1,34.5667,Maize,Maize,Product Yield,Crop Yield,t/ha,Bare Fallow,Bare Fallow,Monoculture,2.4653915450607924,0.3125678626400399,4.0,4.494720137455404,0.5080122659857604,4.0,0.6006,0.0849,82.3,4.0
MD_Jones_21_A glo_Sc_377,JA_Sjogr_10_Effec_Jo,MD_Jones_21_A glo_Sc,Sjogren et al. 2010,2010,10.1007/s11676-010-0085-0,Journal of Forestry Research,Effects of improved fallow with Sesbania sesban on maize productivity and Striga hermonthica infestation in Western Kenya,Kenya,Eastern Africa,"Central Bunyore, Vihiga District",0.1,34.5667,Maize,Maize,Product Yield,Crop Yield,t/ha,Bare Fallow,Bare Fallow,Monoculture,2.4653915450607924,0.3125678626400399,4.0,1.700867448603372,0.5863332100371004,4.0,-0.3712,0.1837,-31.0,4.0
MD_Jones_21_A glo_Sc_378,JA_Sjogr_10_Effec_Jo,MD_Jones_21_A glo_Sc,Sjogren et al. 2010,2010,10.1007/s11676-010-0085-0,Journal of Forestry Research,Effects of improved fallow with Sesbania sesban on maize productivity and Striga hermonthica infestation in Western Kenya,Kenya,Eastern Africa,"Central Bunyore, Vihiga District",0.1,34.5667,Maize/Sesbania sesban,Maize/Sesbania sesban,Product Yield,Crop Yield,t/ha,Agroforestry,Alleycropping,Monoculture,2.5893161832261447,0.31242467992697964,4.0,3.347182283525635,0.9773651994415795,4.0,0.2567,0.158,29.3,4.0
MD_Jones_21_A glo_Sc_379,JA_Sjogr_10_Effec_Jo,MD_Jones_21_A glo_Sc,Sjogren et al. 2010,2010,10.1007/s11676-010-0085-0,Journal of Forestry Research,Effects of improved fallow with Sesbania sesban on maize productivity and Striga hermonthica infestation in Western Kenya,Kenya,Eastern Africa,"Central Bunyore, Vihiga District",0.1,34.5667,Maize/Sesbania sesban,Maize/Sesbania sesban,Product Yield,Crop Yield,t/ha,Agroforestry,Alleycropping,Monoculture,2.5893161832261447,0.31242467992697964,4.0,2.5275328425348107,0.5078690832726807,4.0,-0.0242,0.1172,-2.4,4.0
MD_Jones_21_A glo_Sc_380,JA_Sjogr_10_Effec_Jo,MD_Jones_21_A glo_Sc,Sjogren et al. 2010,2010,10.1007/s11676-010-0085-0,Journal of Forestry Research,Effects of improved fallow with Sesbania sesban on maize productivity and Striga hermonthica infestation in Western Kenya,Kenya,Eastern Africa,"Central Bunyore, Vihiga District",0.1,34.5667,Maize,Maize,Product Yield,Crop Yield,t/ha,Bare Fallow,Bare Fallow,Monoculture,2.5893161832261447,0.31242467992697964,4.0,2.4696870264530055,0.5864763927501793,4.0,-0.0473,0.1332,-4.6,4.0
MD_Jones_21_A glo_Sc_381,JA_Sjogr_10_Effec_Jo,MD_Jones_21_A glo_Sc,Sjogren et al. 2010,2010,10.1007/s11676-010-0085-0,Journal of Forestry Research,Effects of improved fallow with Sesbania sesban on maize productivity and Striga hermonthica infestation in Western Kenya,Kenya,Eastern Africa,"Central Bunyore, Vihiga District",0.1,34.5667,Maize,Maize,Product Yield,Crop Yield,t/ha,Bare Fallow,Bare Fallow,Monoculture,2.5893161832261447,0.31242467992697964,4.0,2.6271880108341588,0.8994738035294603,4.0,0.0145,0.1815,1.5,4.0
MD_Jones_21_A glo_Sc_382,JA_Sjogr_10_Effec_Jo,MD_Jones_21_A glo_Sc,Sjogren et al. 2010,2010,10.1007/s11676-010-0085-0,Journal of Forestry Research,Effects of improved fallow with Sesbania sesban on maize productivity and Striga hermonthica infestation in Western Kenya,Kenya,Eastern Africa,"Central Bunyore, Vihiga District",0.1,34.5667,Maize,Maize,Product Yield,Crop Yield,t/ha,No Fertilizers Applied,No Fertilizers Applied,External input dependency,3.528523189633572,0.39088880669140025,4.0,2.5893161832261447,0.31242467992697964,4.0,-0.3095,0.0819,-26.6,4.0
MD_Jones_21_A glo_Sc_383,JA_Sjogr_10_Effec_Jo,MD_Jones_21_A glo_Sc,Sjogren et al. 2010,2010,10.1007/s11676-010-0085-0,Journal of Forestry Research,Effects of improved fallow with Sesbania sesban on maize productivity and Striga hermonthica infestation in Western Kenya,Kenya,Eastern Africa,"Central Bunyore, Vihiga District",0.1,34.5667,Maize/Sesbania sesban,Maize/Sesbania sesban,Product Yield,Crop Yield,t/ha,Agroforestry,Alleycropping,Monoculture,3.528523189633572,0.39088880669140025,4.0,3.347182283525635,0.9773651994415795,4.0,-0.0528,0.1562,-5.1,4.0
MD_Jones_21_A glo_Sc_384,JA_Sjogr_10_Effec_Jo,MD_Jones_21_A glo_Sc,Sjogren et al. 2010,2010,10.1007/s11676-010-0085-0,Journal of Forestry Research,Effects of improved fallow with Sesbania sesban on maize productivity and Striga hermonthica infestation in Western Kenya,Kenya,Eastern Africa,"Central Bunyore, Vihiga District",0.1,34.5667,Maize/Sesbania sesban,Maize/Sesbania sesban,Product Yield,Crop Yield,t/ha,Agroforestry,Alleycropping,Monoculture,3.528523189633572,0.39088880669140025,4.0,2.5275328425348107,0.5078690832726807,4.0,-0.3336,0.1147,-28.4,4.0
MD_Jones_21_A glo_Sc_385,JA_Sjogr_10_Effec_Jo,MD_Jones_21_A glo_Sc,Sjogren et al. 2010,2010,10.1007/s11676-010-0085-0,Journal of Forestry Research,Effects of improved fallow with Sesbania sesban on maize productivity and Striga hermonthica infestation in Western Kenya,Kenya,Eastern Africa,"Central Bunyore, Vihiga District",0.1,34.5667,Maize,Maize,Product Yield,Crop Yield,t/ha,Bare Fallow,Bare Fallow,Monoculture,3.528523189633572,0.39088880669140025,4.0,2.4696870264530055,0.5864763927501793,4.0,-0.3568,0.131,-30.0,4.0
MD_Jones_21_A glo_Sc_386,JA_Sjogr_10_Effec_Jo,MD_Jones_21_A glo_Sc,Sjogren et al. 2010,2010,10.1007/s11676-010-0085-0,Journal of Forestry Research,Effects of improved fallow with Sesbania sesban on maize productivity and Striga hermonthica infestation in Western Kenya,Kenya,Eastern Africa,"Central Bunyore, Vihiga District",0.1,34.5667,Maize,Maize,Product Yield,Crop Yield,t/ha,Bare Fallow,Bare Fallow,Monoculture,3.528523189633572,0.39088880669140025,4.0,2.6271880108341588,0.8994738035294603,4.0,-0.295,0.1799,-25.5,4.0
MD_Jones_21_A glo_Sc_387,JA_Sjogr_10_Effec_Jo,MD_Jones_21_A glo_Sc,Sjogren et al. 2010,2010,10.1007/s11676-010-0085-0,Journal of Forestry Research,Effects of improved fallow with Sesbania sesban on maize productivity and Striga hermonthica infestation in Western Kenya,Kenya,Eastern Africa,"Central Bunyore, Vihiga District",0.1,34.5667,Maize/Sesbania sesban,Maize/Sesbania sesban,Product Yield,Crop Yield,t/ha,Agroforestry,Alleycropping,Monoculture,1.5611927119999036,0.3911751721175598,4.0,1.557040413320764,0.3516567433091997,4.0,-0.0027,0.1687,-0.3,4.0
MD_Jones_21_A glo_Sc_388,JA_Sjogr_10_Effec_Jo,MD_Jones_21_A glo_Sc,Sjogren et al. 2010,2010,10.1007/s11676-010-0085-0,Journal of Forestry Research,Effects of improved fallow with Sesbania sesban on maize productivity and Striga hermonthica infestation in Western Kenya,Kenya,Eastern Africa,"Central Bunyore, Vihiga District",0.1,34.5667,Maize/Sesbania sesban,Maize/Sesbania sesban,Product Yield,Crop Yield,t/ha,Agroforestry,Alleycropping,Monoculture,1.5611927119999036,0.3911751721175598,4.0,1.2452600556026203,0.23467646672789977,4.0,-0.2261,0.1568,-20.2,4.0
MD_Jones_21_A glo_Sc_389,JA_Sjogr_10_Effec_Jo,MD_Jones_21_A glo_Sc,Sjogren et al. 2010,2010,10.1007/s11676-010-0085-0,Journal of Forestry Research,Effects of improved fallow with Sesbania sesban on maize productivity and Striga hermonthica infestation in Western Kenya,Kenya,Eastern Africa,"Central Bunyore, Vihiga District",0.1,34.5667,Maize,Maize,Product Yield,Crop Yield,t/ha,Bare Fallow,Bare Fallow,Monoculture,1.5611927119999036,0.3911751721175598,4.0,1.4026894486272354,0.5082986314118996,4.0,-0.1071,0.2203,-10.2,4.0
MD_Jones_21_A glo_Sc_390,JA_Sjogr_10_Effec_Jo,MD_Jones_21_A glo_Sc,Sjogren et al. 2010,2010,10.1007/s11676-010-0085-0,Journal of Forestry Research,Effects of improved fallow with Sesbania sesban on maize productivity and Striga hermonthica infestation in Western Kenya,Kenya,Eastern Africa,"Central Bunyore, Vihiga District",0.1,34.5667,Maize,Maize,Product Yield,Crop Yield,t/ha,Bare Fallow,Bare Fallow,Monoculture,1.5611927119999036,0.3911751721175598,4.0,1.4820126716701072,0.6640814232361798,4.0,-0.052,0.2567,-5.1,4.0
MD_Jones_21_A glo_Sc_391,JA_Sjogr_10_Effec_Jo,MD_Jones_21_A glo_Sc,Sjogren et al. 2010,2010,10.1007/s11676-010-0085-0,Journal of Forestry Research,Effects of improved fallow with Sesbania sesban on maize productivity and Striga hermonthica infestation in Western Kenya,Kenya,Eastern Africa,"Central Bunyore, Vihiga District",0.1,34.5667,Maize,Maize,Product Yield,Crop Yield,t/ha,No Fertilizers Applied,No Fertilizers Applied,External input dependency,3.4189168227755964,0.1955875860587799,4.0,1.5611927119999036,0.3911751721175598,4.0,-0.7839,0.1285,-54.3,4.0
MD_Jones_21_A glo_Sc_392,JA_Sjogr_10_Effec_Jo,MD_Jones_21_A glo_Sc,Sjogren et al. 2010,2010,10.1007/s11676-010-0085-0,Journal of Forestry Research,Effects of improved fallow with Sesbania sesban on maize productivity and Striga hermonthica infestation in Western Kenya,Kenya,Eastern Africa,"Central Bunyore, Vihiga District",0.1,34.5667,Maize/Sesbania sesban,Maize/Sesbania sesban,Product Yield,Crop Yield,t/ha,Agroforestry,Alleycropping,Monoculture,3.4189168227755964,0.1955875860587799,4.0,1.557040413320764,0.3516567433091997,4.0,-0.7865,0.1165,-54.5,4.0
MD_Jones_21_A glo_Sc_393,JA_Sjogr_10_Effec_Jo,MD_Jones_21_A glo_Sc,Sjogren et al. 2010,2010,10.1007/s11676-010-0085-0,Journal of Forestry Research,Effects of improved fallow with Sesbania sesban on maize productivity and Striga hermonthica infestation in Western Kenya,Kenya,Eastern Africa,"Central Bunyore, Vihiga District",0.1,34.5667,Maize/Sesbania sesban,Maize/Sesbania sesban,Product Yield,Crop Yield,t/ha,Agroforestry,Alleycropping,Monoculture,3.4189168227755964,0.1955875860587799,4.0,1.2452600556026203,0.23467646672789977,4.0,-1.01,0.0985,-63.6,4.0
MD_Jones_21_A glo_Sc_394,JA_Sjogr_10_Effec_Jo,MD_Jones_21_A glo_Sc,Sjogren et al. 2010,2010,10.1007/s11676-010-0085-0,Journal of Forestry Research,Effects of improved fallow with Sesbania sesban on maize productivity and Striga hermonthica infestation in Western Kenya,Kenya,Eastern Africa,"Central Bunyore, Vihiga District",0.1,34.5667,Maize,Maize,Product Yield,Crop Yield,t/ha,Bare Fallow,Bare Fallow,Monoculture,3.4189168227755964,0.1955875860587799,4.0,1.4026894486272354,0.5082986314118996,4.0,-0.8909,0.1834,-59.0,4.0
MD_Jones_21_A glo_Sc_395,JA_Sjogr_10_Effec_Jo,MD_Jones_21_A glo_Sc,Sjogren et al. 2010,2010,10.1007/s11676-010-0085-0,Journal of Forestry Research,Effects of improved fallow with Sesbania sesban on maize productivity and Striga hermonthica infestation in Western Kenya,Kenya,Eastern Africa,"Central Bunyore, Vihiga District",0.1,34.5667,Maize,Maize,Product Yield,Crop Yield,t/ha,Bare Fallow,Bare Fallow,Monoculture,3.4189168227755964,0.1955875860587799,4.0,1.4820126716701072,0.6640814232361798,4.0,-0.8359,0.2259,-56.7,4.0
MD_Jones_21_A glo_Sc_396,JA_Sjogr_10_Effec_Jo,MD_Jones_21_A glo_Sc,Sjogren et al. 2010,2010,10.1007/s11676-010-0085-0,Journal of Forestry Research,Effects of improved fallow with Sesbania sesban on maize productivity and Striga hermonthica infestation in Western Kenya,Kenya,Eastern Africa,"Central Bunyore, Vihiga District",0.1,34.5667,Maize/Sesbania sesban,Maize/Sesbania sesban,Product Yield,Crop Yield,t/ha,Agroforestry,Alleycropping,Monoculture,1.1428571428571406,0.11428571428570011,4.0,3.0095238095238077,0.9904761904761994,4.0,0.9683,0.172,163.3,4.0
MD_Jones_21_A glo_Sc_397,JA_Sjogr_10_Effec_Jo,MD_Jones_21_A glo_Sc,Sjogren et al. 2010,2010,10.1007/s11676-010-0085-0,Journal of Forestry Research,Effects of improved fallow with Sesbania sesban on maize productivity and Striga hermonthica infestation in Western Kenya,Kenya,Eastern Africa,"Central Bunyore, Vihiga District",0.1,34.5667,Maize/Sesbania sesban,Maize/Sesbania sesban,Product Yield,Crop Yield,t/ha,Agroforestry,Alleycropping,Monoculture,1.1428571428571406,0.11428571428570011,4.0,1.542857142857141,0.38095238095238004,4.0,0.3001,0.1332,35.0,4.0
MD_Jones_21_A glo_Sc_398,JA_Sjogr_10_Effec_Jo,MD_Jones_21_A glo_Sc,Sjogren et al. 2010,2010,10.1007/s11676-010-0085-0,Journal of Forestry Research,Effects of improved fallow with Sesbania sesban on maize productivity and Striga hermonthica infestation in Western Kenya,Kenya,Eastern Africa,"Central Bunyore, Vihiga District",0.1,34.5667,Maize,Maize,Product Yield,Crop Yield,t/ha,Bare Fallow,Bare Fallow,Monoculture,1.1428571428571406,0.11428571428570011,4.0,1.904761904761903,0.4190476190476198,4.0,0.5108,0.1208,66.7,4.0
MD_Jones_21_A glo_Sc_399,JA_Sjogr_10_Effec_Jo,MD_Jones_21_A glo_Sc,Sjogren et al. 2010,2010,10.1007/s11676-010-0085-0,Journal of Forestry Research,Effects of improved fallow with Sesbania sesban on maize productivity and Striga hermonthica infestation in Western Kenya,Kenya,Eastern Africa,"Central Bunyore, Vihiga District",0.1,34.5667,Maize,Maize,Product Yield,Crop Yield,t/ha,Bare Fallow,Bare Fallow,Monoculture,1.1428571428571406,0.11428571428570011,4.0,1.390476190476187,0.3809523809524,4.0,0.1961,0.1458,21.7,4.0
MD_Jones_21_A glo_Sc_400,JA_Sjogr_10_Effec_Jo,MD_Jones_21_A glo_Sc,Sjogren et al. 2010,2010,10.1007/s11676-010-0085-0,Journal of Forestry Research,Effects of improved fallow with Sesbania sesban on maize productivity and Striga hermonthica infestation in Western Kenya,Kenya,Eastern Africa,"Central Bunyore, Vihiga District",0.1,34.5667,Maize,Maize,Product Yield,Crop Yield,t/ha,No Fertilizers Applied,No Fertilizers Applied,External input dependency,1.390476190476187,0.34285714285715985,4.0,1.1428571428571406,0.11428571428570011,4.0,-0.1961,0.133,-17.8,4.0
MD_Jones_21_A glo_Sc_401,JA_Sjogr_10_Effec_Jo,MD_Jones_21_A glo_Sc,Sjogren et al. 2010,2010,10.1007/s11676-010-0085-0,Journal of Forestry Research,Effects of improved fallow with Sesbania sesban on maize productivity and Striga hermonthica infestation in Western Kenya,Kenya,Eastern Africa,"Central Bunyore, Vihiga District",0.1,34.5667,Maize/Sesbania sesban,Maize/Sesbania sesban,Product Yield,Crop Yield,t/ha,Agroforestry,Alleycropping,Monoculture,1.390476190476187,0.34285714285715985,4.0,3.0095238095238077,0.9904761904761994,4.0,0.7721,0.2056,116.4,4.0
MD_Jones_21_A glo_Sc_402,JA_Sjogr_10_Effec_Jo,MD_Jones_21_A glo_Sc,Sjogren et al. 2010,2010,10.1007/s11676-010-0085-0,Journal of Forestry Research,Effects of improved fallow with Sesbania sesban on maize productivity and Striga hermonthica infestation in Western Kenya,Kenya,Eastern Africa,"Central Bunyore, Vihiga District",0.1,34.5667,Maize/Sesbania sesban,Maize/Sesbania sesban,Product Yield,Crop Yield,t/ha,Agroforestry,Alleycropping,Monoculture,1.390476190476187,0.34285714285715985,4.0,1.542857142857141,0.38095238095238004,4.0,0.104,0.1745,11.0,4.0
MD_Jones_21_A glo_Sc_403,JA_Sjogr_10_Effec_Jo,MD_Jones_21_A glo_Sc,Sjogren et al. 2010,2010,10.1007/s11676-010-0085-0,Journal of Forestry Research,Effects of improved fallow with Sesbania sesban on maize productivity and Striga hermonthica infestation in Western Kenya,Kenya,Eastern Africa,"Central Bunyore, Vihiga District",0.1,34.5667,Maize,Maize,Product Yield,Crop Yield,t/ha,Bare Fallow,Bare Fallow,Monoculture,1.390476190476187,0.34285714285715985,4.0,1.904761904761903,0.4190476190476198,4.0,0.3147,0.1652,37.0,4.0
MD_Jones_21_A glo_Sc_404,JA_Sjogr_10_Effec_Jo,MD_Jones_21_A glo_Sc,Sjogren et al. 2010,2010,10.1007/s11676-010-0085-0,Journal of Forestry Research,Effects of improved fallow with Sesbania sesban on maize productivity and Striga hermonthica infestation in Western Kenya,Kenya,Eastern Africa,"Central Bunyore, Vihiga District",0.1,34.5667,Maize,Maize,Product Yield,Crop Yield,t/ha,Bare Fallow,Bare Fallow,Monoculture,1.390476190476187,0.34285714285715985,4.0,1.390476190476187,0.3809523809524,4.0,0.0,0.1843,0.0,4.0
MD_Jones_21_A glo_Sc_405,JA_Sjogr_10_Effec_Jo,MD_Jones_21_A glo_Sc,Sjogren et al. 2010,2010,10.1007/s11676-010-0085-0,Journal of Forestry Research,Effects of improved fallow with Sesbania sesban on maize productivity and Striga hermonthica infestation in Western Kenya,Kenya,Eastern Africa,"Central Bunyore, Vihiga District",0.1,34.5667,Maize/Sesbania sesban,Maize/Sesbania sesban,Product Yield,Crop Yield,t/ha,Agroforestry,Alleycropping,Monoculture,0.9904761904761888,0.419047619047604,4.0,1.0857142857142854,0.3047619047618997,4.0,0.0918,0.2539,9.6,4.0
MD_Jones_21_A glo_Sc_406,JA_Sjogr_10_Effec_Jo,MD_Jones_21_A glo_Sc,Sjogren et al. 2010,2010,10.1007/s11676-010-0085-0,Journal of Forestry Research,Effects of improved fallow with Sesbania sesban on maize productivity and Striga hermonthica infestation in Western Kenya,Kenya,Eastern Africa,"Central Bunyore, Vihiga District",0.1,34.5667,Maize/Sesbania sesban,Maize/Sesbania sesban,Product Yield,Crop Yield,t/ha,Agroforestry,Alleycropping,Monoculture,0.9904761904761888,0.419047619047604,4.0,0.8190476190476179,0.22857142857142798,4.0,-0.19,0.2534,-17.3,4.0
MD_Jones_21_A glo_Sc_407,JA_Sjogr_10_Effec_Jo,MD_Jones_21_A glo_Sc,Sjogren et al. 2010,2010,10.1007/s11676-010-0085-0,Journal of Forestry Research,Effects of improved fallow with Sesbania sesban on maize productivity and Striga hermonthica infestation in Western Kenya,Kenya,Eastern Africa,"Central Bunyore, Vihiga District",0.1,34.5667,Maize,Maize,Product Yield,Crop Yield,t/ha,Bare Fallow,Bare Fallow,Monoculture,0.9904761904761888,0.419047619047604,4.0,0.7999999999999989,0.34285714285714186,4.0,-0.2136,0.3011,-19.2,4.0
MD_Jones_21_A glo_Sc_408,JA_Sjogr_10_Effec_Jo,MD_Jones_21_A glo_Sc,Sjogren et al. 2010,2010,10.1007/s11676-010-0085-0,Journal of Forestry Research,Effects of improved fallow with Sesbania sesban on maize productivity and Striga hermonthica infestation in Western Kenya,Kenya,Eastern Africa,"Central Bunyore, Vihiga District",0.1,34.5667,Maize,Maize,Product Yield,Crop Yield,t/ha,Bare Fallow,Bare Fallow,Monoculture,0.9904761904761888,0.419047619047604,4.0,0.9523809523809508,0.3047619047618999,4.0,-0.0392,0.2652,-3.8,4.0
MD_Jones_21_A glo_Sc_409,JA_Sjogr_10_Effec_Jo,MD_Jones_21_A glo_Sc,Sjogren et al. 2010,2010,10.1007/s11676-010-0085-0,Journal of Forestry Research,Effects of improved fallow with Sesbania sesban on maize productivity and Striga hermonthica infestation in Western Kenya,Kenya,Eastern Africa,"Central Bunyore, Vihiga District",0.1,34.5667,Maize,Maize,Product Yield,Crop Yield,t/ha,No Fertilizers Applied,No Fertilizers Applied,External input dependency,1.523809523809522,0.3047619047619001,4.0,0.9904761904761888,0.419047619047604,4.0,-0.4308,0.234,-35.0,4.0
MD_Jones_21_A glo_Sc_410,JA_Sjogr_10_Effec_Jo,MD_Jones_21_A glo_Sc,Sjogren et al. 2010,2010,10.1007/s11676-010-0085-0,Journal of Forestry Research,Effects of improved fallow with Sesbania sesban on maize productivity and Striga hermonthica infestation in Western Kenya,Kenya,Eastern Africa,"Central Bunyore, Vihiga District",0.1,34.5667,Maize/Sesbania sesban,Maize/Sesbania sesban,Product Yield,Crop Yield,t/ha,Agroforestry,Alleycropping,Monoculture,1.523809523809522,0.3047619047619001,4.0,1.0857142857142854,0.3047619047618997,4.0,-0.339,0.1723,-28.7,4.0
MD_Jones_21_A glo_Sc_411,JA_Sjogr_10_Effec_Jo,MD_Jones_21_A glo_Sc,Sjogren et al. 2010,2010,10.1007/s11676-010-0085-0,Journal of Forestry Research,Effects of improved fallow with Sesbania sesban on maize productivity and Striga hermonthica infestation in Western Kenya,Kenya,Eastern Africa,"Central Bunyore, Vihiga District",0.1,34.5667,Maize/Sesbania sesban,Maize/Sesbania sesban,Product Yield,Crop Yield,t/ha,Agroforestry,Alleycropping,Monoculture,1.523809523809522,0.3047619047619001,4.0,0.8190476190476179,0.22857142857142798,4.0,-0.6208,0.1717,-46.3,4.0
MD_Jones_21_A glo_Sc_412,JA_Sjogr_10_Effec_Jo,MD_Jones_21_A glo_Sc,Sjogren et al. 2010,2010,10.1007/s11676-010-0085-0,Journal of Forestry Research,Effects of improved fallow with Sesbania sesban on maize productivity and Striga hermonthica infestation in Western Kenya,Kenya,Eastern Africa,"Central Bunyore, Vihiga District",0.1,34.5667,Maize,Maize,Product Yield,Crop Yield,t/ha,Bare Fallow,Bare Fallow,Monoculture,1.523809523809522,0.3047619047619001,4.0,0.7999999999999989,0.34285714285714186,4.0,-0.6444,0.2365,-47.5,4.0
MD_Jones_21_A glo_Sc_413,JA_Sjogr_10_Effec_Jo,MD_Jones_21_A glo_Sc,Sjogren et al. 2010,2010,10.1007/s11676-010-0085-0,Journal of Forestry Research,Effects of improved fallow with Sesbania sesban on maize productivity and Striga hermonthica infestation in Western Kenya,Kenya,Eastern Africa,"Central Bunyore, Vihiga District",0.1,34.5667,Maize,Maize,Product Yield,Crop Yield,t/ha,Bare Fallow,Bare Fallow,Monoculture,1.523809523809522,0.3047619047619001,4.0,0.9523809523809508,0.3047619047618999,4.0,-0.47,0.1887,-37.5,4.0
MD_Jones_21_A glo_Sc_414,JA_Sjogr_10_Effec_Jo,MD_Jones_21_A glo_Sc,Sjogren et al. 2010,2010,10.1007/s11676-010-0085-0,Journal of Forestry Research,Effects of improved fallow with Sesbania sesban on maize productivity and Striga hermonthica infestation in Western Kenya,Kenya,Eastern Africa,"Central Bunyore, Vihiga District",0.1,34.5667,Maize/Sesbania sesban,Maize/Sesbania sesban,Product Yield,Biomass Yield,t/ha,Agroforestry,Alleycropping,Monoculture,0.29403475022229175,0.0720281401864461,4.0,0.7811753784553097,0.2161962654975138,4.0,0.9771,0.1848,165.7,4.0
MD_Jones_21_A glo_Sc_415,JA_Sjogr_10_Effec_Jo,MD_Jones_21_A glo_Sc,Sjogren et al. 2010,2010,10.1007/s11676-010-0085-0,Journal of Forestry Research,Effects of improved fallow with Sesbania sesban on maize productivity and Striga hermonthica infestation in Western Kenya,Kenya,Eastern Africa,"Central Bunyore, Vihiga District",0.1,34.5667,Maize/Sesbania sesban,Maize/Sesbania sesban,Product Yield,Biomass Yield,t/ha,Agroforestry,Alleycropping,Monoculture,0.29403475022229175,0.0720281401864461,4.0,0.3275602704410605,0.07205050917408196,4.0,0.108,0.1646,11.4,4.0
MD_Jones_21_A glo_Sc_416,JA_Sjogr_10_Effec_Jo,MD_Jones_21_A glo_Sc,Sjogren et al. 2010,2010,10.1007/s11676-010-0085-0,Journal of Forestry Research,Effects of improved fallow with Sesbania sesban on maize productivity and Striga hermonthica infestation in Western Kenya,Kenya,Eastern Africa,"Central Bunyore, Vihiga District",0.1,34.5667,Maize,Maize,Product Yield,Biomass Yield,t/ha,Bare Fallow,Bare Fallow,Monoculture,0.29403475022229175,0.0720281401864461,4.0,0.7207567428517104,0.07812368931712999,4.0,0.8966,0.1339,145.1,4.0
MD_Jones_21_A glo_Sc_417,JA_Sjogr_10_Effec_Jo,MD_Jones_21_A glo_Sc,Sjogren et al. 2010,2010,10.1007/s11676-010-0085-0,Journal of Forestry Research,Effects of improved fallow with Sesbania sesban on maize productivity and Striga hermonthica infestation in Western Kenya,Kenya,Eastern Africa,"Central Bunyore, Vihiga District",0.1,34.5667,Maize,Maize,Product Yield,Biomass Yield,t/ha,Bare Fallow,Bare Fallow,Monoculture,0.29403475022229175,0.0720281401864461,4.0,0.33921451299917793,0.12617227475827597,4.0,0.1429,0.2227,15.4,4.0
MD_Jones_21_A glo_Sc_418,JA_Sjogr_10_Effec_Jo,MD_Jones_21_A glo_Sc,Sjogren et al. 2010,2010,10.1007/s11676-010-0085-0,Journal of Forestry Research,Effects of improved fallow with Sesbania sesban on maize productivity and Striga hermonthica infestation in Western Kenya,Kenya,Eastern Africa,"Central Bunyore, Vihiga District",0.1,34.5667,Maize,Maize,Product Yield,Biomass Yield,t/ha,No Fertilizers Applied,No Fertilizers Applied,External input dependency,0.4590563642565947,0.06003836281379593,4.0,0.29403475022229175,0.0720281401864461,4.0,-0.4455,0.1388,-35.9,4.0
MD_Jones_21_A glo_Sc_419,JA_Sjogr_10_Effec_Jo,MD_Jones_21_A glo_Sc,Sjogren et al. 2010,2010,10.1007/s11676-010-0085-0,Journal of Forestry Research,Effects of improved fallow with Sesbania sesban on maize productivity and Striga hermonthica infestation in Western Kenya,Kenya,Eastern Africa,"Central Bunyore, Vihiga District",0.1,34.5667,Maize/Sesbania sesban,Maize/Sesbania sesban,Product Yield,Biomass Yield,t/ha,Agroforestry,Alleycropping,Monoculture,0.4590563642565947,0.06003836281379593,4.0,0.7811753784553097,0.2161962654975138,4.0,0.5316,0.1531,70.2,4.0
MD_Jones_21_A glo_Sc_420,JA_Sjogr_10_Effec_Jo,MD_Jones_21_A glo_Sc,Sjogren et al. 2010,2010,10.1007/s11676-010-0085-0,Journal of Forestry Research,Effects of improved fallow with Sesbania sesban on maize productivity and Striga hermonthica infestation in Western Kenya,Kenya,Eastern Africa,"Central Bunyore, Vihiga District",0.1,34.5667,Maize/Sesbania sesban,Maize/Sesbania sesban,Product Yield,Biomass Yield,t/ha,Agroforestry,Alleycropping,Monoculture,0.4590563642565947,0.06003836281379593,4.0,0.3275602704410605,0.07205050917408196,4.0,-0.3375,0.128,-28.6,4.0
MD_Jones_21_A glo_Sc_421,JA_Sjogr_10_Effec_Jo,MD_Jones_21_A glo_Sc,Sjogren et al. 2010,2010,10.1007/s11676-010-0085-0,Journal of Forestry Research,Effects of improved fallow with Sesbania sesban on maize productivity and Striga hermonthica infestation in Western Kenya,Kenya,Eastern Africa,"Central Bunyore, Vihiga District",0.1,34.5667,Maize,Maize,Product Yield,Biomass Yield,t/ha,Bare Fallow,Bare Fallow,Monoculture,0.4590563642565947,0.06003836281379593,4.0,0.7207567428517104,0.07812368931712999,4.0,0.4511,0.0849,57.0,4.0
MD_Jones_21_A glo_Sc_422,JA_Sjogr_10_Effec_Jo,MD_Jones_21_A glo_Sc,Sjogren et al. 2010,2010,10.1007/s11676-010-0085-0,Journal of Forestry Research,Effects of improved fallow with Sesbania sesban on maize productivity and Striga hermonthica infestation in Western Kenya,Kenya,Eastern Africa,"Central Bunyore, Vihiga District",0.1,34.5667,Maize,Maize,Product Yield,Biomass Yield,t/ha,Bare Fallow,Bare Fallow,Monoculture,0.4590563642565947,0.06003836281379593,4.0,0.33921451299917793,0.12617227475827597,4.0,-0.3025,0.1971,-26.1,4.0
MD_Jones_21_A glo_Sc_423,JA_Sjogr_10_Effec_Jo,MD_Jones_21_A glo_Sc,Sjogren et al. 2010,2010,10.1007/s11676-010-0085-0,Journal of Forestry Research,Effects of improved fallow with Sesbania sesban on maize productivity and Striga hermonthica infestation in Western Kenya,Kenya,Eastern Africa,"Central Bunyore, Vihiga District",0.1,34.5667,Maize/Sesbania sesban,Maize/Sesbania sesban,Product Yield,Biomass Yield,t/ha,Agroforestry,Alleycropping,Monoculture,0.46998361471655703,0.09618664683282996,4.0,0.6087943674889135,0.144190494298704,4.0,0.2588,0.1565,29.5,4.0
MD_Jones_21_A glo_Sc_424,JA_Sjogr_10_Effec_Jo,MD_Jones_21_A glo_Sc,Sjogren et al. 2010,2010,10.1007/s11676-010-0085-0,Journal of Forestry Research,Effects of improved fallow with Sesbania sesban on maize productivity and Striga hermonthica infestation in Western Kenya,Kenya,Eastern Africa,"Central Bunyore, Vihiga District",0.1,34.5667,Maize/Sesbania sesban,Maize/Sesbania sesban,Product Yield,Biomass Yield,t/ha,Agroforestry,Alleycropping,Monoculture,0.46998361471655703,0.09618664683282996,4.0,0.449465660807856,0.06602206700630198,4.0,-0.0446,0.126,-4.4,4.0
MD_Jones_21_A glo_Sc_425,JA_Sjogr_10_Effec_Jo,MD_Jones_21_A glo_Sc,Sjogren et al. 2010,2010,10.1007/s11676-010-0085-0,Journal of Forestry Research,Effects of improved fallow with Sesbania sesban on maize productivity and Striga hermonthica infestation in Western Kenya,Kenya,Eastern Africa,"Central Bunyore, Vihiga District",0.1,34.5667,Maize,Maize,Product Yield,Biomass Yield,t/ha,Bare Fallow,Bare Fallow,Monoculture,0.46998361471655703,0.09618664683282996,4.0,0.4252736006800173,0.11411539042271801,4.0,-0.1,0.1687,-9.5,4.0
MD_Jones_21_A glo_Sc_426,JA_Sjogr_10_Effec_Jo,MD_Jones_21_A glo_Sc,Sjogren et al. 2010,2010,10.1007/s11676-010-0085-0,Journal of Forestry Research,Effects of improved fallow with Sesbania sesban on maize productivity and Striga hermonthica infestation in Western Kenya,Kenya,Eastern Africa,"Central Bunyore, Vihiga District",0.1,34.5667,Maize,Maize,Product Yield,Biomass Yield,t/ha,Bare Fallow,Bare Fallow,Monoculture,0.46998361471655703,0.09618664683282996,4.0,0.4671707145213876,0.16814768005637004,4.0,-0.006,0.207,-0.6,4.0
MD_Jones_21_A glo_Sc_427,JA_Sjogr_10_Effec_Jo,MD_Jones_21_A glo_Sc,Sjogren et al. 2010,2010,10.1007/s11676-010-0085-0,Journal of Forestry Research,Effects of improved fallow with Sesbania sesban on maize productivity and Striga hermonthica infestation in Western Kenya,Kenya,Eastern Africa,"Central Bunyore, Vihiga District",0.1,34.5667,Maize,Maize,Product Yield,Biomass Yield,t/ha,No Fertilizers Applied,No Fertilizers Applied,External input dependency,0.6289879710768991,0.042042512260999976,4.0,0.46998361471655703,0.09618664683282996,4.0,-0.2914,0.1076,-25.3,4.0
MD_Jones_21_A glo_Sc_428,JA_Sjogr_10_Effec_Jo,MD_Jones_21_A glo_Sc,Sjogren et al. 2010,2010,10.1007/s11676-010-0085-0,Journal of Forestry Research,Effects of improved fallow with Sesbania sesban on maize productivity and Striga hermonthica infestation in Western Kenya,Kenya,Eastern Africa,"Central Bunyore, Vihiga District",0.1,34.5667,Maize/Sesbania sesban,Maize/Sesbania sesban,Product Yield,Biomass Yield,t/ha,Agroforestry,Alleycropping,Monoculture,0.6289879710768991,0.042042512260999976,4.0,0.6087943674889135,0.144190494298704,4.0,-0.0326,0.123,-3.2,4.0
MD_Jones_21_A glo_Sc_429,JA_Sjogr_10_Effec_Jo,MD_Jones_21_A glo_Sc,Sjogren et al. 2010,2010,10.1007/s11676-010-0085-0,Journal of Forestry Research,Effects of improved fallow with Sesbania sesban on maize productivity and Striga hermonthica infestation in Western Kenya,Kenya,Eastern Africa,"Central Bunyore, Vihiga District",0.1,34.5667,Maize/Sesbania sesban,Maize/Sesbania sesban,Product Yield,Biomass Yield,t/ha,Agroforestry,Alleycropping,Monoculture,0.6289879710768991,0.042042512260999976,4.0,0.449465660807856,0.06602206700630198,4.0,-0.3361,0.0807,-28.5,4.0
MD_Jones_21_A glo_Sc_430,JA_Sjogr_10_Effec_Jo,MD_Jones_21_A glo_Sc,Sjogren et al. 2010,2010,10.1007/s11676-010-0085-0,Journal of Forestry Research,Effects of improved fallow with Sesbania sesban on maize productivity and Striga hermonthica infestation in Western Kenya,Kenya,Eastern Africa,"Central Bunyore, Vihiga District",0.1,34.5667,Maize,Maize,Product Yield,Biomass Yield,t/ha,Bare Fallow,Bare Fallow,Monoculture,0.6289879710768991,0.042042512260999976,4.0,0.4252736006800173,0.11411539042271801,4.0,-0.3914,0.1383,-32.4,4.0
MD_Jones_21_A glo_Sc_431,JA_Sjogr_10_Effec_Jo,MD_Jones_21_A glo_Sc,Sjogren et al. 2010,2010,10.1007/s11676-010-0085-0,Journal of Forestry Research,Effects of improved fallow with Sesbania sesban on maize productivity and Striga hermonthica infestation in Western Kenya,Kenya,Eastern Africa,"Central Bunyore, Vihiga District",0.1,34.5667,Maize,Maize,Product Yield,Biomass Yield,t/ha,Bare Fallow,Bare Fallow,Monoculture,0.6289879710768991,0.042042512260999976,4.0,0.4671707145213876,0.16814768005637004,4.0,-0.2974,0.183,-25.7,4.0
MD_Jones_21_A glo_Sc_432,JA_Sjogr_10_Effec_Jo,MD_Jones_21_A glo_Sc,Sjogren et al. 2010,2010,10.1007/s11676-010-0085-0,Journal of Forestry Research,Effects of improved fallow with Sesbania sesban on maize productivity and Striga hermonthica infestation in Western Kenya,Kenya,Eastern Africa,"Central Bunyore, Vihiga District",0.1,34.5667,Maize/Sesbania sesban,Maize/Sesbania sesban,Product Yield,Biomass Yield,t/ha,Agroforestry,Alleycropping,Monoculture,0.30059445584641453,0.11413775941035409,4.0,0.2832584904288694,0.12007672562758998,4.0,-0.0594,0.2846,-5.8,4.0
MD_Jones_21_A glo_Sc_433,JA_Sjogr_10_Effec_Jo,MD_Jones_21_A glo_Sc,Sjogren et al. 2010,2010,10.1007/s11676-010-0085-0,Journal of Forestry Research,Effects of improved fallow with Sesbania sesban on maize productivity and Striga hermonthica infestation in Western Kenya,Kenya,Eastern Africa,"Central Bunyore, Vihiga District",0.1,34.5667,Maize/Sesbania sesban,Maize/Sesbania sesban,Product Yield,Biomass Yield,t/ha,Agroforestry,Alleycropping,Monoculture,0.30059445584641453,0.11413775941035409,4.0,0.22001577013628304,0.06001599382615802,4.0,-0.3121,0.2338,-26.8,4.0
MD_Jones_21_A glo_Sc_434,JA_Sjogr_10_Effec_Jo,MD_Jones_21_A glo_Sc,Sjogren et al. 2010,2010,10.1007/s11676-010-0085-0,Journal of Forestry Research,Effects of improved fallow with Sesbania sesban on maize productivity and Striga hermonthica infestation in Western Kenya,Kenya,Eastern Africa,"Central Bunyore, Vihiga District",0.1,34.5667,Maize,Maize,Product Yield,Biomass Yield,t/ha,Bare Fallow,Bare Fallow,Monoculture,0.30059445584641453,0.11413775941035409,4.0,0.2378550377756279,0.08415213148490996,4.0,-0.2341,0.2595,-20.9,4.0
MD_Jones_21_A glo_Sc_435,JA_Sjogr_10_Effec_Jo,MD_Jones_21_A glo_Sc,Sjogren et al. 2010,2010,10.1007/s11676-010-0085-0,Journal of Forestry Research,Effects of improved fallow with Sesbania sesban on maize productivity and Striga hermonthica infestation in Western Kenya,Kenya,Eastern Africa,"Central Bunyore, Vihiga District",0.1,34.5667,Maize,Maize,Product Yield,Biomass Yield,t/ha,Bare Fallow,Bare Fallow,Monoculture,0.30059445584641453,0.11413775941035409,4.0,0.23770963935599687,0.12612753678300398,4.0,-0.2347,0.3262,-20.9,4.0
MD_Jones_21_A glo_Sc_436,JA_Sjogr_10_Effec_Jo,MD_Jones_21_A glo_Sc,Sjogren et al. 2010,2010,10.1007/s11676-010-0085-0,Journal of Forestry Research,Effects of improved fallow with Sesbania sesban on maize productivity and Striga hermonthica infestation in Western Kenya,Kenya,Eastern Africa,"Central Bunyore, Vihiga District",0.1,34.5667,Maize,Maize,Product Yield,Biomass Yield,t/ha,No Fertilizers Applied,No Fertilizers Applied,External input dependency,0.6638164848254381,0.14410101834816214,4.0,0.30059445584641453,0.11413775941035409,4.0,-0.7922,0.2187,-54.7,4.0
MD_Jones_21_A glo_Sc_437,JA_Sjogr_10_Effec_Jo,MD_Jones_21_A glo_Sc,Sjogren et al. 2010,2010,10.1007/s11676-010-0085-0,Journal of Forestry Research,Effects of improved fallow with Sesbania sesban on maize productivity and Striga hermonthica infestation in Western Kenya,Kenya,Eastern Africa,"Central Bunyore, Vihiga District",0.1,34.5667,Maize/Sesbania sesban,Maize/Sesbania sesban,Product Yield,Biomass Yield,t/ha,Agroforestry,Alleycropping,Monoculture,0.6638164848254381,0.14410101834816214,4.0,0.2832584904288694,0.12007672562758998,4.0,-0.8516,0.2381,-57.3,4.0
MD_Jones_21_A glo_Sc_438,JA_Sjogr_10_Effec_Jo,MD_Jones_21_A glo_Sc,Sjogren et al. 2010,2010,10.1007/s11676-010-0085-0,Journal of Forestry Research,Effects of improved fallow with Sesbania sesban on maize productivity and Striga hermonthica infestation in Western Kenya,Kenya,Eastern Africa,"Central Bunyore, Vihiga District",0.1,34.5667,Maize/Sesbania sesban,Maize/Sesbania sesban,Product Yield,Biomass Yield,t/ha,Agroforestry,Alleycropping,Monoculture,0.6638164848254381,0.14410101834816214,4.0,0.22001577013628304,0.06001599382615802,4.0,-1.1043,0.1743,-66.9,4.0
MD_Jones_21_A glo_Sc_439,JA_Sjogr_10_Effec_Jo,MD_Jones_21_A glo_Sc,Sjogren et al. 2010,2010,10.1007/s11676-010-0085-0,Journal of Forestry Research,Effects of improved fallow with Sesbania sesban on maize productivity and Striga hermonthica infestation in Western Kenya,Kenya,Eastern Africa,"Central Bunyore, Vihiga District",0.1,34.5667,Maize,Maize,Product Yield,Biomass Yield,t/ha,Bare Fallow,Bare Fallow,Monoculture,0.6638164848254381,0.14410101834816214,4.0,0.2378550377756279,0.08415213148490996,4.0,-1.0263,0.2075,-64.2,4.0
MD_Jones_21_A glo_Sc_440,JA_Sjogr_10_Effec_Jo,MD_Jones_21_A glo_Sc,Sjogren et al. 2010,2010,10.1007/s11676-010-0085-0,Journal of Forestry Research,Effects of improved fallow with Sesbania sesban on maize productivity and Striga hermonthica infestation in Western Kenya,Kenya,Eastern Africa,"Central Bunyore, Vihiga District",0.1,34.5667,Maize,Maize,Product Yield,Biomass Yield,t/ha,Bare Fallow,Bare Fallow,Monoculture,0.6638164848254381,0.14410101834816214,4.0,0.23770963935599687,0.12612753678300398,4.0,-1.027,0.2866,-64.2,4.0
MD_Jones_21_A glo_Sc_441,JA_Sjogr_10_Effec_Jo,MD_Jones_21_A glo_Sc,Sjogren et al. 2010,2010,10.1007/s11676-010-0085-0,Journal of Forestry Research,Effects of improved fallow with Sesbania sesban on maize productivity and Striga hermonthica infestation in Western Kenya,Kenya,Eastern Africa,"Central Bunyore, Vihiga District",0.1,34.5667,Maize/Sesbania sesban,Maize/Sesbania sesban,Product Yield,Biomass Yield,t/ha,Agroforestry,Alleycropping,Monoculture,0.21930307868756585,0.036341556659996,4.0,0.5306182112577864,0.11515280994895205,4.0,0.8836,0.1365,142.0,4.0
MD_Jones_21_A glo_Sc_442,JA_Sjogr_10_Effec_Jo,MD_Jones_21_A glo_Sc,Sjogren et al. 2010,2010,10.1007/s11676-010-0085-0,Journal of Forestry Research,Effects of improved fallow with Sesbania sesban on maize productivity and Striga hermonthica infestation in Western Kenya,Kenya,Eastern Africa,"Central Bunyore, Vihiga District",0.1,34.5667,Maize/Sesbania sesban,Maize/Sesbania sesban,Product Yield,Biomass Yield,t/ha,Agroforestry,Alleycropping,Monoculture,0.21930307868756585,0.036341556659996,4.0,0.2913902444509411,0.07885623046303991,4.0,0.2842,0.1587,32.9,4.0
MD_Jones_21_A glo_Sc_443,JA_Sjogr_10_Effec_Jo,MD_Jones_21_A glo_Sc,Sjogren et al. 2010,2010,10.1007/s11676-010-0085-0,Journal of Forestry Research,Effects of improved fallow with Sesbania sesban on maize productivity and Striga hermonthica infestation in Western Kenya,Kenya,Eastern Africa,"Central Bunyore, Vihiga District",0.1,34.5667,Maize,Maize,Product Yield,Biomass Yield,t/ha,Bare Fallow,Bare Fallow,Monoculture,0.21930307868756585,0.036341556659996,4.0,0.30369150156295666,0.054613533631681976,4.0,0.3256,0.1223,38.5,4.0
MD_Jones_21_A glo_Sc_444,JA_Sjogr_10_Effec_Jo,MD_Jones_21_A glo_Sc,Sjogren et al. 2010,2010,10.1007/s11676-010-0085-0,Journal of Forestry Research,Effects of improved fallow with Sesbania sesban on maize productivity and Striga hermonthica infestation in Western Kenya,Kenya,Eastern Africa,"Central Bunyore, Vihiga District",0.1,34.5667,Maize,Maize,Product Yield,Biomass Yield,t/ha,Bare Fallow,Bare Fallow,Monoculture,0.21930307868756585,0.036341556659996,4.0,0.2827152719994599,0.09097757887871993,4.0,0.254,0.181,28.9,4.0
MD_Jones_21_A glo_Sc_445,JA_Sjogr_10_Effec_Jo,MD_Jones_21_A glo_Sc,Sjogren et al. 2010,2010,10.1007/s11676-010-0085-0,Journal of Forestry Research,Effects of improved fallow with Sesbania sesban on maize productivity and Striga hermonthica infestation in Western Kenya,Kenya,Eastern Africa,"Central Bunyore, Vihiga District",0.1,34.5667,Maize,Maize,Product Yield,Biomass Yield,t/ha,No Fertilizers Applied,No Fertilizers Applied,External input dependency,0.280123462342861,0.054456113522385996,4.0,0.21930307868756585,0.036341556659996,4.0,-0.2448,0.1277,-21.7,4.0
MD_Jones_21_A glo_Sc_446,JA_Sjogr_10_Effec_Jo,MD_Jones_21_A glo_Sc,Sjogren et al. 2010,2010,10.1007/s11676-010-0085-0,Journal of Forestry Research,Effects of improved fallow with Sesbania sesban on maize productivity and Striga hermonthica infestation in Western Kenya,Kenya,Eastern Africa,"Central Bunyore, Vihiga District",0.1,34.5667,Maize/Sesbania sesban,Maize/Sesbania sesban,Product Yield,Biomass Yield,t/ha,Agroforestry,Alleycropping,Monoculture,0.280123462342861,0.054456113522385996,4.0,0.5306182112577864,0.11515280994895205,4.0,0.6388,0.1457,89.4,4.0
MD_Jones_21_A glo_Sc_447,JA_Sjogr_10_Effec_Jo,MD_Jones_21_A glo_Sc,Sjogren et al. 2010,2010,10.1007/s11676-010-0085-0,Journal of Forestry Research,Effects of improved fallow with Sesbania sesban on maize productivity and Striga hermonthica infestation in Western Kenya,Kenya,Eastern Africa,"Central Bunyore, Vihiga District",0.1,34.5667,Maize/Sesbania sesban,Maize/Sesbania sesban,Product Yield,Biomass Yield,t/ha,Agroforestry,Alleycropping,Monoculture,0.280123462342861,0.054456113522385996,4.0,0.2913902444509411,0.07885623046303991,4.0,0.0394,0.1666,4.0,4.0
MD_Jones_21_A glo_Sc_448,JA_Sjogr_10_Effec_Jo,MD_Jones_21_A glo_Sc,Sjogren et al. 2010,2010,10.1007/s11676-010-0085-0,Journal of Forestry Research,Effects of improved fallow with Sesbania sesban on maize productivity and Striga hermonthica infestation in Western Kenya,Kenya,Eastern Africa,"Central Bunyore, Vihiga District",0.1,34.5667,Maize,Maize,Product Yield,Biomass Yield,t/ha,Bare Fallow,Bare Fallow,Monoculture,0.280123462342861,0.054456113522385996,4.0,0.30369150156295666,0.054613533631681976,4.0,0.0808,0.1324,8.4,4.0
MD_Jones_21_A glo_Sc_449,JA_Sjogr_10_Effec_Jo,MD_Jones_21_A glo_Sc,Sjogren et al. 2010,2010,10.1007/s11676-010-0085-0,Journal of Forestry Research,Effects of improved fallow with Sesbania sesban on maize productivity and Striga hermonthica infestation in Western Kenya,Kenya,Eastern Africa,"Central Bunyore, Vihiga District",0.1,34.5667,Maize,Maize,Product Yield,Biomass Yield,t/ha,Bare Fallow,Bare Fallow,Monoculture,0.280123462342861,0.054456113522385996,4.0,0.2827152719994599,0.09097757887871993,4.0,0.0092,0.188,0.9,4.0
MD_Jones_21_A glo_Sc_450,JA_Sjogr_10_Effec_Jo,MD_Jones_21_A glo_Sc,Sjogren et al. 2010,2010,10.1007/s11676-010-0085-0,Journal of Forestry Research,Effects of improved fallow with Sesbania sesban on maize productivity and Striga hermonthica infestation in Western Kenya,Kenya,Eastern Africa,"Central Bunyore, Vihiga District",0.1,34.5667,Maize/Sesbania sesban,Maize/Sesbania sesban,Product Yield,Biomass Yield,t/ha,Agroforestry,Alleycropping,Monoculture,0.23595025524546287,0.084871927496796,4.0,0.22606089909370963,0.042379742280794,4.0,-0.0428,0.2028,-4.2,4.0
MD_Jones_21_A glo_Sc_451,JA_Sjogr_10_Effec_Jo,MD_Jones_21_A glo_Sc,Sjogren et al. 2010,2010,10.1007/s11676-010-0085-0,Journal of Forestry Research,Effects of improved fallow with Sesbania sesban on maize productivity and Striga hermonthica infestation in Western Kenya,Kenya,Eastern Africa,"Central Bunyore, Vihiga District",0.1,34.5667,Maize/Sesbania sesban,Maize/Sesbania sesban,Product Yield,Biomass Yield,t/ha,Agroforestry,Alleycropping,Monoculture,0.23595025524546287,0.084871927496796,4.0,0.18683518114556863,0.048485393662716036,4.0,-0.2334,0.2218,-20.8,4.0
MD_Jones_21_A glo_Sc_452,JA_Sjogr_10_Effec_Jo,MD_Jones_21_A glo_Sc,Sjogren et al. 2010,2010,10.1007/s11676-010-0085-0,Journal of Forestry Research,Effects of improved fallow with Sesbania sesban on maize productivity and Striga hermonthica infestation in Western Kenya,Kenya,Eastern Africa,"Central Bunyore, Vihiga District",0.1,34.5667,Maize,Maize,Product Yield,Biomass Yield,t/ha,Bare Fallow,Bare Fallow,Monoculture,0.23595025524546287,0.084871927496796,4.0,0.1506847774754312,0.060606742078394005,4.0,-0.4484,0.2698,-36.1,4.0
MD_Jones_21_A glo_Sc_453,JA_Sjogr_10_Effec_Jo,MD_Jones_21_A glo_Sc,Sjogren et al. 2010,2010,10.1007/s11676-010-0085-0,Journal of Forestry Research,Effects of improved fallow with Sesbania sesban on maize productivity and Striga hermonthica infestation in Western Kenya,Kenya,Eastern Africa,"Central Bunyore, Vihiga District",0.1,34.5667,Maize,Maize,Product Yield,Biomass Yield,t/ha,Bare Fallow,Bare Fallow,Monoculture,0.23595025524546287,0.084871927496796,4.0,0.22362650954640495,0.05463602221872599,4.0,-0.0536,0.2174,-5.2,4.0
MD_Jones_21_A glo_Sc_454,JA_Sjogr_10_Effec_Jo,MD_Jones_21_A glo_Sc,Sjogren et al. 2010,2010,10.1007/s11676-010-0085-0,Journal of Forestry Research,Effects of improved fallow with Sesbania sesban on maize productivity and Striga hermonthica infestation in Western Kenya,Kenya,Eastern Africa,"Central Bunyore, Vihiga District",0.1,34.5667,Maize,Maize,Product Yield,Biomass Yield,t/ha,No Fertilizers Applied,No Fertilizers Applied,External input dependency,0.3816088335169901,0.06065171925247803,4.0,0.23595025524546287,0.084871927496796,4.0,-0.4808,0.1966,-38.2,4.0
MD_Jones_21_A glo_Sc_455,JA_Sjogr_10_Effec_Jo,MD_Jones_21_A glo_Sc,Sjogren et al. 2010,2010,10.1007/s11676-010-0085-0,Journal of Forestry Research,Effects of improved fallow with Sesbania sesban on maize productivity and Striga hermonthica infestation in Western Kenya,Kenya,Eastern Africa,"Central Bunyore, Vihiga District",0.1,34.5667,Maize/Sesbania sesban,Maize/Sesbania sesban,Product Yield,Biomass Yield,t/ha,Agroforestry,Alleycropping,Monoculture,0.3816088335169901,0.06065171925247803,4.0,0.22606089909370963,0.042379742280794,4.0,-0.5236,0.1229,-40.8,4.0
MD_Jones_21_A glo_Sc_456,JA_Sjogr_10_Effec_Jo,MD_Jones_21_A glo_Sc,Sjogren et al. 2010,2010,10.1007/s11676-010-0085-0,Journal of Forestry Research,Effects of improved fallow with Sesbania sesban on maize productivity and Striga hermonthica infestation in Western Kenya,Kenya,Eastern Africa,"Central Bunyore, Vihiga District",0.1,34.5667,Maize/Sesbania sesban,Maize/Sesbania sesban,Product Yield,Biomass Yield,t/ha,Agroforestry,Alleycropping,Monoculture,0.3816088335169901,0.06065171925247803,4.0,0.18683518114556863,0.048485393662716036,4.0,-0.7142,0.1522,-51.0,4.0
MD_Jones_21_A glo_Sc_457,JA_Sjogr_10_Effec_Jo,MD_Jones_21_A glo_Sc,Sjogren et al. 2010,2010,10.1007/s11676-010-0085-0,Journal of Forestry Research,Effects of improved fallow with Sesbania sesban on maize productivity and Striga hermonthica infestation in Western Kenya,Kenya,Eastern Africa,"Central Bunyore, Vihiga District",0.1,34.5667,Maize,Maize,Product Yield,Biomass Yield,t/ha,Bare Fallow,Bare Fallow,Monoculture,0.3816088335169901,0.06065171925247803,4.0,0.1506847774754312,0.060606742078394005,4.0,-0.9292,0.2162,-60.5,4.0
MD_Jones_21_A glo_Sc_458,JA_Sjogr_10_Effec_Jo,MD_Jones_21_A glo_Sc,Sjogren et al. 2010,2010,10.1007/s11676-010-0085-0,Journal of Forestry Research,Effects of improved fallow with Sesbania sesban on maize productivity and Striga hermonthica infestation in Western Kenya,Kenya,Eastern Africa,"Central Bunyore, Vihiga District",0.1,34.5667,Maize,Maize,Product Yield,Biomass Yield,t/ha,Bare Fallow,Bare Fallow,Monoculture,0.3816088335169901,0.06065171925247803,4.0,0.22362650954640495,0.05463602221872599,4.0,-0.5344,0.1457,-41.4,4.0
MD_Jones_21_A glo_Sc_459,JA_Sjogr_10_Effec_Jo,MD_Jones_21_A glo_Sc,Sjogren et al. 2010,2010,10.1007/s11676-010-0085-0,Journal of Forestry Research,Effects of improved fallow with Sesbania sesban on maize productivity and Striga hermonthica infestation in Western Kenya,Kenya,Eastern Africa,"Central Bunyore, Vihiga District",0.1,34.5667,Maize/Sesbania sesban,Maize/Sesbania sesban,Product Yield,Biomass Yield,t/ha,Agroforestry,Alleycropping,Monoculture,2.0110837777300823,0.5920300263611198,4.0,6.468760146829787,0.5498852548333399,4.0,1.1683,0.1532,221.7,4.0
MD_Jones_21_A glo_Sc_460,JA_Sjogr_10_Effec_Jo,MD_Jones_21_A glo_Sc,Sjogren et al. 2010,2010,10.1007/s11676-010-0085-0,Journal of Forestry Research,Effects of improved fallow with Sesbania sesban on maize productivity and Striga hermonthica infestation in Western Kenya,Kenya,Eastern Africa,"Central Bunyore, Vihiga District",0.1,34.5667,Maize/Sesbania sesban,Maize/Sesbania sesban,Product Yield,Biomass Yield,t/ha,Agroforestry,Alleycropping,Monoculture,2.0110837777300823,0.5920300263611198,4.0,2.1556626877335487,0.5918759321325,4.0,0.0694,0.2013,7.2,4.0
MD_Jones_21_A glo_Sc_461,JA_Sjogr_10_Effec_Jo,MD_Jones_21_A glo_Sc,Sjogren et al. 2010,2010,10.1007/s11676-010-0085-0,Journal of Forestry Research,Effects of improved fallow with Sesbania sesban on maize productivity and Striga hermonthica infestation in Western Kenya,Kenya,Eastern Africa,"Central Bunyore, Vihiga District",0.1,34.5667,Maize,Maize,Product Yield,Biomass Yield,t/ha,Bare Fallow,Bare Fallow,Monoculture,2.0110837777300823,0.5920300263611198,4.0,5.265707980430033,0.55019344329056,4.0,0.9625,0.1562,161.8,4.0
MD_Jones_21_A glo_Sc_462,JA_Sjogr_10_Effec_Jo,MD_Jones_21_A glo_Sc,Sjogren et al. 2010,2010,10.1007/s11676-010-0085-0,Journal of Forestry Research,Effects of improved fallow with Sesbania sesban on maize productivity and Striga hermonthica infestation in Western Kenya,Kenya,Eastern Africa,"Central Bunyore, Vihiga District",0.1,34.5667,Maize,Maize,Product Yield,Biomass Yield,t/ha,Bare Fallow,Bare Fallow,Monoculture,2.0110837777300823,0.5920300263611198,4.0,2.0731452283071103,0.7615336778440005,4.0,0.0304,0.2354,3.1,4.0
MD_Jones_21_A glo_Sc_463,JA_Sjogr_10_Effec_Jo,MD_Jones_21_A glo_Sc,Sjogren et al. 2010,2010,10.1007/s11676-010-0085-0,Journal of Forestry Research,Effects of improved fallow with Sesbania sesban on maize productivity and Striga hermonthica infestation in Western Kenya,Kenya,Eastern Africa,"Central Bunyore, Vihiga District",0.1,34.5667,Maize,Maize,Product Yield,Biomass Yield,t/ha,No Fertilizers Applied,No Fertilizers Applied,External input dependency,2.985113396842169,0.33823683182265984,4.0,2.0110837777300823,0.5920300263611198,4.0,-0.395,0.1577,-32.6,4.0
MD_Jones_21_A glo_Sc_464,JA_Sjogr_10_Effec_Jo,MD_Jones_21_A glo_Sc,Sjogren et al. 2010,2010,10.1007/s11676-010-0085-0,Journal of Forestry Research,Effects of improved fallow with Sesbania sesban on maize productivity and Striga hermonthica infestation in Western Kenya,Kenya,Eastern Africa,"Central Bunyore, Vihiga District",0.1,34.5667,Maize/Sesbania sesban,Maize/Sesbania sesban,Product Yield,Biomass Yield,t/ha,Agroforestry,Alleycropping,Monoculture,2.985113396842169,0.33823683182265984,4.0,6.468760146829787,0.5498852548333399,4.0,0.7733,0.0708,116.7,4.0
MD_Jones_21_A glo_Sc_465,JA_Sjogr_10_Effec_Jo,MD_Jones_21_A glo_Sc,Sjogren et al. 2010,2010,10.1007/s11676-010-0085-0,Journal of Forestry Research,Effects of improved fallow with Sesbania sesban on maize productivity and Striga hermonthica infestation in Western Kenya,Kenya,Eastern Africa,"Central Bunyore, Vihiga District",0.1,34.5667,Maize/Sesbania sesban,Maize/Sesbania sesban,Product Yield,Biomass Yield,t/ha,Agroforestry,Alleycropping,Monoculture,2.985113396842169,0.33823683182265984,4.0,2.1556626877335487,0.5918759321325,4.0,-0.3255,0.1485,-27.8,4.0
MD_Jones_21_A glo_Sc_466,JA_Sjogr_10_Effec_Jo,MD_Jones_21_A glo_Sc,Sjogren et al. 2010,2010,10.1007/s11676-010-0085-0,Journal of Forestry Research,Effects of improved fallow with Sesbania sesban on maize productivity and Striga hermonthica infestation in Western Kenya,Kenya,Eastern Africa,"Central Bunyore, Vihiga District",0.1,34.5667,Maize,Maize,Product Yield,Biomass Yield,t/ha,Bare Fallow,Bare Fallow,Monoculture,2.985113396842169,0.33823683182265984,4.0,5.265707980430033,0.55019344329056,4.0,0.5676,0.0771,76.4,4.0
MD_Jones_21_A glo_Sc_467,JA_Sjogr_10_Effec_Jo,MD_Jones_21_A glo_Sc,Sjogren et al. 2010,2010,10.1007/s11676-010-0085-0,Journal of Forestry Research,Effects of improved fallow with Sesbania sesban on maize productivity and Striga hermonthica infestation in Western Kenya,Kenya,Eastern Africa,"Central Bunyore, Vihiga District",0.1,34.5667,Maize,Maize,Product Yield,Biomass Yield,t/ha,Bare Fallow,Bare Fallow,Monoculture,2.985113396842169,0.33823683182265984,4.0,2.0731452283071103,0.7615336778440005,4.0,-0.3646,0.1922,-30.6,4.0
MD_Jones_21_A glo_Sc_468,JA_Sjogr_10_Effec_Jo,MD_Jones_21_A glo_Sc,Sjogren et al. 2010,2010,10.1007/s11676-010-0085-0,Journal of Forestry Research,Effects of improved fallow with Sesbania sesban on maize productivity and Striga hermonthica infestation in Western Kenya,Kenya,Eastern Africa,"Central Bunyore, Vihiga District",0.1,34.5667,Maize/Sesbania sesban,Maize/Sesbania sesban,Product Yield,Biomass Yield,t/ha,Agroforestry,Alleycropping,Monoculture,3.0559582184505825,0.5071241063910605,4.0,3.9180769040268126,1.0577798323674799,4.0,0.2485,0.1584,28.2,4.0
MD_Jones_21_A glo_Sc_469,JA_Sjogr_10_Effec_Jo,MD_Jones_21_A glo_Sc,Sjogren et al. 2010,2010,10.1007/s11676-010-0085-0,Journal of Forestry Research,Effects of improved fallow with Sesbania sesban on maize productivity and Striga hermonthica infestation in Western Kenya,Kenya,Eastern Africa,"Central Bunyore, Vihiga District",0.1,34.5667,Maize/Sesbania sesban,Maize/Sesbania sesban,Product Yield,Biomass Yield,t/ha,Agroforestry,Alleycropping,Monoculture,3.0559582184505825,0.5071241063910605,4.0,3.0312646183140997,0.5917218379038802,4.0,-0.0081,0.1281,-0.8,4.0
MD_Jones_21_A glo_Sc_470,JA_Sjogr_10_Effec_Jo,MD_Jones_21_A glo_Sc,Sjogren et al. 2010,2010,10.1007/s11676-010-0085-0,Journal of Forestry Research,Effects of improved fallow with Sesbania sesban on maize productivity and Striga hermonthica infestation in Western Kenya,Kenya,Eastern Africa,"Central Bunyore, Vihiga District",0.1,34.5667,Maize,Maize,Product Yield,Biomass Yield,t/ha,Bare Fallow,Bare Fallow,Monoculture,3.0559582184505825,0.5071241063910605,4.0,2.8419983820105994,0.7190807178589802,4.0,-0.0726,0.1513,-7.0,4.0
MD_Jones_21_A glo_Sc_471,JA_Sjogr_10_Effec_Jo,MD_Jones_21_A glo_Sc,Sjogren et al. 2010,2010,10.1007/s11676-010-0085-0,Journal of Forestry Research,Effects of improved fallow with Sesbania sesban on maize productivity and Striga hermonthica infestation in Western Kenya,Kenya,Eastern Africa,"Central Bunyore, Vihiga District",0.1,34.5667,Maize,Maize,Product Yield,Biomass Yield,t/ha,Bare Fallow,Bare Fallow,Monoculture,3.0559582184505825,0.5071241063910605,4.0,3.1603955818983316,0.9727198181688008,4.0,0.0336,0.1748,3.4,4.0
MD_Jones_21_A glo_Sc_472,JA_Sjogr_10_Effec_Jo,MD_Jones_21_A glo_Sc,Sjogren et al. 2010,2010,10.1007/s11676-010-0085-0,Journal of Forestry Research,Effects of improved fallow with Sesbania sesban on maize productivity and Striga hermonthica infestation in Western Kenya,Kenya,Eastern Africa,"Central Bunyore, Vihiga District",0.1,34.5667,Maize,Maize,Product Yield,Biomass Yield,t/ha,No Fertilizers Applied,No Fertilizers Applied,External input dependency,4.177879773481484,0.5917218379038811,4.0,3.0559582184505825,0.5071241063910605,4.0,-0.3127,0.1091,-26.9,4.0
MD_Jones_21_A glo_Sc_473,JA_Sjogr_10_Effec_Jo,MD_Jones_21_A glo_Sc,Sjogren et al. 2010,2010,10.1007/s11676-010-0085-0,Journal of Forestry Research,Effects of improved fallow with Sesbania sesban on maize productivity and Striga hermonthica infestation in Western Kenya,Kenya,Eastern Africa,"Central Bunyore, Vihiga District",0.1,34.5667,Maize/Sesbania sesban,Maize/Sesbania sesban,Product Yield,Biomass Yield,t/ha,Agroforestry,Alleycropping,Monoculture,4.177879773481484,0.5917218379038811,4.0,3.9180769040268126,1.0577798323674799,4.0,-0.0642,0.1524,-6.2,4.0
MD_Jones_21_A glo_Sc_474,JA_Sjogr_10_Effec_Jo,MD_Jones_21_A glo_Sc,Sjogren et al. 2010,2010,10.1007/s11676-010-0085-0,Journal of Forestry Research,Effects of improved fallow with Sesbania sesban on maize productivity and Striga hermonthica infestation in Western Kenya,Kenya,Eastern Africa,"Central Bunyore, Vihiga District",0.1,34.5667,Maize/Sesbania sesban,Maize/Sesbania sesban,Product Yield,Biomass Yield,t/ha,Agroforestry,Alleycropping,Monoculture,4.177879773481484,0.5917218379038811,4.0,3.0312646183140997,0.5917218379038802,4.0,-0.3208,0.1206,-27.4,4.0
MD_Jones_21_A glo_Sc_475,JA_Sjogr_10_Effec_Jo,MD_Jones_21_A glo_Sc,Sjogren et al. 2010,2010,10.1007/s11676-010-0085-0,Journal of Forestry Research,Effects of improved fallow with Sesbania sesban on maize productivity and Striga hermonthica infestation in Western Kenya,Kenya,Eastern Africa,"Central Bunyore, Vihiga District",0.1,34.5667,Maize,Maize,Product Yield,Biomass Yield,t/ha,Bare Fallow,Bare Fallow,Monoculture,4.177879773481484,0.5917218379038811,4.0,2.8419983820105994,0.7190807178589802,4.0,-0.3853,0.145,-32.0,4.0
MD_Jones_21_A glo_Sc_476,JA_Sjogr_10_Effec_Jo,MD_Jones_21_A glo_Sc,Sjogren et al. 2010,2010,10.1007/s11676-010-0085-0,Journal of Forestry Research,Effects of improved fallow with Sesbania sesban on maize productivity and Striga hermonthica infestation in Western Kenya,Kenya,Eastern Africa,"Central Bunyore, Vihiga District",0.1,34.5667,Maize,Maize,Product Yield,Biomass Yield,t/ha,Bare Fallow,Bare Fallow,Monoculture,4.177879773481484,0.5917218379038811,4.0,3.1603955818983316,0.9727198181688008,4.0,-0.2791,0.1694,-24.4,4.0
MD_Jones_21_A glo_Sc_477,JA_Sjogr_10_Effec_Jo,MD_Jones_21_A glo_Sc,Sjogren et al. 2010,2010,10.1007/s11676-010-0085-0,Journal of Forestry Research,Effects of improved fallow with Sesbania sesban on maize productivity and Striga hermonthica infestation in Western Kenya,Kenya,Eastern Africa,"Central Bunyore, Vihiga District",0.1,34.5667,Maize/Sesbania sesban,Maize/Sesbania sesban,Product Yield,Biomass Yield,t/ha,Agroforestry,Alleycropping,Monoculture,1.816848002553562,0.76091730092952,4.0,1.8753652858723104,0.5071241063910601,4.0,0.0317,0.2493,3.2,4.0
MD_Jones_21_A glo_Sc_478,JA_Sjogr_10_Effec_Jo,MD_Jones_21_A glo_Sc,Sjogren et al. 2010,2010,10.1007/s11676-010-0085-0,Journal of Forestry Research,Effects of improved fallow with Sesbania sesban on maize productivity and Striga hermonthica infestation in Western Kenya,Kenya,Eastern Africa,"Central Bunyore, Vihiga District",0.1,34.5667,Maize/Sesbania sesban,Maize/Sesbania sesban,Product Yield,Biomass Yield,t/ha,Agroforestry,Alleycropping,Monoculture,1.816848002553562,0.76091730092952,4.0,1.517057680771792,0.6338666094316601,4.0,-0.1803,0.2958,-16.5,4.0
MD_Jones_21_A glo_Sc_479,JA_Sjogr_10_Effec_Jo,MD_Jones_21_A glo_Sc,Sjogren et al. 2010,2010,10.1007/s11676-010-0085-0,Journal of Forestry Research,Effects of improved fallow with Sesbania sesban on maize productivity and Striga hermonthica infestation in Western Kenya,Kenya,Eastern Africa,"Central Bunyore, Vihiga District",0.1,34.5667,Maize,Maize,Product Yield,Biomass Yield,t/ha,Bare Fallow,Bare Fallow,Monoculture,1.816848002553562,0.76091730092952,4.0,1.6028111189992682,0.8462855035854404,4.0,-0.1253,0.337,-11.8,4.0
MD_Jones_21_A glo_Sc_480,JA_Sjogr_10_Effec_Jo,MD_Jones_21_A glo_Sc,Sjogren et al. 2010,2010,10.1007/s11676-010-0085-0,Journal of Forestry Research,Effects of improved fallow with Sesbania sesban on maize productivity and Striga hermonthica infestation in Western Kenya,Kenya,Eastern Africa,"Central Bunyore, Vihiga District",0.1,34.5667,Maize,Maize,Product Yield,Biomass Yield,t/ha,Bare Fallow,Bare Fallow,Monoculture,1.816848002553562,0.76091730092952,4.0,1.7519358087470485,0.76153367784402,4.0,-0.0364,0.3018,-3.6,4.0
MD_Jones_21_A glo_Sc_481,JA_Sjogr_10_Effec_Jo,MD_Jones_21_A glo_Sc,Sjogren et al. 2010,2010,10.1007/s11676-010-0085-0,Journal of Forestry Research,Effects of improved fallow with Sesbania sesban on maize productivity and Striga hermonthica infestation in Western Kenya,Kenya,Eastern Africa,"Central Bunyore, Vihiga District",0.1,34.5667,Maize,Maize,Product Yield,Biomass Yield,t/ha,No Fertilizers Applied,No Fertilizers Applied,External input dependency,4.0387712085940555,0.3376204549081798,4.0,1.816848002553562,0.76091730092952,4.0,-0.7988,0.2135,-55.0,4.0
MD_Jones_21_A glo_Sc_482,JA_Sjogr_10_Effec_Jo,MD_Jones_21_A glo_Sc,Sjogren et al. 2010,2010,10.1007/s11676-010-0085-0,Journal of Forestry Research,Effects of improved fallow with Sesbania sesban on maize productivity and Striga hermonthica infestation in Western Kenya,Kenya,Eastern Africa,"Central Bunyore, Vihiga District",0.1,34.5667,Maize/Sesbania sesban,Maize/Sesbania sesban,Product Yield,Biomass Yield,t/ha,Agroforestry,Alleycropping,Monoculture,4.0387712085940555,0.3376204549081798,4.0,1.8753652858723104,0.5071241063910601,4.0,-0.7671,0.1415,-53.6,4.0
MD_Jones_21_A glo_Sc_483,JA_Sjogr_10_Effec_Jo,MD_Jones_21_A glo_Sc,Sjogren et al. 2010,2010,10.1007/s11676-010-0085-0,Journal of Forestry Research,Effects of improved fallow with Sesbania sesban on maize productivity and Striga hermonthica infestation in Western Kenya,Kenya,Eastern Africa,"Central Bunyore, Vihiga District",0.1,34.5667,Maize/Sesbania sesban,Maize/Sesbania sesban,Product Yield,Biomass Yield,t/ha,Agroforestry,Alleycropping,Monoculture,4.0387712085940555,0.3376204549081798,4.0,1.517057680771792,0.6338666094316601,4.0,-0.9792,0.2131,-62.4,4.0
MD_Jones_21_A glo_Sc_484,JA_Sjogr_10_Effec_Jo,MD_Jones_21_A glo_Sc,Sjogren et al. 2010,2010,10.1007/s11676-010-0085-0,Journal of Forestry Research,Effects of improved fallow with Sesbania sesban on maize productivity and Striga hermonthica infestation in Western Kenya,Kenya,Eastern Africa,"Central Bunyore, Vihiga District",0.1,34.5667,Maize,Maize,Product Yield,Biomass Yield,t/ha,Bare Fallow,Bare Fallow,Monoculture,4.0387712085940555,0.3376204549081798,4.0,1.6028111189992682,0.8462855035854404,4.0,-0.9242,0.2673,-60.3,4.0
MD_Jones_21_A glo_Sc_485,JA_Sjogr_10_Effec_Jo,MD_Jones_21_A glo_Sc,Sjogren et al. 2010,2010,10.1007/s11676-010-0085-0,Journal of Forestry Research,Effects of improved fallow with Sesbania sesban on maize productivity and Striga hermonthica infestation in Western Kenya,Kenya,Eastern Africa,"Central Bunyore, Vihiga District",0.1,34.5667,Maize,Maize,Product Yield,Biomass Yield,t/ha,Bare Fallow,Bare Fallow,Monoculture,4.0387712085940555,0.3376204549081798,4.0,1.7519358087470485,0.76153367784402,4.0,-0.8352,0.2213,-56.6,4.0
MD_Jones_21_A glo_Sc_486,JA_Sjogr_10_Effec_Jo,MD_Jones_21_A glo_Sc,Sjogren et al. 2010,2010,10.1007/s11676-010-0085-0,Journal of Forestry Research,Effects of improved fallow with Sesbania sesban on maize productivity and Striga hermonthica infestation in Western Kenya,Kenya,Eastern Africa,"Central Bunyore, Vihiga District",0.1,34.5667,Maize/Sesbania sesban,Maize/Sesbania sesban,Product Yield,Biomass Yield,t/ha,Agroforestry,Alleycropping,Monoculture,1.3906783541210397,0.17021464388754026,4.0,3.640461834650836,1.1483310072430593,4.0,0.9623,0.1692,161.8,4.0
MD_Jones_21_A glo_Sc_487,JA_Sjogr_10_Effec_Jo,MD_Jones_21_A glo_Sc,Sjogren et al. 2010,2010,10.1007/s11676-010-0085-0,Journal of Forestry Research,Effects of improved fallow with Sesbania sesban on maize productivity and Striga hermonthica infestation in Western Kenya,Kenya,Eastern Africa,"Central Bunyore, Vihiga District",0.1,34.5667,Maize/Sesbania sesban,Maize/Sesbania sesban,Product Yield,Biomass Yield,t/ha,Agroforestry,Alleycropping,Monoculture,1.3906783541210397,0.17021464388754026,4.0,1.875643352438532,0.5535065121333602,4.0,0.2992,0.1597,34.9,4.0
MD_Jones_21_A glo_Sc_488,JA_Sjogr_10_Effec_Jo,MD_Jones_21_A glo_Sc,Sjogren et al. 2010,2010,10.1007/s11676-010-0085-0,Journal of Forestry Research,Effects of improved fallow with Sesbania sesban on maize productivity and Striga hermonthica infestation in Western Kenya,Kenya,Eastern Africa,"Central Bunyore, Vihiga District",0.1,34.5667,Maize,Maize,Product Yield,Biomass Yield,t/ha,Bare Fallow,Bare Fallow,Monoculture,1.3906783541210397,0.17021464388754026,4.0,2.260093668805198,0.42522769021994034,4.0,0.4856,0.1122,62.5,4.0
MD_Jones_21_A glo_Sc_489,JA_Sjogr_10_Effec_Jo,MD_Jones_21_A glo_Sc,Sjogren et al. 2010,2010,10.1007/s11676-010-0085-0,Journal of Forestry Research,Effects of improved fallow with Sesbania sesban on maize productivity and Striga hermonthica infestation in Western Kenya,Kenya,Eastern Africa,"Central Bunyore, Vihiga District",0.1,34.5667,Maize,Maize,Product Yield,Biomass Yield,t/ha,Bare Fallow,Bare Fallow,Monoculture,1.3906783541210397,0.17021464388754026,4.0,1.7506854151381577,0.4266178279649404,4.0,0.2302,0.1363,25.9,4.0
MD_Jones_21_A glo_Sc_490,JA_Sjogr_10_Effec_Jo,MD_Jones_21_A glo_Sc,Sjogren et al. 2010,2010,10.1007/s11676-010-0085-0,Journal of Forestry Research,Effects of improved fallow with Sesbania sesban on maize productivity and Striga hermonthica infestation in Western Kenya,Kenya,Eastern Africa,"Central Bunyore, Vihiga District",0.1,34.5667,Maize,Maize,Product Yield,Biomass Yield,t/ha,No Fertilizers Applied,No Fertilizers Applied,External input dependency,1.774974210738261,0.25563088533017986,4.0,1.3906783541210397,0.17021464388754026,4.0,-0.244,0.0945,-21.7,4.0
MD_Jones_21_A glo_Sc_491,JA_Sjogr_10_Effec_Jo,MD_Jones_21_A glo_Sc,Sjogren et al. 2010,2010,10.1007/s11676-010-0085-0,Journal of Forestry Research,Effects of improved fallow with Sesbania sesban on maize productivity and Striga hermonthica infestation in Western Kenya,Kenya,Eastern Africa,"Central Bunyore, Vihiga District",0.1,34.5667,Maize/Sesbania sesban,Maize/Sesbania sesban,Product Yield,Biomass Yield,t/ha,Agroforestry,Alleycropping,Monoculture,1.774974210738261,0.25563088533017986,4.0,3.640461834650836,1.1483310072430593,4.0,0.7183,0.1734,105.1,4.0
MD_Jones_21_A glo_Sc_492,JA_Sjogr_10_Effec_Jo,MD_Jones_21_A glo_Sc,Sjogren et al. 2010,2010,10.1007/s11676-010-0085-0,Journal of Forestry Research,Effects of improved fallow with Sesbania sesban on maize productivity and Striga hermonthica infestation in Western Kenya,Kenya,Eastern Africa,"Central Bunyore, Vihiga District",0.1,34.5667,Maize/Sesbania sesban,Maize/Sesbania sesban,Product Yield,Biomass Yield,t/ha,Agroforestry,Alleycropping,Monoculture,1.774974210738261,0.25563088533017986,4.0,1.875643352438532,0.5535065121333602,4.0,0.0552,0.1642,5.7,4.0
MD_Jones_21_A glo_Sc_493,JA_Sjogr_10_Effec_Jo,MD_Jones_21_A glo_Sc,Sjogren et al. 2010,2010,10.1007/s11676-010-0085-0,Journal of Forestry Research,Effects of improved fallow with Sesbania sesban on maize productivity and Striga hermonthica infestation in Western Kenya,Kenya,Eastern Africa,"Central Bunyore, Vihiga District",0.1,34.5667,Maize,Maize,Product Yield,Biomass Yield,t/ha,Bare Fallow,Bare Fallow,Monoculture,1.774974210738261,0.25563088533017986,4.0,2.260093668805198,0.42522769021994034,4.0,0.2416,0.1185,27.3,4.0
MD_Jones_21_A glo_Sc_494,JA_Sjogr_10_Effec_Jo,MD_Jones_21_A glo_Sc,Sjogren et al. 2010,2010,10.1007/s11676-010-0085-0,Journal of Forestry Research,Effects of improved fallow with Sesbania sesban on maize productivity and Striga hermonthica infestation in Western Kenya,Kenya,Eastern Africa,"Central Bunyore, Vihiga District",0.1,34.5667,Maize,Maize,Product Yield,Biomass Yield,t/ha,Bare Fallow,Bare Fallow,Monoculture,1.774974210738261,0.25563088533017986,4.0,1.7506854151381577,0.4266178279649404,4.0,-0.0138,0.1415,-1.4,4.0
MD_Jones_21_A glo_Sc_495,JA_Sjogr_10_Effec_Jo,MD_Jones_21_A glo_Sc,Sjogren et al. 2010,2010,10.1007/s11676-010-0085-0,Journal of Forestry Research,Effects of improved fallow with Sesbania sesban on maize productivity and Striga hermonthica infestation in Western Kenya,Kenya,Eastern Africa,"Central Bunyore, Vihiga District",0.1,34.5667,Maize/Sesbania sesban,Maize/Sesbania sesban,Product Yield,Biomass Yield,t/ha,Agroforestry,Alleycropping,Monoculture,1.337582815249588,0.3401203682761804,4.0,1.4171295862133615,0.33965698902784025,4.0,0.0578,0.1747,5.9,4.0
MD_Jones_21_A glo_Sc_496,JA_Sjogr_10_Effec_Jo,MD_Jones_21_A glo_Sc,Sjogren et al. 2010,2010,10.1007/s11676-010-0085-0,Journal of Forestry Research,Effects of improved fallow with Sesbania sesban on maize productivity and Striga hermonthica infestation in Western Kenya,Kenya,Eastern Africa,"Central Bunyore, Vihiga District",0.1,34.5667,Maize/Sesbania sesban,Maize/Sesbania sesban,Product Yield,Biomass Yield,t/ha,Agroforestry,Alleycropping,Monoculture,1.337582815249588,0.3401203682761804,4.0,1.0989811172956276,0.17006018413809976,4.0,-0.1965,0.1488,-17.8,4.0
MD_Jones_21_A glo_Sc_497,JA_Sjogr_10_Effec_Jo,MD_Jones_21_A glo_Sc,Sjogren et al. 2010,2010,10.1007/s11676-010-0085-0,Journal of Forestry Research,Effects of improved fallow with Sesbania sesban on maize productivity and Striga hermonthica infestation in Western Kenya,Kenya,Eastern Africa,"Central Bunyore, Vihiga District",0.1,34.5667,Maize,Maize,Product Yield,Biomass Yield,t/ha,Bare Fallow,Bare Fallow,Monoculture,1.337582815249588,0.3401203682761804,4.0,1.0368496830816891,0.2975667073042998,4.0,-0.2547,0.1917,-22.5,4.0
MD_Jones_21_A glo_Sc_498,JA_Sjogr_10_Effec_Jo,MD_Jones_21_A glo_Sc,Sjogren et al. 2010,2010,10.1007/s11676-010-0085-0,Journal of Forestry Research,Effects of improved fallow with Sesbania sesban on maize productivity and Striga hermonthica infestation in Western Kenya,Kenya,Eastern Africa,"Central Bunyore, Vihiga District",0.1,34.5667,Maize,Maize,Product Yield,Biomass Yield,t/ha,Bare Fallow,Bare Fallow,Monoculture,1.337582815249588,0.3401203682761804,4.0,1.2722849561720435,0.33981144877727987,4.0,-0.05,0.1844,-4.9,4.0
MD_Jones_21_A glo_Sc_499,JA_Sjogr_10_Effec_Jo,MD_Jones_21_A glo_Sc,Sjogren et al. 2010,2010,10.1007/s11676-010-0085-0,Journal of Forestry Research,Effects of improved fallow with Sesbania sesban on maize productivity and Striga hermonthica infestation in Western Kenya,Kenya,Eastern Africa,"Central Bunyore, Vihiga District",0.1,34.5667,Maize,Maize,Product Yield,Biomass Yield,t/ha,No Fertilizers Applied,No Fertilizers Applied,External input dependency,1.955923807212166,0.34012036827618,4.0,1.337582815249588,0.3401203682761804,4.0,-0.38,0.154,-31.6,4.0
MD_Jones_21_A glo_Sc_500,JA_Sjogr_10_Effec_Jo,MD_Jones_21_A glo_Sc,Sjogren et al. 2010,2010,10.1007/s11676-010-0085-0,Journal of Forestry Research,Effects of improved fallow with Sesbania sesban on maize productivity and Striga hermonthica infestation in Western Kenya,Kenya,Eastern Africa,"Central Bunyore, Vihiga District",0.1,34.5667,Maize/Sesbania sesban,Maize/Sesbania sesban,Product Yield,Biomass Yield,t/ha,Agroforestry,Alleycropping,Monoculture,1.955923807212166,0.34012036827618,4.0,1.4171295862133615,0.33965698902784025,4.0,-0.3222,0.1481,-27.5,4.0
MD_Jones_21_A glo_Sc_501,JA_Sjogr_10_Effec_Jo,MD_Jones_21_A glo_Sc,Sjogren et al. 2010,2010,10.1007/s11676-010-0085-0,Journal of Forestry Research,Effects of improved fallow with Sesbania sesban on maize productivity and Striga hermonthica infestation in Western Kenya,Kenya,Eastern Africa,"Central Bunyore, Vihiga District",0.1,34.5667,Maize/Sesbania sesban,Maize/Sesbania sesban,Product Yield,Biomass Yield,t/ha,Agroforestry,Alleycropping,Monoculture,1.955923807212166,0.34012036827618,4.0,1.0989811172956276,0.17006018413809976,4.0,-0.5765,0.1164,-43.8,4.0
MD_Jones_21_A glo_Sc_502,JA_Sjogr_10_Effec_Jo,MD_Jones_21_A glo_Sc,Sjogren et al. 2010,2010,10.1007/s11676-010-0085-0,Journal of Forestry Research,Effects of improved fallow with Sesbania sesban on maize productivity and Striga hermonthica infestation in Western Kenya,Kenya,Eastern Africa,"Central Bunyore, Vihiga District",0.1,34.5667,Maize,Maize,Product Yield,Biomass Yield,t/ha,Bare Fallow,Bare Fallow,Monoculture,1.955923807212166,0.34012036827618,4.0,1.0368496830816891,0.2975667073042998,4.0,-0.6347,0.1678,-47.0,4.0
MD_Jones_21_A glo_Sc_503,JA_Sjogr_10_Effec_Jo,MD_Jones_21_A glo_Sc,Sjogren et al. 2010,2010,10.1007/s11676-010-0085-0,Journal of Forestry Research,Effects of improved fallow with Sesbania sesban on maize productivity and Striga hermonthica infestation in Western Kenya,Kenya,Eastern Africa,"Central Bunyore, Vihiga District",0.1,34.5667,Maize,Maize,Product Yield,Biomass Yield,t/ha,Bare Fallow,Bare Fallow,Monoculture,1.955923807212166,0.34012036827618,4.0,1.2722849561720435,0.33981144877727987,4.0,-0.43,0.1594,-35.0,4.0
MD_Jones_21_A glo_Sc_504,JA_Sjogr_10_Effec_Jo,MD_Jones_21_A glo_Sc,Sjogren et al. 2010,2010,10.1007/s11676-010-0085-0,Journal of Forestry Research,Effects of improved fallow with Sesbania sesban on maize productivity and Striga hermonthica infestation in Western Kenya,Kenya,Eastern Africa,"Central Bunyore, Vihiga District",0.1,34.5667,Maize/Sesbania sesban,Maize/Sesbania sesban,Product Yield,Biomass Yield,t/ha,Agroforestry,Alleycropping,Monoculture,1.811836319835578,0.8926599992138398,4.0,4.456628799577715,1.6785134687414,4.0,0.9001,0.3101,146.0,4.0
MD_Jones_21_A glo_Sc_505,JA_Sjogr_10_Effec_Jo,MD_Jones_21_A glo_Sc,Sjogren et al. 2010,2010,10.1007/s11676-010-0085-0,Journal of Forestry Research,Effects of improved fallow with Sesbania sesban on maize productivity and Striga hermonthica infestation in Western Kenya,Kenya,Eastern Africa,"Central Bunyore, Vihiga District",0.1,34.5667,Maize/Sesbania sesban,Maize/Sesbania sesban,Product Yield,Biomass Yield,t/ha,Agroforestry,Alleycropping,Monoculture,1.811836319835578,0.8926599992138398,4.0,2.366758573442125,0.2859180476080798,4.0,0.2672,0.2536,30.6,4.0
MD_Jones_21_A glo_Sc_506,JA_Sjogr_10_Effec_Jo,MD_Jones_21_A glo_Sc,Sjogren et al. 2010,2010,10.1007/s11676-010-0085-0,Journal of Forestry Research,Effects of improved fallow with Sesbania sesban on maize productivity and Striga hermonthica infestation in Western Kenya,Kenya,Eastern Africa,"Central Bunyore, Vihiga District",0.1,34.5667,Maize,Maize,Product Yield,Biomass Yield,t/ha,Bare Fallow,Bare Fallow,Monoculture,1.811836319835578,0.8926599992138398,4.0,4.455550626407381,1.6790525553265603,4.0,0.8998,0.3101,145.9,4.0
MD_Jones_21_A glo_Sc_507,JA_Sjogr_10_Effec_Jo,MD_Jones_21_A glo_Sc,Sjogren et al. 2010,2010,10.1007/s11676-010-0085-0,Journal of Forestry Research,Effects of improved fallow with Sesbania sesban on maize productivity and Striga hermonthica infestation in Western Kenya,Kenya,Eastern Africa,"Central Bunyore, Vihiga District",0.1,34.5667,Maize,Maize,Product Yield,Biomass Yield,t/ha,Bare Fallow,Bare Fallow,Monoculture,1.811836319835578,0.8926599992138398,4.0,1.6873073186619427,0.4998680360963399,4.0,-0.0712,0.2874,-6.9,4.0
MD_Jones_21_A glo_Sc_508,JA_Sjogr_10_Effec_Jo,MD_Jones_21_A glo_Sc,Sjogren et al. 2010,2010,10.1007/s11676-010-0085-0,Journal of Forestry Research,Effects of improved fallow with Sesbania sesban on maize productivity and Striga hermonthica infestation in Western Kenya,Kenya,Eastern Africa,"Central Bunyore, Vihiga District",0.1,34.5667,Maize,Maize,Product Yield,Biomass Yield,t/ha,No Fertilizers Applied,No Fertilizers Applied,External input dependency,2.1863330319689576,1.0715693596662197,4.0,1.811836319835578,0.8926599992138398,4.0,-0.1879,0.3475,-17.1,4.0
MD_Jones_21_A glo_Sc_509,JA_Sjogr_10_Effec_Jo,MD_Jones_21_A glo_Sc,Sjogren et al. 2010,2010,10.1007/s11676-010-0085-0,Journal of Forestry Research,Effects of improved fallow with Sesbania sesban on maize productivity and Striga hermonthica infestation in Western Kenya,Kenya,Eastern Africa,"Central Bunyore, Vihiga District",0.1,34.5667,Maize/Sesbania sesban,Maize/Sesbania sesban,Product Yield,Biomass Yield,t/ha,Agroforestry,Alleycropping,Monoculture,2.1863330319689576,1.0715693596662197,4.0,4.456628799577715,1.6785134687414,4.0,0.7122,0.3091,103.8,4.0
MD_Jones_21_A glo_Sc_510,JA_Sjogr_10_Effec_Jo,MD_Jones_21_A glo_Sc,Sjogren et al. 2010,2010,10.1007/s11676-010-0085-0,Journal of Forestry Research,Effects of improved fallow with Sesbania sesban on maize productivity and Striga hermonthica infestation in Western Kenya,Kenya,Eastern Africa,"Central Bunyore, Vihiga District",0.1,34.5667,Maize/Sesbania sesban,Maize/Sesbania sesban,Product Yield,Biomass Yield,t/ha,Agroforestry,Alleycropping,Monoculture,2.1863330319689576,1.0715693596662197,4.0,2.366758573442125,0.2859180476080798,4.0,0.0793,0.2524,8.3,4.0
MD_Jones_21_A glo_Sc_511,JA_Sjogr_10_Effec_Jo,MD_Jones_21_A glo_Sc,Sjogren et al. 2010,2010,10.1007/s11676-010-0085-0,Journal of Forestry Research,Effects of improved fallow with Sesbania sesban on maize productivity and Striga hermonthica infestation in Western Kenya,Kenya,Eastern Africa,"Central Bunyore, Vihiga District",0.1,34.5667,Maize,Maize,Product Yield,Biomass Yield,t/ha,Bare Fallow,Bare Fallow,Monoculture,2.1863330319689576,1.0715693596662197,4.0,4.455550626407381,1.6790525553265603,4.0,0.7119,0.3091,103.8,4.0
MD_Jones_21_A glo_Sc_512,JA_Sjogr_10_Effec_Jo,MD_Jones_21_A glo_Sc,Sjogren et al. 2010,2010,10.1007/s11676-010-0085-0,Journal of Forestry Research,Effects of improved fallow with Sesbania sesban on maize productivity and Striga hermonthica infestation in Western Kenya,Kenya,Eastern Africa,"Central Bunyore, Vihiga District",0.1,34.5667,Maize,Maize,Product Yield,Biomass Yield,t/ha,Bare Fallow,Bare Fallow,Monoculture,2.1863330319689576,1.0715693596662197,4.0,1.6873073186619427,0.4998680360963399,4.0,-0.2591,0.2863,-22.8,4.0
MD_Jones_21_A glo_Sc_513,JA_Sjogr_10_Effec_Jo,MD_Jones_21_A glo_Sc,Sjogren et al. 2010,2010,10.1007/s11676-010-0085-0,Journal of Forestry Research,Effects of improved fallow with Sesbania sesban on maize productivity and Striga hermonthica infestation in Western Kenya,Kenya,Eastern Africa,"Central Bunyore, Vihiga District",0.1,34.5667,Maize/Sesbania sesban,Maize/Sesbania sesban,Product Yield,Biomass Yield,t/ha,Agroforestry,Alleycropping,Monoculture,2.611807119312215,0.46435570729843967,4.0,3.0959068727924124,0.42864122103111946,4.0,0.17,0.1127,18.5,4.0
MD_Jones_21_A glo_Sc_514,JA_Sjogr_10_Effec_Jo,MD_Jones_21_A glo_Sc,Sjogren et al. 2010,2010,10.1007/s11676-010-0085-0,Journal of Forestry Research,Effects of improved fallow with Sesbania sesban on maize productivity and Striga hermonthica infestation in Western Kenya,Kenya,Eastern Africa,"Central Bunyore, Vihiga District",0.1,34.5667,Maize/Sesbania sesban,Maize/Sesbania sesban,Product Yield,Biomass Yield,t/ha,Agroforestry,Alleycropping,Monoculture,2.611807119312215,0.46435570729843967,4.0,2.1847157722134556,0.46442309312160024,4.0,-0.1786,0.1386,-16.4,4.0
MD_Jones_21_A glo_Sc_515,JA_Sjogr_10_Effec_Jo,MD_Jones_21_A glo_Sc,Sjogren et al. 2010,2010,10.1007/s11676-010-0085-0,Journal of Forestry Research,Effects of improved fallow with Sesbania sesban on maize productivity and Striga hermonthica infestation in Western Kenya,Kenya,Eastern Africa,"Central Bunyore, Vihiga District",0.1,34.5667,Maize,Maize,Product Yield,Biomass Yield,t/ha,Bare Fallow,Bare Fallow,Monoculture,2.611807119312215,0.46435570729843967,4.0,2.2021013145851,0.4288433785005399,4.0,-0.1706,0.1318,-15.7,4.0
MD_Jones_21_A glo_Sc_516,JA_Sjogr_10_Effec_Jo,MD_Jones_21_A glo_Sc,Sjogren et al. 2010,2010,10.1007/s11676-010-0085-0,Journal of Forestry Research,Effects of improved fallow with Sesbania sesban on maize productivity and Striga hermonthica infestation in Western Kenya,Kenya,Eastern Africa,"Central Bunyore, Vihiga District",0.1,34.5667,Maize,Maize,Product Yield,Biomass Yield,t/ha,Bare Fallow,Bare Fallow,Monoculture,2.611807119312215,0.46435570729843967,4.0,2.3802020451597325,0.42864122103112035,4.0,-0.0929,0.1265,-8.9,4.0
MD_Jones_21_A glo_Sc_517,JA_Sjogr_10_Effec_Jo,MD_Jones_21_A glo_Sc,Sjogren et al. 2010,2010,10.1007/s11676-010-0085-0,Journal of Forestry Research,Effects of improved fallow with Sesbania sesban on maize productivity and Striga hermonthica infestation in Western Kenya,Kenya,Eastern Africa,"Central Bunyore, Vihiga District",0.1,34.5667,Maize,Maize,Product Yield,Biomass Yield,t/ha,No Fertilizers Applied,No Fertilizers Applied,External input dependency,2.950623038089837,0.6073484240140594,4.0,2.611807119312215,0.46435570729843967,4.0,-0.122,0.136,-11.5,4.0
MD_Jones_21_A glo_Sc_518,JA_Sjogr_10_Effec_Jo,MD_Jones_21_A glo_Sc,Sjogren et al. 2010,2010,10.1007/s11676-010-0085-0,Journal of Forestry Research,Effects of improved fallow with Sesbania sesban on maize productivity and Striga hermonthica infestation in Western Kenya,Kenya,Eastern Africa,"Central Bunyore, Vihiga District",0.1,34.5667,Maize/Sesbania sesban,Maize/Sesbania sesban,Product Yield,Biomass Yield,t/ha,Agroforestry,Alleycropping,Monoculture,2.950623038089837,0.6073484240140594,4.0,3.0959068727924124,0.42864122103111946,4.0,0.0481,0.124,4.9,4.0
MD_Jones_21_A glo_Sc_519,JA_Sjogr_10_Effec_Jo,MD_Jones_21_A glo_Sc,Sjogren et al. 2010,2010,10.1007/s11676-010-0085-0,Journal of Forestry Research,Effects of improved fallow with Sesbania sesban on maize productivity and Striga hermonthica infestation in Western Kenya,Kenya,Eastern Africa,"Central Bunyore, Vihiga District",0.1,34.5667,Maize/Sesbania sesban,Maize/Sesbania sesban,Product Yield,Biomass Yield,t/ha,Agroforestry,Alleycropping,Monoculture,2.950623038089837,0.6073484240140594,4.0,2.1847157722134556,0.46442309312160024,4.0,-0.3005,0.148,-26.0,4.0
MD_Jones_21_A glo_Sc_520,JA_Sjogr_10_Effec_Jo,MD_Jones_21_A glo_Sc,Sjogren et al. 2010,2010,10.1007/s11676-010-0085-0,Journal of Forestry Research,Effects of improved fallow with Sesbania sesban on maize productivity and Striga hermonthica infestation in Western Kenya,Kenya,Eastern Africa,"Central Bunyore, Vihiga District",0.1,34.5667,Maize,Maize,Product Yield,Biomass Yield,t/ha,Bare Fallow,Bare Fallow,Monoculture,2.950623038089837,0.6073484240140594,4.0,2.2021013145851,0.4288433785005399,4.0,-0.2926,0.1417,-25.4,4.0
MD_Jones_21_A glo_Sc_521,JA_Sjogr_10_Effec_Jo,MD_Jones_21_A glo_Sc,Sjogren et al. 2010,2010,10.1007/s11676-010-0085-0,Journal of Forestry Research,Effects of improved fallow with Sesbania sesban on maize productivity and Striga hermonthica infestation in Western Kenya,Kenya,Eastern Africa,"Central Bunyore, Vihiga District",0.1,34.5667,Maize,Maize,Product Yield,Biomass Yield,t/ha,Bare Fallow,Bare Fallow,Monoculture,2.950623038089837,0.6073484240140594,4.0,2.3802020451597325,0.42864122103112035,4.0,-0.2148,0.1367,-19.3,4.0
MD_Jones_21_A glo_Sc_522,JA_Sjogr_10_Effec_Jo,MD_Jones_21_A glo_Sc,Sjogren et al. 2010,2010,10.1007/s11676-010-0085-0,Journal of Forestry Research,Effects of improved fallow with Sesbania sesban on maize productivity and Striga hermonthica infestation in Western Kenya,Kenya,Eastern Africa,"Central Bunyore, Vihiga District",0.1,34.5667,Maize/Sesbania sesban,Maize/Sesbania sesban,Product Yield,Biomass Yield,t/ha,Agroforestry,Alleycropping,Monoculture,1.715474592736932,0.57136439445414,4.0,1.5745371436272668,0.3927919631175003,4.0,-0.0857,0.2081,-8.2,4.0
MD_Jones_21_A glo_Sc_523,JA_Sjogr_10_Effec_Jo,MD_Jones_21_A glo_Sc,Sjogren et al. 2010,2010,10.1007/s11676-010-0085-0,Journal of Forestry Research,Effects of improved fallow with Sesbania sesban on maize productivity and Striga hermonthica infestation in Western Kenya,Kenya,Eastern Africa,"Central Bunyore, Vihiga District",0.1,34.5667,Maize/Sesbania sesban,Maize/Sesbania sesban,Product Yield,Biomass Yield,t/ha,Agroforestry,Alleycropping,Monoculture,1.715474592736932,0.57136439445414,4.0,1.7168896950229957,0.3929941205869403,4.0,0.0008,0.2021,0.1,4.0
MD_Jones_21_A glo_Sc_524,JA_Sjogr_10_Effec_Jo,MD_Jones_21_A glo_Sc,Sjogren et al. 2010,2010,10.1007/s11676-010-0085-0,Journal of Forestry Research,Effects of improved fallow with Sesbania sesban on maize productivity and Striga hermonthica infestation in Western Kenya,Kenya,Eastern Africa,"Central Bunyore, Vihiga District",0.1,34.5667,Maize,Maize,Product Yield,Biomass Yield,t/ha,Bare Fallow,Bare Fallow,Monoculture,1.715474592736932,0.57136439445414,4.0,1.4842401406117514,0.28558111849234,4.0,-0.1448,0.1923,-13.5,4.0
MD_Jones_21_A glo_Sc_525,JA_Sjogr_10_Effec_Jo,MD_Jones_21_A glo_Sc,Sjogren et al. 2010,2010,10.1007/s11676-010-0085-0,Journal of Forestry Research,Effects of improved fallow with Sesbania sesban on maize productivity and Striga hermonthica infestation in Western Kenya,Kenya,Eastern Africa,"Central Bunyore, Vihiga District",0.1,34.5667,Maize,Maize,Product Yield,Biomass Yield,t/ha,Bare Fallow,Bare Fallow,Monoculture,1.715474592736932,0.57136439445414,4.0,1.4123731602266414,0.4285064493848201,4.0,-0.1944,0.2253,-17.7,4.0
MD_Jones_21_A glo_Sc_526,JA_Sjogr_10_Effec_Jo,MD_Jones_21_A glo_Sc,Sjogren et al. 2010,2010,10.1007/s11676-010-0085-0,Journal of Forestry Research,Effects of improved fallow with Sesbania sesban on maize productivity and Striga hermonthica infestation in Western Kenya,Kenya,Eastern Africa,"Central Bunyore, Vihiga District",0.1,34.5667,Maize,Maize,Product Yield,Biomass Yield,t/ha,No Fertilizers Applied,No Fertilizers Applied,External input dependency,2.179122748892345,0.8217027274411999,4.0,1.715474592736932,0.57136439445414,4.0,-0.2392,0.2516,-21.3,4.0
MD_Jones_21_A glo_Sc_527,JA_Sjogr_10_Effec_Jo,MD_Jones_21_A glo_Sc,Sjogren et al. 2010,2010,10.1007/s11676-010-0085-0,Journal of Forestry Research,Effects of improved fallow with Sesbania sesban on maize productivity and Striga hermonthica infestation in Western Kenya,Kenya,Eastern Africa,"Central Bunyore, Vihiga District",0.1,34.5667,Maize/Sesbania sesban,Maize/Sesbania sesban,Product Yield,Biomass Yield,t/ha,Agroforestry,Alleycropping,Monoculture,2.179122748892345,0.8217027274411999,4.0,1.5745371436272668,0.3927919631175003,4.0,-0.325,0.2261,-27.7,4.0
MD_Jones_21_A glo_Sc_528,JA_Sjogr_10_Effec_Jo,MD_Jones_21_A glo_Sc,Sjogren et al. 2010,2010,10.1007/s11676-010-0085-0,Journal of Forestry Research,Effects of improved fallow with Sesbania sesban on maize productivity and Striga hermonthica infestation in Western Kenya,Kenya,Eastern Africa,"Central Bunyore, Vihiga District",0.1,34.5667,Maize/Sesbania sesban,Maize/Sesbania sesban,Product Yield,Biomass Yield,t/ha,Agroforestry,Alleycropping,Monoculture,2.179122748892345,0.8217027274411999,4.0,1.7168896950229957,0.3929941205869403,4.0,-0.2384,0.2206,-21.2,4.0
MD_Jones_21_A glo_Sc_529,JA_Sjogr_10_Effec_Jo,MD_Jones_21_A glo_Sc,Sjogren et al. 2010,2010,10.1007/s11676-010-0085-0,Journal of Forestry Research,Effects of improved fallow with Sesbania sesban on maize productivity and Striga hermonthica infestation in Western Kenya,Kenya,Eastern Africa,"Central Bunyore, Vihiga District",0.1,34.5667,Maize,Maize,Product Yield,Biomass Yield,t/ha,Bare Fallow,Bare Fallow,Monoculture,2.179122748892345,0.8217027274411999,4.0,1.4842401406117514,0.28558111849234,4.0,-0.384,0.2117,-31.9,4.0
MD_Jones_21_A glo_Sc_530,JA_Sjogr_10_Effec_Jo,MD_Jones_21_A glo_Sc,Sjogren et al. 2010,2010,10.1007/s11676-010-0085-0,Journal of Forestry Research,Effects of improved fallow with Sesbania sesban on maize productivity and Striga hermonthica infestation in Western Kenya,Kenya,Eastern Africa,"Central Bunyore, Vihiga District",0.1,34.5667,Maize,Maize,Product Yield,Biomass Yield,t/ha,Bare Fallow,Bare Fallow,Monoculture,2.179122748892345,0.8217027274411999,4.0,1.4123731602266414,0.4285064493848201,4.0,-0.4337,0.242,-35.2,4.0
MD_Jones_21_A glo_Sc_531,JA_Sjogr_10_Effec_Jo,MD_Jones_21_A glo_Sc,Sjogren et al. 2010,2010,10.1007/s11676-010-0085-0,Journal of Forestry Research,Effects of improved fallow with Sesbania sesban on maize productivity and Striga hermonthica infestation in Western Kenya,Kenya,Eastern Africa,"Central Bunyore, Vihiga District",0.1,34.5667,Maize/Sesbania sesban,Maize/Sesbania sesban,Product Yield,Biomass Yield,t/ha,Agroforestry,Alleycropping,Monoculture,1.887062722753173,0.5728814328845999,4.0,3.5657306304056657,0.3582211527547603,4.0,0.6363,0.1599,89.0,4.0
MD_Jones_21_A glo_Sc_532,JA_Sjogr_10_Effec_Jo,MD_Jones_21_A glo_Sc,Sjogren et al. 2010,2010,10.1007/s11676-010-0085-0,Journal of Forestry Research,Effects of improved fallow with Sesbania sesban on maize productivity and Striga hermonthica infestation in Western Kenya,Kenya,Eastern Africa,"Central Bunyore, Vihiga District",0.1,34.5667,Maize/Sesbania sesban,Maize/Sesbania sesban,Product Yield,Biomass Yield,t/ha,Agroforestry,Alleycropping,Monoculture,1.887062722753173,0.5728814328845999,4.0,2.707361921409277,0.5371955233706398,4.0,0.361,0.1813,43.5,4.0
MD_Jones_21_A glo_Sc_533,JA_Sjogr_10_Effec_Jo,MD_Jones_21_A glo_Sc,Sjogren et al. 2010,2010,10.1007/s11676-010-0085-0,Journal of Forestry Research,Effects of improved fallow with Sesbania sesban on maize productivity and Striga hermonthica infestation in Western Kenya,Kenya,Eastern Africa,"Central Bunyore, Vihiga District",0.1,34.5667,Maize,Maize,Product Yield,Biomass Yield,t/ha,Bare Fallow,Bare Fallow,Monoculture,1.887062722753173,0.5728814328845999,4.0,2.9233842591541617,0.6084311366370798,4.0,0.4377,0.184,54.9,4.0
MD_Jones_21_A glo_Sc_534,JA_Sjogr_10_Effec_Jo,MD_Jones_21_A glo_Sc,Sjogren et al. 2010,2010,10.1007/s11676-010-0085-0,Journal of Forestry Research,Effects of improved fallow with Sesbania sesban on maize productivity and Striga hermonthica infestation in Western Kenya,Kenya,Eastern Africa,"Central Bunyore, Vihiga District",0.1,34.5667,Maize,Maize,Product Yield,Biomass Yield,t/ha,Bare Fallow,Bare Fallow,Monoculture,1.887062722753173,0.5728814328845999,4.0,2.279675830287621,0.6093845769675994,4.0,0.189,0.2022,20.8,4.0
MD_Jones_21_A glo_Sc_535,JA_Sjogr_10_Effec_Jo,MD_Jones_21_A glo_Sc,Sjogren et al. 2010,2010,10.1007/s11676-010-0085-0,Journal of Forestry Research,Effects of improved fallow with Sesbania sesban on maize productivity and Striga hermonthica infestation in Western Kenya,Kenya,Eastern Africa,"Central Bunyore, Vihiga District",0.1,34.5667,Maize,Maize,Product Yield,Biomass Yield,t/ha,No Fertilizers Applied,No Fertilizers Applied,External input dependency,2.156954439172779,0.3221266259562805,4.0,1.887062722753173,0.5728814328845999,4.0,-0.1337,0.1692,-12.5,4.0
MD_Jones_21_A glo_Sc_536,JA_Sjogr_10_Effec_Jo,MD_Jones_21_A glo_Sc,Sjogren et al. 2010,2010,10.1007/s11676-010-0085-0,Journal of Forestry Research,Effects of improved fallow with Sesbania sesban on maize productivity and Striga hermonthica infestation in Western Kenya,Kenya,Eastern Africa,"Central Bunyore, Vihiga District",0.1,34.5667,Maize/Sesbania sesban,Maize/Sesbania sesban,Product Yield,Biomass Yield,t/ha,Agroforestry,Alleycropping,Monoculture,2.156954439172779,0.3221266259562805,4.0,3.5657306304056657,0.3582211527547603,4.0,0.5027,0.09,65.3,4.0
MD_Jones_21_A glo_Sc_537,JA_Sjogr_10_Effec_Jo,MD_Jones_21_A glo_Sc,Sjogren et al. 2010,2010,10.1007/s11676-010-0085-0,Journal of Forestry Research,Effects of improved fallow with Sesbania sesban on maize productivity and Striga hermonthica infestation in Western Kenya,Kenya,Eastern Africa,"Central Bunyore, Vihiga District",0.1,34.5667,Maize/Sesbania sesban,Maize/Sesbania sesban,Product Yield,Biomass Yield,t/ha,Agroforestry,Alleycropping,Monoculture,2.156954439172779,0.3221266259562805,4.0,2.707361921409277,0.5371955233706398,4.0,0.2273,0.1242,25.5,4.0
MD_Jones_21_A glo_Sc_538,JA_Sjogr_10_Effec_Jo,MD_Jones_21_A glo_Sc,Sjogren et al. 2010,2010,10.1007/s11676-010-0085-0,Journal of Forestry Research,Effects of improved fallow with Sesbania sesban on maize productivity and Striga hermonthica infestation in Western Kenya,Kenya,Eastern Africa,"Central Bunyore, Vihiga District",0.1,34.5667,Maize,Maize,Product Yield,Biomass Yield,t/ha,Bare Fallow,Bare Fallow,Monoculture,2.156954439172779,0.3221266259562805,4.0,2.9233842591541617,0.6084311366370798,4.0,0.304,0.1281,35.5,4.0
MD_Jones_21_A glo_Sc_539,JA_Sjogr_10_Effec_Jo,MD_Jones_21_A glo_Sc,Sjogren et al. 2010,2010,10.1007/s11676-010-0085-0,Journal of Forestry Research,Effects of improved fallow with Sesbania sesban on maize productivity and Striga hermonthica infestation in Western Kenya,Kenya,Eastern Africa,"Central Bunyore, Vihiga District",0.1,34.5667,Maize,Maize,Product Yield,Biomass Yield,t/ha,Bare Fallow,Bare Fallow,Monoculture,2.156954439172779,0.3221266259562805,4.0,2.279675830287621,0.6093845769675994,4.0,0.0553,0.1531,5.7,4.0
MD_Jones_21_A glo_Sc_540,JA_Sjogr_10_Effec_Jo,MD_Jones_21_A glo_Sc,Sjogren et al. 2010,2010,10.1007/s11676-010-0085-0,Journal of Forestry Research,Effects of improved fallow with Sesbania sesban on maize productivity and Striga hermonthica infestation in Western Kenya,Kenya,Eastern Africa,"Central Bunyore, Vihiga District",0.1,34.5667,Maize/Sesbania sesban,Maize/Sesbania sesban,Product Yield,Biomass Yield,t/ha,Agroforestry,Alleycropping,Monoculture,1.913895257769406,0.35794874123176035,4.0,1.855531088965064,0.25020998388231996,4.0,-0.031,0.1153,-3.0,4.0
MD_Jones_21_A glo_Sc_541,JA_Sjogr_10_Effec_Jo,MD_Jones_21_A glo_Sc,Sjogren et al. 2010,2010,10.1007/s11676-010-0085-0,Journal of Forestry Research,Effects of improved fallow with Sesbania sesban on maize productivity and Striga hermonthica infestation in Western Kenya,Kenya,Eastern Africa,"Central Bunyore, Vihiga District",0.1,34.5667,Maize/Sesbania sesban,Maize/Sesbania sesban,Product Yield,Biomass Yield,t/ha,Agroforestry,Alleycropping,Monoculture,1.913895257769406,0.35794874123176035,4.0,1.5519284465732888,0.28684933372681964,4.0,-0.2096,0.1315,-18.9,4.0
MD_Jones_21_A glo_Sc_542,JA_Sjogr_10_Effec_Jo,MD_Jones_21_A glo_Sc,Sjogren et al. 2010,2010,10.1007/s11676-010-0085-0,Journal of Forestry Research,Effects of improved fallow with Sesbania sesban on maize productivity and Striga hermonthica infestation in Western Kenya,Kenya,Eastern Africa,"Central Bunyore, Vihiga District",0.1,34.5667,Maize,Maize,Product Yield,Biomass Yield,t/ha,Bare Fallow,Bare Fallow,Monoculture,1.913895257769406,0.35794874123176035,4.0,1.5532224013075735,0.42959297178270006,4.0,-0.2088,0.1669,-18.8,4.0
MD_Jones_21_A glo_Sc_543,JA_Sjogr_10_Effec_Jo,MD_Jones_21_A glo_Sc,Sjogren et al. 2010,2010,10.1007/s11676-010-0085-0,Journal of Forestry Research,Effects of improved fallow with Sesbania sesban on maize productivity and Striga hermonthica infestation in Western Kenya,Kenya,Eastern Africa,"Central Bunyore, Vihiga District",0.1,34.5667,Maize,Maize,Product Yield,Biomass Yield,t/ha,Bare Fallow,Bare Fallow,Monoculture,1.913895257769406,0.35794874123176035,4.0,1.572291207918095,0.21493269165286,4.0,-0.1966,0.1158,-17.8,4.0
MD_Jones_21_A glo_Sc_544,JA_Sjogr_10_Effec_Jo,MD_Jones_21_A glo_Sc,Sjogren et al. 2010,2010,10.1007/s11676-010-0085-0,Journal of Forestry Research,Effects of improved fallow with Sesbania sesban on maize productivity and Striga hermonthica infestation in Western Kenya,Kenya,Eastern Africa,"Central Bunyore, Vihiga District",0.1,34.5667,Maize,Maize,Product Yield,Biomass Yield,t/ha,No Fertilizers Applied,No Fertilizers Applied,External input dependency,2.3272116410524166,0.21452407436833987,4.0,1.913895257769406,0.35794874123176035,4.0,-0.1955,0.1043,-17.8,4.0
MD_Jones_21_A glo_Sc_545,JA_Sjogr_10_Effec_Jo,MD_Jones_21_A glo_Sc,Sjogren et al. 2010,2010,10.1007/s11676-010-0085-0,Journal of Forestry Research,Effects of improved fallow with Sesbania sesban on maize productivity and Striga hermonthica infestation in Western Kenya,Kenya,Eastern Africa,"Central Bunyore, Vihiga District",0.1,34.5667,Maize/Sesbania sesban,Maize/Sesbania sesban,Product Yield,Biomass Yield,t/ha,Agroforestry,Alleycropping,Monoculture,2.3272116410524166,0.21452407436833987,4.0,1.855531088965064,0.25020998388231996,4.0,-0.2265,0.0817,-20.3,4.0
MD_Jones_21_A glo_Sc_546,JA_Sjogr_10_Effec_Jo,MD_Jones_21_A glo_Sc,Sjogren et al. 2010,2010,10.1007/s11676-010-0085-0,Journal of Forestry Research,Effects of improved fallow with Sesbania sesban on maize productivity and Striga hermonthica infestation in Western Kenya,Kenya,Eastern Africa,"Central Bunyore, Vihiga District",0.1,34.5667,Maize/Sesbania sesban,Maize/Sesbania sesban,Product Yield,Biomass Yield,t/ha,Agroforestry,Alleycropping,Monoculture,2.3272116410524166,0.21452407436833987,4.0,1.5519284465732888,0.28684933372681964,4.0,-0.4052,0.1033,-33.3,4.0
MD_Jones_21_A glo_Sc_547,JA_Sjogr_10_Effec_Jo,MD_Jones_21_A glo_Sc,Sjogren et al. 2010,2010,10.1007/s11676-010-0085-0,Journal of Forestry Research,Effects of improved fallow with Sesbania sesban on maize productivity and Striga hermonthica infestation in Western Kenya,Kenya,Eastern Africa,"Central Bunyore, Vihiga District",0.1,34.5667,Maize,Maize,Product Yield,Biomass Yield,t/ha,Bare Fallow,Bare Fallow,Monoculture,2.3272116410524166,0.21452407436833987,4.0,1.5532224013075735,0.42959297178270006,4.0,-0.4043,0.1458,-33.3,4.0
MD_Jones_21_A glo_Sc_548,JA_Sjogr_10_Effec_Jo,MD_Jones_21_A glo_Sc,Sjogren et al. 2010,2010,10.1007/s11676-010-0085-0,Journal of Forestry Research,Effects of improved fallow with Sesbania sesban on maize productivity and Striga hermonthica infestation in Western Kenya,Kenya,Eastern Africa,"Central Bunyore, Vihiga District",0.1,34.5667,Maize,Maize,Product Yield,Biomass Yield,t/ha,Bare Fallow,Bare Fallow,Monoculture,2.3272116410524166,0.21452407436833987,4.0,1.572291207918095,0.21493269165286,4.0,-0.3921,0.0824,-32.4,4.0
MD_Jones_21_A glo_Sc_549,JA_Smith_01_Effec_En,MD_Jones_21_A glo_Sc,Smith et al. 2001,2001,10.1603/0046-225X-30.1.89,Environmental Entomology,"Effect of intercropping common bean with poor hosts and nonhosts on numbers of immature whiteflies (Homoptera: Aleyrodidae) in the Salamá Valley, Guatemala",Guatemala,Central America,"Instituto de Ciencia y Tecnologia Agricolas (ICTA) field station in San Jeronimo, Baja Verapaz",15.0611,-90.25,Common Bean,Common Bean-Velvet Bean-Hibiscus-Coriander-Cabbage-Maize,Product Yield,Crop Yield,kg,Simple intercropping,Simple intercropping,Monoculture,2.47,0.53,4.0,1.25,0.39,4.0,-0.6811,0.1893,-49.4,0.8333333333333335
MD_Jones_21_A glo_Sc_550,JA_Xuan _12_Diffe_Bi,MD_Jones_21_A glo_Sc,Xuan et al. 2012,2012,10.1007/s00374-011-0618-5,Biology and Fertility of Soils,"Different crop rotation systems as drivers of change in soil bacterial community structure and yield of rice, Oryza sativa",Vietnam,South-eastern Asia,"Cailay District, TienGiang Province",10.5667,106.0,Rice/Maize/Rice,Rice/Maize/Rice,Product Yield,Crop Yield,t/ha,Crop rotation,Crop Rotation (Non N fixing) + Intercropping (Non N fixing),Monoculture,4.336,0.38599999999999923,4.0,5.379,0.1540000000000017,4.0,0.2156,0.0468,24.1,8.0
MD_Jones_21_A glo_Sc_551,JA_Xuan _12_Diffe_Bi,MD_Jones_21_A glo_Sc,Xuan et al. 2012,2012,10.1007/s00374-011-0618-5,Biology and Fertility of Soils,"Different crop rotation systems as drivers of change in soil bacterial community structure and yield of rice, Oryza sativa",Vietnam,South-eastern Asia,"Cailay District, TienGiang Province",10.5667,106.0,Rice/Mung Bean/Rice,Rice/Mung Bean/Rice,Product Yield,Crop Yield,t/ha,Crop rotation,Crop Rotation (N fixing mixed) + Intercropping (N fixing mixed),Monoculture,4.336,0.38599999999999923,4.0,5.662,0.2560000000000002,4.0,0.2668,0.0499,30.6,8.0
MD_Jones_21_A glo_Sc_552,JA_Xuan _12_Diffe_Bi,MD_Jones_21_A glo_Sc,Xuan et al. 2012,2012,10.1007/s00374-011-0618-5,Biology and Fertility of Soils,"Different crop rotation systems as drivers of change in soil bacterial community structure and yield of rice, Oryza sativa",Vietnam,South-eastern Asia,"Cailay District, TienGiang Province",10.5667,106.0,Rice/Mung Bean/Maize,Rice/Mung Bean/Maize,Product Yield,Crop Yield,t/ha,Crop rotation,Crop Rotation (N fixing mixed) + Crop rotation (High diversity),Monoculture,4.336,0.38599999999999923,4.0,6.344,0.28200000000000003,4.0,0.3806,0.0498,46.3,8.0
MD_Jones_21_A glo_Sc_553,JA_Belay_09_The p_Ph,MD_Jones_21_A glo_Sc,Belay et al. 2009,2009,10.1007/s12600-008-0002-7,Phytoparasitica,The profitability of maize-haricot bean intercropping techniques to control maize stem borers under low pest densities in Ethiopia,Ethiopia,Eastern Africa,Melkassa,8.4,39.1833,Maize,Maize-Common Bean,Product Yield,Crop Yield,kg/plot,Intercropping,Intercropping (N fixing mixed),Monoculture,12.2,,3.0,10.4,,3.0,-0.1596,,-14.8,2.0
MD_Jones_21_A glo_Sc_554,JA_Belay_09_The p_Ph,MD_Jones_21_A glo_Sc,Belay et al. 2009,2009,10.1007/s12600-008-0002-7,Phytoparasitica,The profitability of maize-haricot bean intercropping techniques to control maize stem borers under low pest densities in Ethiopia,Ethiopia,Eastern Africa,Melkassa,8.4,39.1833,Maize,Maize-Common Bean,Product Yield,Crop Yield,kg/plot,Intercropping,Intercropping (N fixing mixed),Monoculture,12.2,,3.0,12.8,,3.0,0.048,,4.9,2.0
MD_Jones_21_A glo_Sc_555,JA_Belay_09_The p_Ph,MD_Jones_21_A glo_Sc,Belay et al. 2009,2009,10.1007/s12600-008-0002-7,Phytoparasitica,The profitability of maize-haricot bean intercropping techniques to control maize stem borers under low pest densities in Ethiopia,Ethiopia,Eastern Africa,Melkassa,8.4,39.1833,Maize,Maize-Common Bean,Product Yield,Crop Yield,kg/plot,Intercropping,Intercropping (N fixing mixed),Monoculture,12.2,,3.0,12.2,,3.0,0.0,,0.0,2.0
MD_Jones_21_A glo_Sc_556,JA_Belay_09_The p_Ph,MD_Jones_21_A glo_Sc,Belay et al. 2009,2009,10.1007/s12600-008-0002-7,Phytoparasitica,The profitability of maize-haricot bean intercropping techniques to control maize stem borers under low pest densities in Ethiopia,Ethiopia,Eastern Africa,Melkassa,8.4,39.1833,Maize,Maize-Common Bean,Product Yield,Crop Yield,kg/plot,Intercropping,Intercropping (N fixing mixed),Monoculture,12.2,,3.0,10.5,,3.0,-0.1501,,-13.9,2.0
MD_Jones_21_A glo_Sc_557,JA_Belay_09_The p_Ph,MD_Jones_21_A glo_Sc,Belay et al. 2009,2009,10.1007/s12600-008-0002-7,Phytoparasitica,The profitability of maize-haricot bean intercropping techniques to control maize stem borers under low pest densities in Ethiopia,Ethiopia,Eastern Africa,Melkassa,8.4,39.1833,Maize,Maize-Common Bean,Product Yield,Crop Yield,kg/plot,Intercropping,Intercropping (N fixing mixed),Monoculture,16.1,,3.0,20.1,,3.0,0.2219,,24.8,2.0
MD_Jones_21_A glo_Sc_558,JA_Belay_09_The p_Ph,MD_Jones_21_A glo_Sc,Belay et al. 2009,2009,10.1007/s12600-008-0002-7,Phytoparasitica,The profitability of maize-haricot bean intercropping techniques to control maize stem borers under low pest densities in Ethiopia,Ethiopia,Eastern Africa,Melkassa,8.4,39.1833,Maize,Maize-Common Bean,Product Yield,Crop Yield,kg/plot,Intercropping,Intercropping (N fixing mixed),Monoculture,16.1,,3.0,16.4,,3.0,0.0185,,1.9,2.0
MD_Jones_21_A glo_Sc_559,JA_Belay_09_The p_Ph,MD_Jones_21_A glo_Sc,Belay et al. 2009,2009,10.1007/s12600-008-0002-7,Phytoparasitica,The profitability of maize-haricot bean intercropping techniques to control maize stem borers under low pest densities in Ethiopia,Ethiopia,Eastern Africa,Melkassa,8.4,39.1833,Maize,Maize-Common Bean,Product Yield,Crop Yield,kg/plot,Intercropping,Intercropping (N fixing mixed),Monoculture,16.1,,3.0,17.5,,3.0,0.0834,,8.7,2.0
MD_Jones_21_A glo_Sc_560,JA_Belay_09_The p_Ph,MD_Jones_21_A glo_Sc,Belay et al. 2009,2009,10.1007/s12600-008-0002-7,Phytoparasitica,The profitability of maize-haricot bean intercropping techniques to control maize stem borers under low pest densities in Ethiopia,Ethiopia,Eastern Africa,Melkassa,8.4,39.1833,Maize,Maize-Common Bean,Product Yield,Crop Yield,kg/plot,Intercropping,Intercropping (N fixing mixed),Monoculture,16.1,,3.0,15.5,,3.0,-0.038,,-3.7,2.0
MD_Jones_21_A glo_Sc_561,JA_Belay_09_The p_Ph,MD_Jones_21_A glo_Sc,Belay et al. 2009,2009,10.1007/s12600-008-0002-7,Phytoparasitica,The profitability of maize-haricot bean intercropping techniques to control maize stem borers under low pest densities in Ethiopia,Ethiopia,Eastern Africa,Mieso,9.3333,41.1833,Maize,Maize-Common Bean,Product Yield,Crop Yield,kg/plot,Intercropping,Intercropping (N fixing mixed),Monoculture,8.6,,3.0,7.3,,3.0,-0.1639,,-15.1,1.0
MD_Jones_21_A glo_Sc_562,JA_Belay_09_The p_Ph,MD_Jones_21_A glo_Sc,Belay et al. 2009,2009,10.1007/s12600-008-0002-7,Phytoparasitica,The profitability of maize-haricot bean intercropping techniques to control maize stem borers under low pest densities in Ethiopia,Ethiopia,Eastern Africa,Mieso,9.3333,41.1833,Maize,Maize-Common Bean,Product Yield,Crop Yield,kg/plot,Intercropping,Intercropping (N fixing mixed),Monoculture,8.6,,3.0,8.5,,3.0,-0.0117,,-1.2,1.0
MD_Jones_21_A glo_Sc_563,JA_Belay_09_The p_Ph,MD_Jones_21_A glo_Sc,Belay et al. 2009,2009,10.1007/s12600-008-0002-7,Phytoparasitica,The profitability of maize-haricot bean intercropping techniques to control maize stem borers under low pest densities in Ethiopia,Ethiopia,Eastern Africa,Mieso,9.3333,41.1833,Maize,Maize-Common Bean,Product Yield,Crop Yield,kg/plot,Intercropping,Intercropping (N fixing mixed),Monoculture,8.6,,3.0,8.3,,3.0,-0.0355,,-3.5,1.0
MD_Jones_21_A glo_Sc_564,JA_Belay_09_The p_Ph,MD_Jones_21_A glo_Sc,Belay et al. 2009,2009,10.1007/s12600-008-0002-7,Phytoparasitica,The profitability of maize-haricot bean intercropping techniques to control maize stem borers under low pest densities in Ethiopia,Ethiopia,Eastern Africa,Mieso,9.3333,41.1833,Maize,Maize-Common Bean,Product Yield,Crop Yield,kg/plot,Intercropping,Intercropping (N fixing mixed),Monoculture,8.6,,3.0,8.8,,3.0,0.023,,2.3,1.0
MD_Jones_21_A glo_Sc_565,JA_Belay_09_The p_Ph,MD_Jones_21_A glo_Sc,Belay et al. 2009,2009,10.1007/s12600-008-0002-7,Phytoparasitica,The profitability of maize-haricot bean intercropping techniques to control maize stem borers under low pest densities in Ethiopia,Ethiopia,Eastern Africa,Melkassa,8.4,39.1833,Maize,Maize-Common Bean,Product Yield,Crop Yield,kg/plot,Intercropping,Intercropping (N fixing mixed),Monoculture,5.8,,3.0,1.2,,3.0,-1.5755,,-79.3,2.0
MD_Jones_21_A glo_Sc_566,JA_Belay_09_The p_Ph,MD_Jones_21_A glo_Sc,Belay et al. 2009,2009,10.1007/s12600-008-0002-7,Phytoparasitica,The profitability of maize-haricot bean intercropping techniques to control maize stem borers under low pest densities in Ethiopia,Ethiopia,Eastern Africa,Melkassa,8.4,39.1833,Maize,Maize-Common Bean,Product Yield,Crop Yield,kg/plot,Intercropping,Intercropping (N fixing mixed),Monoculture,5.8,,3.0,0.6,,3.0,-2.2687,,-89.7,2.0
MD_Jones_21_A glo_Sc_567,JA_Belay_09_The p_Ph,MD_Jones_21_A glo_Sc,Belay et al. 2009,2009,10.1007/s12600-008-0002-7,Phytoparasitica,The profitability of maize-haricot bean intercropping techniques to control maize stem borers under low pest densities in Ethiopia,Ethiopia,Eastern Africa,Melkassa,8.4,39.1833,Maize,Maize-Common Bean,Product Yield,Crop Yield,kg/plot,Intercropping,Intercropping (N fixing mixed),Monoculture,5.8,,3.0,0.4,,3.0,-2.6741,,-93.1,2.0
MD_Jones_21_A glo_Sc_568,JA_Belay_09_The p_Ph,MD_Jones_21_A glo_Sc,Belay et al. 2009,2009,10.1007/s12600-008-0002-7,Phytoparasitica,The profitability of maize-haricot bean intercropping techniques to control maize stem borers under low pest densities in Ethiopia,Ethiopia,Eastern Africa,Melkassa,8.4,39.1833,Maize,Maize-Common Bean,Product Yield,Crop Yield,kg/plot,Intercropping,Intercropping (N fixing mixed),Monoculture,5.8,,3.0,0.2,,3.0,-3.3673,,-96.6,2.0
MD_Jones_21_A glo_Sc_569,JA_Belay_09_The p_Ph,MD_Jones_21_A glo_Sc,Belay et al. 2009,2009,10.1007/s12600-008-0002-7,Phytoparasitica,The profitability of maize-haricot bean intercropping techniques to control maize stem borers under low pest densities in Ethiopia,Ethiopia,Eastern Africa,Melkassa,8.4,39.1833,Maize,Maize-Common Bean,Product Yield,Crop Yield,kg/plot,Intercropping,Intercropping (N fixing mixed),Monoculture,8.5,,3.0,2.9,,3.0,-1.0754,,-65.9,2.0
MD_Jones_21_A glo_Sc_570,JA_Belay_09_The p_Ph,MD_Jones_21_A glo_Sc,Belay et al. 2009,2009,10.1007/s12600-008-0002-7,Phytoparasitica,The profitability of maize-haricot bean intercropping techniques to control maize stem borers under low pest densities in Ethiopia,Ethiopia,Eastern Africa,Melkassa,8.4,39.1833,Maize,Maize-Common Bean,Product Yield,Crop Yield,kg/plot,Intercropping,Intercropping (N fixing mixed),Monoculture,8.5,,3.0,0.9,,3.0,-2.2454,,-89.4,2.0
MD_Jones_21_A glo_Sc_571,JA_Belay_09_The p_Ph,MD_Jones_21_A glo_Sc,Belay et al. 2009,2009,10.1007/s12600-008-0002-7,Phytoparasitica,The profitability of maize-haricot bean intercropping techniques to control maize stem borers under low pest densities in Ethiopia,Ethiopia,Eastern Africa,Melkassa,8.4,39.1833,Maize,Maize-Common Bean,Product Yield,Crop Yield,kg/plot,Intercropping,Intercropping (N fixing mixed),Monoculture,8.5,,3.0,0.6,,3.0,-2.6509,,-92.9,2.0
MD_Jones_21_A glo_Sc_572,JA_Belay_09_The p_Ph,MD_Jones_21_A glo_Sc,Belay et al. 2009,2009,10.1007/s12600-008-0002-7,Phytoparasitica,The profitability of maize-haricot bean intercropping techniques to control maize stem borers under low pest densities in Ethiopia,Ethiopia,Eastern Africa,Melkassa,8.4,39.1833,Maize,Maize-Common Bean,Product Yield,Crop Yield,kg/plot,Intercropping,Intercropping (N fixing mixed),Monoculture,8.5,,3.0,0.4,,3.0,-3.0564,,-95.3,2.0
MD_Jones_21_A glo_Sc_573,JA_Belay_09_The p_Ph,MD_Jones_21_A glo_Sc,Belay et al. 2009,2009,10.1007/s12600-008-0002-7,Phytoparasitica,The profitability of maize-haricot bean intercropping techniques to control maize stem borers under low pest densities in Ethiopia,Ethiopia,Eastern Africa,Mieso,9.3333,41.1833,Maize,Maize-Common Bean,Product Yield,Crop Yield,kg/plot,Intercropping,Intercropping (N fixing mixed),Monoculture,2.4,,3.0,1.6,,3.0,-0.4055,,-33.3,1.0
MD_Jones_21_A glo_Sc_574,JA_Belay_09_The p_Ph,MD_Jones_21_A glo_Sc,Belay et al. 2009,2009,10.1007/s12600-008-0002-7,Phytoparasitica,The profitability of maize-haricot bean intercropping techniques to control maize stem borers under low pest densities in Ethiopia,Ethiopia,Eastern Africa,Mieso,9.3333,41.1833,Maize,Maize-Common Bean,Product Yield,Crop Yield,kg/plot,Intercropping,Intercropping (N fixing mixed),Monoculture,2.4,,3.0,1.1,,3.0,-0.7802,,-54.2,1.0
MD_Jones_21_A glo_Sc_575,JA_Belay_09_The p_Ph,MD_Jones_21_A glo_Sc,Belay et al. 2009,2009,10.1007/s12600-008-0002-7,Phytoparasitica,The profitability of maize-haricot bean intercropping techniques to control maize stem borers under low pest densities in Ethiopia,Ethiopia,Eastern Africa,Mieso,9.3333,41.1833,Maize,Maize-Common Bean,Product Yield,Crop Yield,kg/plot,Intercropping,Intercropping (N fixing mixed),Monoculture,2.4,,3.0,0.7,,3.0,-1.2321,,-70.8,1.0
MD_Jones_21_A glo_Sc_576,JA_Belay_09_The p_Ph,MD_Jones_21_A glo_Sc,Belay et al. 2009,2009,10.1007/s12600-008-0002-7,Phytoparasitica,The profitability of maize-haricot bean intercropping techniques to control maize stem borers under low pest densities in Ethiopia,Ethiopia,Eastern Africa,Mieso,9.3333,41.1833,Maize,Maize-Common Bean,Product Yield,Crop Yield,kg/plot,Intercropping,Intercropping (N fixing mixed),Monoculture,2.4,,3.0,0.6,,3.0,-1.3863,,-75.0,1.0
"MD_Paut,_24_A glo_Sc_1",JA_Abbes_19_Inter_Bi,"MD_Paut,_24_A glo_Sc",Abbes et al. 2019,2019,10.1080/01448765.2019.1616614,Biological Agriculture & Horticulture,Intercropping with fenugreek (Trigonella foenum-graecum) enhanced seed yield and reduced Orobanche foetida infestation in faba bean (Vicia faba),Tunisia,Northern Africa,"Oued Beja experimental station, Beja",36.736,9.228,Fava Bean,Fava Bean-Fenugreek,Abundance,Abundance,individuals/g plants,Intercropping,Intercropping (N fixing),Monoculture,5.46,,8.0,3.6,,8.0,-0.4165,,-34.1,2.0
"MD_Paut,_24_A glo_Sc_2",JA_Abbes_19_Inter_Bi,"MD_Paut,_24_A glo_Sc",Abbes et al. 2019,2019,10.1080/01448765.2019.1616614,Biological Agriculture & Horticulture,Intercropping with fenugreek (Trigonella foenum-graecum) enhanced seed yield and reduced Orobanche foetida infestation in faba bean (Vicia faba),Tunisia,Northern Africa,"Oued Beja experimental station, Beja",36.736,9.228,Fava Bean,Fava Bean-Fenugreek,Abundance,Abundance,individuals/g plants,Intercropping,Intercropping (N fixing),Monoculture,3.16,,8.0,2.18,,8.0,-0.3712,,-31.0,2.0
"MD_Paut,_24_A glo_Sc_3",JA_Biswa_22_Agrof_Jo,"MD_Paut,_24_A glo_Sc",Biswas et al. 2022,2022,10.1016/j.jclepro.2022.132768,Journal of Cleaner Production,Agroforestry offers multiple ecosystem services in degraded lateritic soils,India,Southern Asia,"Regional Research Station, Jhargram, West Bengal",22.75,87.0167,Gmelina arborea,Gmelina arborea-Mango,Organism Biomass,Microbial biomass,mg/kg,Agroforestry,Alleycropping + Agroforestry (low diversity) + Agroforestry (moderate shaded),Timber plantation,101.0,,3.0,111.0,,3.0,0.0944,,9.9,10.0
"MD_Paut,_24_A glo_Sc_4",JA_Biswa_22_Agrof_Jo,"MD_Paut,_24_A glo_Sc",Biswas et al. 2022,2022,10.1016/j.jclepro.2022.132768,Journal of Cleaner Production,Agroforestry offers multiple ecosystem services in degraded lateritic soils,India,Southern Asia,"Regional Research Station, Jhargram, West Bengal",22.75,87.0167,Gmelina arborea,Gmelina arborea-Pigeon Pea,Organism Biomass,Microbial biomass,mg/kg,Agroforestry,Alleycropping + Agroforestry (low diversity) + Agroforestry (moderate shaded),Timber plantation,101.0,,3.0,105.0,,3.0,0.0388,,4.0,10.0
"MD_Paut,_24_A glo_Sc_5",JA_Biswa_22_Agrof_Jo,"MD_Paut,_24_A glo_Sc",Biswas et al. 2022,2022,10.1016/j.jclepro.2022.132768,Journal of Cleaner Production,Agroforestry offers multiple ecosystem services in degraded lateritic soils,India,Southern Asia,"Regional Research Station, Jhargram, West Bengal",22.75,87.0167,Gmelina arborea,Gmelina arborea-Mango-Pigeon Pea,Organism Biomass,Microbial biomass,mg/kg,Agroforestry,Alleycropping + Agroforestry (low diversity) + Agroforestry (moderate shaded),Timber plantation,101.0,,3.0,124.0,,3.0,0.2052,,22.8,10.0
"MD_Paut,_24_A glo_Sc_6",JA_Biswa_22_Agrof_Jo,"MD_Paut,_24_A glo_Sc",Biswas et al. 2022,2022,10.1016/j.jclepro.2022.132768,Journal of Cleaner Production,Agroforestry offers multiple ecosystem services in degraded lateritic soils,India,Southern Asia,"Regional Research Station, Jhargram, West Bengal",22.75,87.0167,Gmelina arborea,Gmelina arborea-Mango,Organism Biomass,Microbial biomass,mg/kg,Agroforestry,Alleycropping + Agroforestry (low diversity) + Agroforestry (moderate shaded),Monoculture,88.0,,3.0,111.0,,3.0,0.2322,,26.1,10.0
"MD_Paut,_24_A glo_Sc_7",JA_Biswa_22_Agrof_Jo,"MD_Paut,_24_A glo_Sc",Biswas et al. 2022,2022,10.1016/j.jclepro.2022.132768,Journal of Cleaner Production,Agroforestry offers multiple ecosystem services in degraded lateritic soils,India,Southern Asia,"Regional Research Station, Jhargram, West Bengal",22.75,87.0167,Mango,Mango-Pigeon Pea,Organism Biomass,Microbial biomass,mg/kg,Agroforestry,Alleycropping + Agroforestry (low diversity) + Agroforestry (moderate shaded),Monoculture,88.0,,3.0,94.0,,3.0,0.066,,6.8,10.0
"MD_Paut,_24_A glo_Sc_8",JA_Biswa_22_Agrof_Jo,"MD_Paut,_24_A glo_Sc",Biswas et al. 2022,2022,10.1016/j.jclepro.2022.132768,Journal of Cleaner Production,Agroforestry offers multiple ecosystem services in degraded lateritic soils,India,Southern Asia,"Regional Research Station, Jhargram, West Bengal",22.75,87.0167,Gmelina arborea,Gmelina arborea-Mango-Pigeon Pea,Organism Biomass,Microbial biomass,mg/kg,Agroforestry,Alleycropping + Agroforestry (low diversity) + Agroforestry (moderate shaded),Monoculture,88.0,,3.0,124.0,,3.0,0.3429,,40.9,10.0
"MD_Paut,_24_A glo_Sc_9",JA_Biswa_22_Agrof_Jo,"MD_Paut,_24_A glo_Sc",Biswas et al. 2022,2022,10.1016/j.jclepro.2022.132768,Journal of Cleaner Production,Agroforestry offers multiple ecosystem services in degraded lateritic soils,India,Southern Asia,"Regional Research Station, Jhargram, West Bengal",22.75,87.0167,Gmelina arborea,Gmelina arborea-Pigeon Pea,Organism Biomass,Microbial biomass,mg/kg,Agroforestry,Alleycropping + Agroforestry (low diversity) + Agroforestry (moderate shaded),Monoculture,82.0,,3.0,105.0,,3.0,0.2472,,28.0,10.0
"MD_Paut,_24_A glo_Sc_10",JA_Biswa_22_Agrof_Jo,"MD_Paut,_24_A glo_Sc",Biswas et al. 2022,2022,10.1016/j.jclepro.2022.132768,Journal of Cleaner Production,Agroforestry offers multiple ecosystem services in degraded lateritic soils,India,Southern Asia,"Regional Research Station, Jhargram, West Bengal",22.75,87.0167,Mango,Mango-Pigeon Pea,Organism Biomass,Microbial biomass,mg/kg,Agroforestry,Alleycropping + Agroforestry (low diversity) + Agroforestry (moderate shaded),Monoculture,82.0,,3.0,94.0,,3.0,0.1366,,14.6,10.0
"MD_Paut,_24_A glo_Sc_11",JA_Biswa_22_Agrof_Jo,"MD_Paut,_24_A glo_Sc",Biswas et al. 2022,2022,10.1016/j.jclepro.2022.132768,Journal of Cleaner Production,Agroforestry offers multiple ecosystem services in degraded lateritic soils,India,Southern Asia,"Regional Research Station, Jhargram, West Bengal",22.75,87.0167,Gmelina arborea,Gmelina arborea-Mango-Pigeon Pea,Organism Biomass,Microbial biomass,mg/kg,Agroforestry,Alleycropping + Agroforestry (low diversity) + Agroforestry (moderate shaded),Monoculture,82.0,,3.0,124.0,,3.0,0.4136,,51.2,10.0
"MD_Paut,_24_A glo_Sc_12",JA_Biswa_22_Agrof_Jo,"MD_Paut,_24_A glo_Sc",Biswas et al. 2022,2022,10.1016/j.jclepro.2022.132768,Journal of Cleaner Production,Agroforestry offers multiple ecosystem services in degraded lateritic soils,India,Southern Asia,"Regional Research Station, Jhargram, West Bengal",22.75,87.0167,Gmelina arborea,Gmelina arborea-Mango,Abundance,Abundance,individual/m2,Agroforestry,Alleycropping + Agroforestry (low diversity) + Agroforestry (moderate shaded),Timber plantation,56.7664670658682,,3.0,74.4910179640718,,3.0,0.2717,,31.2,10.0
"MD_Paut,_24_A glo_Sc_13",JA_Biswa_22_Agrof_Jo,"MD_Paut,_24_A glo_Sc",Biswas et al. 2022,2022,10.1016/j.jclepro.2022.132768,Journal of Cleaner Production,Agroforestry offers multiple ecosystem services in degraded lateritic soils,India,Southern Asia,"Regional Research Station, Jhargram, West Bengal",22.75,87.0167,Gmelina arborea,Gmelina arborea-Pigeon Pea,Abundance,Abundance,individual/m2,Agroforestry,Alleycropping + Agroforestry (low diversity) + Agroforestry (moderate shaded),Timber plantation,56.7664670658682,,3.0,77.125748502994,,3.0,0.3065,,35.9,10.0
"MD_Paut,_24_A glo_Sc_14",JA_Biswa_22_Agrof_Jo,"MD_Paut,_24_A glo_Sc",Biswas et al. 2022,2022,10.1016/j.jclepro.2022.132768,Journal of Cleaner Production,Agroforestry offers multiple ecosystem services in degraded lateritic soils,India,Southern Asia,"Regional Research Station, Jhargram, West Bengal",22.75,87.0167,Gmelina arborea,Gmelina arborea-Mango-Pigeon Pea,Abundance,Abundance,individual/m2,Agroforestry,Alleycropping + Agroforestry (low diversity) + Agroforestry (moderate shaded),Timber plantation,56.7664670658682,,3.0,95.3293413173652,,3.0,0.5184,,67.9,10.0
"MD_Paut,_24_A glo_Sc_15",JA_Biswa_22_Agrof_Jo,"MD_Paut,_24_A glo_Sc",Biswas et al. 2022,2022,10.1016/j.jclepro.2022.132768,Journal of Cleaner Production,Agroforestry offers multiple ecosystem services in degraded lateritic soils,India,Southern Asia,"Regional Research Station, Jhargram, West Bengal",22.75,87.0167,Gmelina arborea,Gmelina arborea-Mango,Abundance,Abundance,individual/m2,Agroforestry,Alleycropping + Agroforestry (low diversity) + Agroforestry (moderate shaded),Monoculture,45.3892215568862,,3.0,74.4910179640718,,3.0,0.4954,,64.1,10.0
"MD_Paut,_24_A glo_Sc_16",JA_Biswa_22_Agrof_Jo,"MD_Paut,_24_A glo_Sc",Biswas et al. 2022,2022,10.1016/j.jclepro.2022.132768,Journal of Cleaner Production,Agroforestry offers multiple ecosystem services in degraded lateritic soils,India,Southern Asia,"Regional Research Station, Jhargram, West Bengal",22.75,87.0167,Mango,Mango-Pigeon Pea,Abundance,Abundance,individual/m2,Agroforestry,Alleycropping + Agroforestry (low diversity) + Agroforestry (moderate shaded),Monoculture,45.3892215568862,,3.0,48.1437125748503,,3.0,0.0589,,6.1,10.0
"MD_Paut,_24_A glo_Sc_17",JA_Biswa_22_Agrof_Jo,"MD_Paut,_24_A glo_Sc",Biswas et al. 2022,2022,10.1016/j.jclepro.2022.132768,Journal of Cleaner Production,Agroforestry offers multiple ecosystem services in degraded lateritic soils,India,Southern Asia,"Regional Research Station, Jhargram, West Bengal",22.75,87.0167,Gmelina arborea,Gmelina arborea-Mango-Pigeon Pea,Abundance,Abundance,individual/m2,Agroforestry,Alleycropping + Agroforestry (low diversity) + Agroforestry (moderate shaded),Monoculture,45.3892215568862,,3.0,95.3293413173652,,3.0,0.7421,,110.0,10.0
"MD_Paut,_24_A glo_Sc_18",JA_Biswa_22_Agrof_Jo,"MD_Paut,_24_A glo_Sc",Biswas et al. 2022,2022,10.1016/j.jclepro.2022.132768,Journal of Cleaner Production,Agroforestry offers multiple ecosystem services in degraded lateritic soils,India,Southern Asia,"Regional Research Station, Jhargram, West Bengal",22.75,87.0167,Gmelina arborea,Gmelina arborea-Pigeon Pea,Abundance,Abundance,individual/m2,Agroforestry,Alleycropping + Agroforestry (low diversity) + Agroforestry (moderate shaded),Monoculture,40.2395209580838,,3.0,77.125748502994,,3.0,0.6506,,91.7,10.0
"MD_Paut,_24_A glo_Sc_19",JA_Biswa_22_Agrof_Jo,"MD_Paut,_24_A glo_Sc",Biswas et al. 2022,2022,10.1016/j.jclepro.2022.132768,Journal of Cleaner Production,Agroforestry offers multiple ecosystem services in degraded lateritic soils,India,Southern Asia,"Regional Research Station, Jhargram, West Bengal",22.75,87.0167,Mango,Mango-Pigeon Pea,Abundance,Abundance,individual/m2,Agroforestry,Alleycropping + Agroforestry (low diversity) + Agroforestry (moderate shaded),Monoculture,40.2395209580838,,3.0,48.1437125748503,,3.0,0.1793,,19.6,10.0
"MD_Paut,_24_A glo_Sc_20",JA_Biswa_22_Agrof_Jo,"MD_Paut,_24_A glo_Sc",Biswas et al. 2022,2022,10.1016/j.jclepro.2022.132768,Journal of Cleaner Production,Agroforestry offers multiple ecosystem services in degraded lateritic soils,India,Southern Asia,"Regional Research Station, Jhargram, West Bengal",22.75,87.0167,Gmelina arborea,Gmelina arborea-Mango-Pigeon Pea,Abundance,Abundance,individual/m2,Agroforestry,Alleycropping + Agroforestry (low diversity) + Agroforestry (moderate shaded),Monoculture,40.2395209580838,,3.0,95.3293413173652,,3.0,0.8625,,136.9,10.0
"MD_Paut,_24_A glo_Sc_21",JA_Biswa_22_Agrof_Jo,"MD_Paut,_24_A glo_Sc",Biswas et al. 2022,2022,10.1016/j.jclepro.2022.132768,Journal of Cleaner Production,Agroforestry offers multiple ecosystem services in degraded lateritic soils,India,Southern Asia,"Regional Research Station, Jhargram, West Bengal",22.75,87.0167,Gmelina arborea,Gmelina arborea-Mango,Diversity Index,Simpson Index,Simpson's diversity index,Agroforestry,Alleycropping + Agroforestry (low diversity) + Agroforestry (moderate shaded),Timber plantation,0.6,,3.0,0.603125,,3.0,0.0052,,0.5,10.0
"MD_Paut,_24_A glo_Sc_22",JA_Biswa_22_Agrof_Jo,"MD_Paut,_24_A glo_Sc",Biswas et al. 2022,2022,10.1016/j.jclepro.2022.132768,Journal of Cleaner Production,Agroforestry offers multiple ecosystem services in degraded lateritic soils,India,Southern Asia,"Regional Research Station, Jhargram, West Bengal",22.75,87.0167,Gmelina arborea,Gmelina arborea-Pigeon Pea,Diversity Index,Simpson Index,Simpson's diversity index,Agroforestry,Alleycropping + Agroforestry (low diversity) + Agroforestry (moderate shaded),Timber plantation,0.6,,3.0,0.590104166666666,,3.0,-0.0166,,-1.6,10.0
"MD_Paut,_24_A glo_Sc_23",JA_Biswa_22_Agrof_Jo,"MD_Paut,_24_A glo_Sc",Biswas et al. 2022,2022,10.1016/j.jclepro.2022.132768,Journal of Cleaner Production,Agroforestry offers multiple ecosystem services in degraded lateritic soils,India,Southern Asia,"Regional Research Station, Jhargram, West Bengal",22.75,87.0167,Gmelina arborea,Gmelina arborea-Mango-Pigeon Pea,Diversity Index,Simpson Index,Simpson's diversity index,Agroforestry,Alleycropping + Agroforestry (low diversity) + Agroforestry (moderate shaded),Timber plantation,0.6,,3.0,0.620833333333333,,3.0,0.0341,,3.5,10.0
"MD_Paut,_24_A glo_Sc_24",JA_Biswa_22_Agrof_Jo,"MD_Paut,_24_A glo_Sc",Biswas et al. 2022,2022,10.1016/j.jclepro.2022.132768,Journal of Cleaner Production,Agroforestry offers multiple ecosystem services in degraded lateritic soils,India,Southern Asia,"Regional Research Station, Jhargram, West Bengal",22.75,87.0167,Gmelina arborea,Gmelina arborea-Mango,Diversity Index,Simpson Index,Simpson's diversity index,Agroforestry,Alleycropping + Agroforestry (low diversity) + Agroforestry (moderate shaded),Monoculture,0.539583333333333,,3.0,0.603125,,3.0,0.1113,,11.8,10.0
"MD_Paut,_24_A glo_Sc_25",JA_Biswa_22_Agrof_Jo,"MD_Paut,_24_A glo_Sc",Biswas et al. 2022,2022,10.1016/j.jclepro.2022.132768,Journal of Cleaner Production,Agroforestry offers multiple ecosystem services in degraded lateritic soils,India,Southern Asia,"Regional Research Station, Jhargram, West Bengal",22.75,87.0167,Mango,Mango-Pigeon Pea,Diversity Index,Simpson Index,Simpson's diversity index,Agroforestry,Alleycropping + Agroforestry (low diversity) + Agroforestry (moderate shaded),Monoculture,0.539583333333333,,3.0,0.5390625,,3.0,-0.001,,-0.1,10.0
"MD_Paut,_24_A glo_Sc_26",JA_Biswa_22_Agrof_Jo,"MD_Paut,_24_A glo_Sc",Biswas et al. 2022,2022,10.1016/j.jclepro.2022.132768,Journal of Cleaner Production,Agroforestry offers multiple ecosystem services in degraded lateritic soils,India,Southern Asia,"Regional Research Station, Jhargram, West Bengal",22.75,87.0167,Gmelina arborea,Gmelina arborea-Mango-Pigeon Pea,Diversity Index,Simpson Index,Simpson's diversity index,Agroforestry,Alleycropping + Agroforestry (low diversity) + Agroforestry (moderate shaded),Monoculture,0.539583333333333,,3.0,0.620833333333333,,3.0,0.1403,,15.1,10.0
"MD_Paut,_24_A glo_Sc_27",JA_Biswa_22_Agrof_Jo,"MD_Paut,_24_A glo_Sc",Biswas et al. 2022,2022,10.1016/j.jclepro.2022.132768,Journal of Cleaner Production,Agroforestry offers multiple ecosystem services in degraded lateritic soils,India,Southern Asia,"Regional Research Station, Jhargram, West Bengal",22.75,87.0167,Gmelina arborea,Gmelina arborea-Pigeon Pea,Diversity Index,Simpson Index,Simpson's diversity index,Agroforestry,Alleycropping + Agroforestry (low diversity) + Agroforestry (moderate shaded),Monoculture,0.4125,,3.0,0.590104166666666,,3.0,0.3581,,43.1,10.0
"MD_Paut,_24_A glo_Sc_28",JA_Biswa_22_Agrof_Jo,"MD_Paut,_24_A glo_Sc",Biswas et al. 2022,2022,10.1016/j.jclepro.2022.132768,Journal of Cleaner Production,Agroforestry offers multiple ecosystem services in degraded lateritic soils,India,Southern Asia,"Regional Research Station, Jhargram, West Bengal",22.75,87.0167,Mango,Mango-Pigeon Pea,Diversity Index,Simpson Index,Simpson's diversity index,Agroforestry,Alleycropping + Agroforestry (low diversity) + Agroforestry (moderate shaded),Monoculture,0.4125,,3.0,0.5390625,,3.0,0.2676,,30.7,10.0
"MD_Paut,_24_A glo_Sc_29",JA_Biswa_22_Agrof_Jo,"MD_Paut,_24_A glo_Sc",Biswas et al. 2022,2022,10.1016/j.jclepro.2022.132768,Journal of Cleaner Production,Agroforestry offers multiple ecosystem services in degraded lateritic soils,India,Southern Asia,"Regional Research Station, Jhargram, West Bengal",22.75,87.0167,Gmelina arborea,Gmelina arborea-Mango-Pigeon Pea,Diversity Index,Simpson Index,Simpson's diversity index,Agroforestry,Alleycropping + Agroforestry (low diversity) + Agroforestry (moderate shaded),Monoculture,0.4125,,3.0,0.620833333333333,,3.0,0.4088,,50.5,10.0
"MD_Paut,_24_A glo_Sc_30",JA_Choud_14_Produ_Pl,"MD_Paut,_24_A glo_Sc",Choudhary et al. 2014,2014,10.1626/pps.17.342,Plant Production Science,"Productivity, weed dynamics, nutrient mining, and monetary advantage of maize-legume intercropping in the eastern himalayan region of india",India,Southern Asia,"Research Farm of the Indian Council of Agricultural Research, Research Complex for North East Hilly Region, Basar, Arunachal Pradesh",27.9802,94.6912,Maize,Maize-Cowpea,Abundance,Abundance,n/m2,Intercropping,Intercropping (N fixing mixed),Monoculture,11.53,,3.0,10.3,,3.0,-0.1128,,-10.7,2.0
"MD_Paut,_24_A glo_Sc_31",JA_Choud_14_Produ_Pl,"MD_Paut,_24_A glo_Sc",Choudhary et al. 2014,2014,10.1626/pps.17.342,Plant Production Science,"Productivity, weed dynamics, nutrient mining, and monetary advantage of maize-legume intercropping in the eastern himalayan region of india",India,Southern Asia,"Research Farm of the Indian Council of Agricultural Research, Research Complex for North East Hilly Region, Basar, Arunachal Pradesh",27.9802,94.6912,Maize,Maize-Cowpea,Abundance,Abundance,n/m2,Intercropping,Intercropping (N fixing mixed),Monoculture,11.53,,3.0,5.04,,3.0,-0.8275,,-56.3,2.0
"MD_Paut,_24_A glo_Sc_32",JA_Choud_14_Produ_Pl,"MD_Paut,_24_A glo_Sc",Choudhary et al. 2014,2014,10.1626/pps.17.342,Plant Production Science,"Productivity, weed dynamics, nutrient mining, and monetary advantage of maize-legume intercropping in the eastern himalayan region of india",India,Southern Asia,"Research Farm of the Indian Council of Agricultural Research, Research Complex for North East Hilly Region, Basar, Arunachal Pradesh",27.9802,94.6912,Maize,Maize-Cowpea,Abundance,Abundance,n/m2,Intercropping,Intercropping (N fixing mixed),Monoculture,11.53,,3.0,4.56,,3.0,-0.9276,,-60.5,2.0
"MD_Paut,_24_A glo_Sc_33",JA_Choud_14_Produ_Pl,"MD_Paut,_24_A glo_Sc",Choudhary et al. 2014,2014,10.1626/pps.17.342,Plant Production Science,"Productivity, weed dynamics, nutrient mining, and monetary advantage of maize-legume intercropping in the eastern himalayan region of india",India,Southern Asia,"Research Farm of the Indian Council of Agricultural Research, Research Complex for North East Hilly Region, Basar, Arunachal Pradesh",27.9802,94.6912,Maize,Maize-Common Bean,Abundance,Abundance,n/m2,Intercropping,Intercropping (N fixing mixed),Monoculture,11.53,,3.0,11.25,,3.0,-0.0246,,-2.4,2.0
"MD_Paut,_24_A glo_Sc_34",JA_Choud_14_Produ_Pl,"MD_Paut,_24_A glo_Sc",Choudhary et al. 2014,2014,10.1626/pps.17.342,Plant Production Science,"Productivity, weed dynamics, nutrient mining, and monetary advantage of maize-legume intercropping in the eastern himalayan region of india",India,Southern Asia,"Research Farm of the Indian Council of Agricultural Research, Research Complex for North East Hilly Region, Basar, Arunachal Pradesh",27.9802,94.6912,Maize,Maize-Common Bean,Abundance,Abundance,n/m2,Intercropping,Intercropping (N fixing mixed),Monoculture,11.53,,3.0,9.48,,3.0,-0.1958,,-17.8,2.0
"MD_Paut,_24_A glo_Sc_35",JA_Choud_14_Produ_Pl,"MD_Paut,_24_A glo_Sc",Choudhary et al. 2014,2014,10.1626/pps.17.342,Plant Production Science,"Productivity, weed dynamics, nutrient mining, and monetary advantage of maize-legume intercropping in the eastern himalayan region of india",India,Southern Asia,"Research Farm of the Indian Council of Agricultural Research, Research Complex for North East Hilly Region, Basar, Arunachal Pradesh",27.9802,94.6912,Maize,Maize-Common Bean,Abundance,Abundance,n/m2,Intercropping,Intercropping (N fixing mixed),Monoculture,11.53,,3.0,8.65,,3.0,-0.2874,,-25.0,2.0
"MD_Paut,_24_A glo_Sc_36",JA_Choud_14_Produ_Pl,"MD_Paut,_24_A glo_Sc",Choudhary et al. 2014,2014,10.1626/pps.17.342,Plant Production Science,"Productivity, weed dynamics, nutrient mining, and monetary advantage of maize-legume intercropping in the eastern himalayan region of india",India,Southern Asia,"Research Farm of the Indian Council of Agricultural Research, Research Complex for North East Hilly Region, Basar, Arunachal Pradesh",27.9802,94.6912,Maize,Maize-Black Gram,Abundance,Abundance,n/m2,Intercropping,Intercropping (N fixing mixed),Monoculture,11.53,,3.0,11.14,,3.0,-0.0344,,-3.4,2.0
"MD_Paut,_24_A glo_Sc_37",JA_Choud_14_Produ_Pl,"MD_Paut,_24_A glo_Sc",Choudhary et al. 2014,2014,10.1626/pps.17.342,Plant Production Science,"Productivity, weed dynamics, nutrient mining, and monetary advantage of maize-legume intercropping in the eastern himalayan region of india",India,Southern Asia,"Research Farm of the Indian Council of Agricultural Research, Research Complex for North East Hilly Region, Basar, Arunachal Pradesh",27.9802,94.6912,Maize,Maize-Black Gram,Abundance,Abundance,n/m2,Intercropping,Intercropping (N fixing mixed),Monoculture,11.53,,3.0,9.26,,3.0,-0.2192,,-19.7,2.0
"MD_Paut,_24_A glo_Sc_38",JA_Choud_14_Produ_Pl,"MD_Paut,_24_A glo_Sc",Choudhary et al. 2014,2014,10.1626/pps.17.342,Plant Production Science,"Productivity, weed dynamics, nutrient mining, and monetary advantage of maize-legume intercropping in the eastern himalayan region of india",India,Southern Asia,"Research Farm of the Indian Council of Agricultural Research, Research Complex for North East Hilly Region, Basar, Arunachal Pradesh",27.9802,94.6912,Maize,Maize-Black Gram,Abundance,Abundance,n/m2,Intercropping,Intercropping (N fixing mixed),Monoculture,11.53,,3.0,6.84,,3.0,-0.5222,,-40.7,2.0
"MD_Paut,_24_A glo_Sc_39",JA_Choud_14_Produ_Pl,"MD_Paut,_24_A glo_Sc",Choudhary et al. 2014,2014,10.1626/pps.17.342,Plant Production Science,"Productivity, weed dynamics, nutrient mining, and monetary advantage of maize-legume intercropping in the eastern himalayan region of india",India,Southern Asia,"Research Farm of the Indian Council of Agricultural Research, Research Complex for North East Hilly Region, Basar, Arunachal Pradesh",27.9802,94.6912,Maize,Maize-Cowpea,Abundance,Abundance,n/m2,Intercropping,Intercropping (N fixing mixed),Monoculture,4.21,,3.0,10.3,,3.0,0.8947,,144.7,2.0
"MD_Paut,_24_A glo_Sc_40",JA_Choud_14_Produ_Pl,"MD_Paut,_24_A glo_Sc",Choudhary et al. 2014,2014,10.1626/pps.17.342,Plant Production Science,"Productivity, weed dynamics, nutrient mining, and monetary advantage of maize-legume intercropping in the eastern himalayan region of india",India,Southern Asia,"Research Farm of the Indian Council of Agricultural Research, Research Complex for North East Hilly Region, Basar, Arunachal Pradesh",27.9802,94.6912,Maize,Maize-Cowpea,Abundance,Abundance,n/m2,Intercropping,Intercropping (N fixing mixed),Monoculture,4.21,,3.0,5.04,,3.0,0.1799,,19.7,2.0
"MD_Paut,_24_A glo_Sc_41",JA_Choud_14_Produ_Pl,"MD_Paut,_24_A glo_Sc",Choudhary et al. 2014,2014,10.1626/pps.17.342,Plant Production Science,"Productivity, weed dynamics, nutrient mining, and monetary advantage of maize-legume intercropping in the eastern himalayan region of india",India,Southern Asia,"Research Farm of the Indian Council of Agricultural Research, Research Complex for North East Hilly Region, Basar, Arunachal Pradesh",27.9802,94.6912,Maize,Maize-Cowpea,Abundance,Abundance,n/m2,Intercropping,Intercropping (N fixing mixed),Monoculture,4.21,,3.0,4.56,,3.0,0.0799,,8.3,2.0
"MD_Paut,_24_A glo_Sc_42",JA_Choud_14_Produ_Pl,"MD_Paut,_24_A glo_Sc",Choudhary et al. 2014,2014,10.1626/pps.17.342,Plant Production Science,"Productivity, weed dynamics, nutrient mining, and monetary advantage of maize-legume intercropping in the eastern himalayan region of india",India,Southern Asia,"Research Farm of the Indian Council of Agricultural Research, Research Complex for North East Hilly Region, Basar, Arunachal Pradesh",27.9802,94.6912,Maize,Maize-Common Bean,Abundance,Abundance,n/m2,Intercropping,Intercropping (N fixing mixed),Monoculture,7.81,,3.0,11.25,,3.0,0.365,,44.0,2.0
"MD_Paut,_24_A glo_Sc_43",JA_Choud_14_Produ_Pl,"MD_Paut,_24_A glo_Sc",Choudhary et al. 2014,2014,10.1626/pps.17.342,Plant Production Science,"Productivity, weed dynamics, nutrient mining, and monetary advantage of maize-legume intercropping in the eastern himalayan region of india",India,Southern Asia,"Research Farm of the Indian Council of Agricultural Research, Research Complex for North East Hilly Region, Basar, Arunachal Pradesh",27.9802,94.6912,Maize,Maize-Common Bean,Abundance,Abundance,n/m2,Intercropping,Intercropping (N fixing mixed),Monoculture,7.81,,3.0,9.48,,3.0,0.1938,,21.4,2.0
"MD_Paut,_24_A glo_Sc_44",JA_Choud_14_Produ_Pl,"MD_Paut,_24_A glo_Sc",Choudhary et al. 2014,2014,10.1626/pps.17.342,Plant Production Science,"Productivity, weed dynamics, nutrient mining, and monetary advantage of maize-legume intercropping in the eastern himalayan region of india",India,Southern Asia,"Research Farm of the Indian Council of Agricultural Research, Research Complex for North East Hilly Region, Basar, Arunachal Pradesh",27.9802,94.6912,Maize,Maize-Common Bean,Abundance,Abundance,n/m2,Intercropping,Intercropping (N fixing mixed),Monoculture,7.81,,3.0,8.65,,3.0,0.1022,,10.8,2.0
"MD_Paut,_24_A glo_Sc_45",JA_Choud_14_Produ_Pl,"MD_Paut,_24_A glo_Sc",Choudhary et al. 2014,2014,10.1626/pps.17.342,Plant Production Science,"Productivity, weed dynamics, nutrient mining, and monetary advantage of maize-legume intercropping in the eastern himalayan region of india",India,Southern Asia,"Research Farm of the Indian Council of Agricultural Research, Research Complex for North East Hilly Region, Basar, Arunachal Pradesh",27.9802,94.6912,Maize,Maize-Black Gram,Abundance,Abundance,n/m2,Intercropping,Intercropping (N fixing mixed),Monoculture,5.61,,3.0,11.14,,3.0,0.686,,98.6,2.0
"MD_Paut,_24_A glo_Sc_46",JA_Choud_14_Produ_Pl,"MD_Paut,_24_A glo_Sc",Choudhary et al. 2014,2014,10.1626/pps.17.342,Plant Production Science,"Productivity, weed dynamics, nutrient mining, and monetary advantage of maize-legume intercropping in the eastern himalayan region of india",India,Southern Asia,"Research Farm of the Indian Council of Agricultural Research, Research Complex for North East Hilly Region, Basar, Arunachal Pradesh",27.9802,94.6912,Maize,Maize-Black Gram,Abundance,Abundance,n/m2,Intercropping,Intercropping (N fixing mixed),Monoculture,5.61,,3.0,9.26,,3.0,0.5012,,65.1,2.0
"MD_Paut,_24_A glo_Sc_47",JA_Choud_14_Produ_Pl,"MD_Paut,_24_A glo_Sc",Choudhary et al. 2014,2014,10.1626/pps.17.342,Plant Production Science,"Productivity, weed dynamics, nutrient mining, and monetary advantage of maize-legume intercropping in the eastern himalayan region of india",India,Southern Asia,"Research Farm of the Indian Council of Agricultural Research, Research Complex for North East Hilly Region, Basar, Arunachal Pradesh",27.9802,94.6912,Maize,Maize-Black Gram,Abundance,Abundance,n/m2,Intercropping,Intercropping (N fixing mixed),Monoculture,5.61,,3.0,6.84,,3.0,0.1982,,21.9,2.0
"MD_Paut,_24_A glo_Sc_48",JA_Veera_24_EFFEC_Ap,"MD_Paut,_24_A glo_Sc",Veeramani et al. 2024,2024,10.15666/aeer/2202_11391148,Appl. Ecol. Env. Res.,EFFECT OF DIFFERENT TILLAGE PRACTISES ON CASTOR (RICINUS COMMUNIS L.) CULTIVATION IN LEGUME-BASED INTERCROPPING SYSTEM,India,Southern Asia,"Tapioca and Castor Research Station (TCRS) farm, Tamil Nadu Agricultural University, Yethapur, Tamil Nadu",11.652,78.469,Castor,Castor-Green Gram,Abundance,Abundance,plants/m2,Intercropping,Intercropping (N fixing mixed),Monoculture,43.9,,3.0,28.0,,3.0,-0.4497,,-36.2,2.0
"MD_Paut,_24_A glo_Sc_49",JA_Veera_24_EFFEC_Ap,"MD_Paut,_24_A glo_Sc",Veeramani et al. 2024,2024,10.15666/aeer/2202_11391148,Appl. Ecol. Env. Res.,EFFECT OF DIFFERENT TILLAGE PRACTISES ON CASTOR (RICINUS COMMUNIS L.) CULTIVATION IN LEGUME-BASED INTERCROPPING SYSTEM,India,Southern Asia,"Tapioca and Castor Research Station (TCRS) farm, Tamil Nadu Agricultural University, Yethapur, Tamil Nadu",11.652,78.469,Castor,Castor-Cowpea,Abundance,Abundance,plants/m2,Intercropping,Intercropping (N fixing mixed),Monoculture,43.9,,3.0,20.8,,3.0,-0.747,,-52.6,2.0
"MD_Paut,_24_A glo_Sc_50",JA_Veera_24_EFFEC_Ap,"MD_Paut,_24_A glo_Sc",Veeramani et al. 2024,2024,10.15666/aeer/2202_11391148,Appl. Ecol. Env. Res.,EFFECT OF DIFFERENT TILLAGE PRACTISES ON CASTOR (RICINUS COMMUNIS L.) CULTIVATION IN LEGUME-BASED INTERCROPPING SYSTEM,India,Southern Asia,"Tapioca and Castor Research Station (TCRS) farm, Tamil Nadu Agricultural University, Yethapur, Tamil Nadu",11.652,78.469,Castor,Castor-Groundnut,Abundance,Abundance,plants/m2,Intercropping,Intercropping (N fixing mixed),Monoculture,43.9,,3.0,23.3,,3.0,-0.6335,,-46.9,2.0
"MD_Paut,_24_A glo_Sc_51",JA_Veera_24_EFFEC_Ap,"MD_Paut,_24_A glo_Sc",Veeramani et al. 2024,2024,10.15666/aeer/2202_11391148,Appl. Ecol. Env. Res.,EFFECT OF DIFFERENT TILLAGE PRACTISES ON CASTOR (RICINUS COMMUNIS L.) CULTIVATION IN LEGUME-BASED INTERCROPPING SYSTEM,India,Southern Asia,"Tapioca and Castor Research Station (TCRS) farm, Tamil Nadu Agricultural University, Yethapur, Tamil Nadu",11.652,78.469,Castor,Castor-Green Gram,Abundance,Abundance,plants/m2,Intercropping,Intercropping (N fixing mixed),Monoculture,19.5,,3.0,14.0,,3.0,-0.3314,,-28.2,2.0
"MD_Paut,_24_A glo_Sc_52",JA_Veera_24_EFFEC_Ap,"MD_Paut,_24_A glo_Sc",Veeramani et al. 2024,2024,10.15666/aeer/2202_11391148,Appl. Ecol. Env. Res.,EFFECT OF DIFFERENT TILLAGE PRACTISES ON CASTOR (RICINUS COMMUNIS L.) CULTIVATION IN LEGUME-BASED INTERCROPPING SYSTEM,India,Southern Asia,"Tapioca and Castor Research Station (TCRS) farm, Tamil Nadu Agricultural University, Yethapur, Tamil Nadu",11.652,78.469,Castor,Castor-Cowpea,Abundance,Abundance,plants/m2,Intercropping,Intercropping (N fixing mixed),Monoculture,19.5,,3.0,9.16,,3.0,-0.7556,,-53.0,2.0
"MD_Paut,_24_A glo_Sc_53",JA_Veera_24_EFFEC_Ap,"MD_Paut,_24_A glo_Sc",Veeramani et al. 2024,2024,10.15666/aeer/2202_11391148,Appl. Ecol. Env. Res.,EFFECT OF DIFFERENT TILLAGE PRACTISES ON CASTOR (RICINUS COMMUNIS L.) CULTIVATION IN LEGUME-BASED INTERCROPPING SYSTEM,India,Southern Asia,"Tapioca and Castor Research Station (TCRS) farm, Tamil Nadu Agricultural University, Yethapur, Tamil Nadu",11.652,78.469,Castor,Castor-Groundnut,Abundance,Abundance,plants/m2,Intercropping,Intercropping (N fixing mixed),Monoculture,19.5,,3.0,9.0,,3.0,-0.7732,,-53.8,2.0
"MD_Paut,_24_A glo_Sc_54",JA_Banik_09_Yield_Jo,"MD_Paut,_24_A glo_Sc",Banik et al. 2009,2009,10.1080/10440040902834970,Journal of Sustainable Agriculture,Yield and Resource Utilization Efficiency in Baby CornLegume-Intercropping System in the Eastern Plateau of India,India,Southern Asia,"Indian Statistical Institute, Giridih",24.025,86.0542,Baby Corn,Baby Corn-Soybean,Costs,Total Cost,EUR/ha,Intercropping,Intercropping (N fixing mixed),Monoculture,517.0,,6.0,534.0,,6.0,0.0324,,3.3,2.0
"MD_Paut,_24_A glo_Sc_55",JA_Banik_09_Yield_Jo,"MD_Paut,_24_A glo_Sc",Banik et al. 2009,2009,10.1080/10440040902834970,Journal of Sustainable Agriculture,Yield and Resource Utilization Efficiency in Baby CornLegume-Intercropping System in the Eastern Plateau of India,India,Southern Asia,"Indian Statistical Institute, Giridih",24.025,86.0542,Baby Corn,Baby Corn-Green Gram,Costs,Total Cost,EUR/ha,Intercropping,Intercropping (N fixing mixed),Monoculture,517.0,,6.0,547.0,,6.0,0.0564,,5.8,2.0
"MD_Paut,_24_A glo_Sc_56",JA_Banik_09_Yield_Jo,"MD_Paut,_24_A glo_Sc",Banik et al. 2009,2009,10.1080/10440040902834970,Journal of Sustainable Agriculture,Yield and Resource Utilization Efficiency in Baby CornLegume-Intercropping System in the Eastern Plateau of India,India,Southern Asia,"Indian Statistical Institute, Giridih",24.025,86.0542,Baby Corn,Baby Corn-Black Gram,Costs,Total Cost,EUR/ha,Intercropping,Intercropping (N fixing mixed),Monoculture,517.0,,6.0,569.0,,6.0,0.0958,,10.1,2.0
"MD_Paut,_24_A glo_Sc_57",JA_Banik_09_Yield_Jo,"MD_Paut,_24_A glo_Sc",Banik et al. 2009,2009,10.1080/10440040902834970,Journal of Sustainable Agriculture,Yield and Resource Utilization Efficiency in Baby CornLegume-Intercropping System in the Eastern Plateau of India,India,Southern Asia,"Indian Statistical Institute, Giridih",24.025,86.0542,Baby Corn,Baby Corn-Groundnut,Costs,Total Cost,EUR/ha,Intercropping,Intercropping (N fixing mixed),Monoculture,517.0,,6.0,663.0,,6.0,0.2487,,28.2,2.0
"MD_Paut,_24_A glo_Sc_58",JA_Banik_09_Yield_Jo,"MD_Paut,_24_A glo_Sc",Banik et al. 2009,2009,10.1080/10440040902834970,Journal of Sustainable Agriculture,Yield and Resource Utilization Efficiency in Baby CornLegume-Intercropping System in the Eastern Plateau of India,India,Southern Asia,"Indian Statistical Institute, Giridih",24.025,86.0542,Baby Corn,Baby Corn-Soybean,Costs,Total Cost,EUR/ha,Intercropping,Intercropping (N fixing mixed),Monoculture,517.0,,6.0,528.0,,6.0,0.0211,,2.1,2.0
"MD_Paut,_24_A glo_Sc_59",JA_Banik_09_Yield_Jo,"MD_Paut,_24_A glo_Sc",Banik et al. 2009,2009,10.1080/10440040902834970,Journal of Sustainable Agriculture,Yield and Resource Utilization Efficiency in Baby CornLegume-Intercropping System in the Eastern Plateau of India,India,Southern Asia,"Indian Statistical Institute, Giridih",24.025,86.0542,Baby Corn,Baby Corn-Green Gram,Costs,Total Cost,EUR/ha,Intercropping,Intercropping (N fixing mixed),Monoculture,517.0,,6.0,494.0,,6.0,-0.0455,,-4.4,2.0
"MD_Paut,_24_A glo_Sc_60",JA_Banik_09_Yield_Jo,"MD_Paut,_24_A glo_Sc",Banik et al. 2009,2009,10.1080/10440040902834970,Journal of Sustainable Agriculture,Yield and Resource Utilization Efficiency in Baby CornLegume-Intercropping System in the Eastern Plateau of India,India,Southern Asia,"Indian Statistical Institute, Giridih",24.025,86.0542,Baby Corn,Baby Corn-Black Gram,Costs,Total Cost,EUR/ha,Intercropping,Intercropping (N fixing mixed),Monoculture,517.0,,6.0,543.0,,6.0,0.0491,,5.0,2.0
"MD_Paut,_24_A glo_Sc_61",JA_Banik_09_Yield_Jo,"MD_Paut,_24_A glo_Sc",Banik et al. 2009,2009,10.1080/10440040902834970,Journal of Sustainable Agriculture,Yield and Resource Utilization Efficiency in Baby CornLegume-Intercropping System in the Eastern Plateau of India,India,Southern Asia,"Indian Statistical Institute, Giridih",24.025,86.0542,Baby Corn,Baby Corn-Groundnut,Costs,Total Cost,EUR/ha,Intercropping,Intercropping (N fixing mixed),Monoculture,517.0,,6.0,718.0,,6.0,0.3284,,38.9,2.0
"MD_Paut,_24_A glo_Sc_62",JA_Banik_09_Yield_Jo,"MD_Paut,_24_A glo_Sc",Banik et al. 2009,2009,10.1080/10440040902834970,Journal of Sustainable Agriculture,Yield and Resource Utilization Efficiency in Baby CornLegume-Intercropping System in the Eastern Plateau of India,India,Southern Asia,"Indian Statistical Institute, Giridih",24.025,86.0542,Baby Corn,Baby Corn-Soybean,Costs,Total Cost,EUR/ha,Intercropping,Intercropping (N fixing mixed),Monoculture,258.0,,6.0,534.0,,6.0,0.7274,,107.0,2.0
"MD_Paut,_24_A glo_Sc_63",JA_Banik_09_Yield_Jo,"MD_Paut,_24_A glo_Sc",Banik et al. 2009,2009,10.1080/10440040902834970,Journal of Sustainable Agriculture,Yield and Resource Utilization Efficiency in Baby CornLegume-Intercropping System in the Eastern Plateau of India,India,Southern Asia,"Indian Statistical Institute, Giridih",24.025,86.0542,Baby Corn,Baby Corn-Soybean,Costs,Total Cost,EUR/ha,Intercropping,Intercropping (N fixing mixed),Monoculture,258.0,,6.0,528.0,,6.0,0.7161,,104.7,2.0
"MD_Paut,_24_A glo_Sc_64",JA_Banik_09_Yield_Jo,"MD_Paut,_24_A glo_Sc",Banik et al. 2009,2009,10.1080/10440040902834970,Journal of Sustainable Agriculture,Yield and Resource Utilization Efficiency in Baby CornLegume-Intercropping System in the Eastern Plateau of India,India,Southern Asia,"Indian Statistical Institute, Giridih",24.025,86.0542,Baby Corn,Baby Corn-Green Gram,Costs,Total Cost,EUR/ha,Intercropping,Intercropping (N fixing mixed),Monoculture,287.0,,6.0,547.0,,6.0,0.645,,90.6,2.0
"MD_Paut,_24_A glo_Sc_65",JA_Banik_09_Yield_Jo,"MD_Paut,_24_A glo_Sc",Banik et al. 2009,2009,10.1080/10440040902834970,Journal of Sustainable Agriculture,Yield and Resource Utilization Efficiency in Baby CornLegume-Intercropping System in the Eastern Plateau of India,India,Southern Asia,"Indian Statistical Institute, Giridih",24.025,86.0542,Baby Corn,Baby Corn-Green Gram,Costs,Total Cost,EUR/ha,Intercropping,Intercropping (N fixing mixed),Monoculture,287.0,,6.0,494.0,,6.0,0.5431,,72.1,2.0
"MD_Paut,_24_A glo_Sc_66",JA_Banik_09_Yield_Jo,"MD_Paut,_24_A glo_Sc",Banik et al. 2009,2009,10.1080/10440040902834970,Journal of Sustainable Agriculture,Yield and Resource Utilization Efficiency in Baby CornLegume-Intercropping System in the Eastern Plateau of India,India,Southern Asia,"Indian Statistical Institute, Giridih",24.025,86.0542,Baby Corn,Baby Corn-Black Gram,Costs,Total Cost,EUR/ha,Intercropping,Intercropping (N fixing mixed),Monoculture,303.0,,6.0,569.0,,6.0,0.6301,,87.8,2.0
"MD_Paut,_24_A glo_Sc_67",JA_Banik_09_Yield_Jo,"MD_Paut,_24_A glo_Sc",Banik et al. 2009,2009,10.1080/10440040902834970,Journal of Sustainable Agriculture,Yield and Resource Utilization Efficiency in Baby CornLegume-Intercropping System in the Eastern Plateau of India,India,Southern Asia,"Indian Statistical Institute, Giridih",24.025,86.0542,Baby Corn,Baby Corn-Black Gram,Costs,Total Cost,EUR/ha,Intercropping,Intercropping (N fixing mixed),Monoculture,303.0,,6.0,543.0,,6.0,0.5834,,79.2,2.0
"MD_Paut,_24_A glo_Sc_68",JA_Banik_09_Yield_Jo,"MD_Paut,_24_A glo_Sc",Banik et al. 2009,2009,10.1080/10440040902834970,Journal of Sustainable Agriculture,Yield and Resource Utilization Efficiency in Baby CornLegume-Intercropping System in the Eastern Plateau of India,India,Southern Asia,"Indian Statistical Institute, Giridih",24.025,86.0542,Baby Corn,Baby Corn-Groundnut,Costs,Total Cost,EUR/ha,Intercropping,Intercropping (N fixing mixed),Monoculture,605.0,,6.0,663.0,,6.0,0.0915,,9.6,2.0
"MD_Paut,_24_A glo_Sc_69",JA_Banik_09_Yield_Jo,"MD_Paut,_24_A glo_Sc",Banik et al. 2009,2009,10.1080/10440040902834970,Journal of Sustainable Agriculture,Yield and Resource Utilization Efficiency in Baby CornLegume-Intercropping System in the Eastern Plateau of India,India,Southern Asia,"Indian Statistical Institute, Giridih",24.025,86.0542,Baby Corn,Baby Corn-Groundnut,Costs,Total Cost,EUR/ha,Intercropping,Intercropping (N fixing mixed),Monoculture,605.0,,6.0,718.0,,6.0,0.1712,,18.7,2.0
"MD_Paut,_24_A glo_Sc_70",JA_Banik_09_Yield_Jo,"MD_Paut,_24_A glo_Sc",Banik et al. 2009,2009,10.1080/10440040902834970,Journal of Sustainable Agriculture,Yield and Resource Utilization Efficiency in Baby CornLegume-Intercropping System in the Eastern Plateau of India,India,Southern Asia,"Indian Statistical Institute, Giridih",24.025,86.0542,Baby Corn,Baby Corn-Soybean,Income,Gross Return,EUR/ha,Intercropping,Intercropping (N fixing mixed),Monoculture,261.0,,6.0,303.2,,6.0,0.1499,,16.2,2.0
"MD_Paut,_24_A glo_Sc_71",JA_Banik_09_Yield_Jo,"MD_Paut,_24_A glo_Sc",Banik et al. 2009,2009,10.1080/10440040902834970,Journal of Sustainable Agriculture,Yield and Resource Utilization Efficiency in Baby CornLegume-Intercropping System in the Eastern Plateau of India,India,Southern Asia,"Indian Statistical Institute, Giridih",24.025,86.0542,Baby Corn,Baby Corn-Green Gram,Income,Gross Return,EUR/ha,Intercropping,Intercropping (N fixing mixed),Monoculture,261.0,,6.0,283.1,,6.0,0.0813,,8.5,2.0
"MD_Paut,_24_A glo_Sc_72",JA_Banik_09_Yield_Jo,"MD_Paut,_24_A glo_Sc",Banik et al. 2009,2009,10.1080/10440040902834970,Journal of Sustainable Agriculture,Yield and Resource Utilization Efficiency in Baby CornLegume-Intercropping System in the Eastern Plateau of India,India,Southern Asia,"Indian Statistical Institute, Giridih",24.025,86.0542,Baby Corn,Baby Corn-Black Gram,Income,Gross Return,EUR/ha,Intercropping,Intercropping (N fixing mixed),Monoculture,261.0,,6.0,280.3,,6.0,0.0713,,7.4,2.0
"MD_Paut,_24_A glo_Sc_73",JA_Banik_09_Yield_Jo,"MD_Paut,_24_A glo_Sc",Banik et al. 2009,2009,10.1080/10440040902834970,Journal of Sustainable Agriculture,Yield and Resource Utilization Efficiency in Baby CornLegume-Intercropping System in the Eastern Plateau of India,India,Southern Asia,"Indian Statistical Institute, Giridih",24.025,86.0542,Baby Corn,Baby Corn-Groundnut,Income,Gross Return,EUR/ha,Intercropping,Intercropping (N fixing mixed),Monoculture,261.0,,6.0,307.1,,6.0,0.1627,,17.7,2.0
"MD_Paut,_24_A glo_Sc_74",JA_Banik_09_Yield_Jo,"MD_Paut,_24_A glo_Sc",Banik et al. 2009,2009,10.1080/10440040902834970,Journal of Sustainable Agriculture,Yield and Resource Utilization Efficiency in Baby CornLegume-Intercropping System in the Eastern Plateau of India,India,Southern Asia,"Indian Statistical Institute, Giridih",24.025,86.0542,Baby Corn,Baby Corn-Soybean,Income,Gross Return,EUR/ha,Intercropping,Intercropping (N fixing mixed),Monoculture,261.0,,6.0,308.5,,6.0,0.1672,,18.2,2.0
"MD_Paut,_24_A glo_Sc_75",JA_Banik_09_Yield_Jo,"MD_Paut,_24_A glo_Sc",Banik et al. 2009,2009,10.1080/10440040902834970,Journal of Sustainable Agriculture,Yield and Resource Utilization Efficiency in Baby CornLegume-Intercropping System in the Eastern Plateau of India,India,Southern Asia,"Indian Statistical Institute, Giridih",24.025,86.0542,Baby Corn,Baby Corn-Green Gram,Income,Gross Return,EUR/ha,Intercropping,Intercropping (N fixing mixed),Monoculture,261.0,,6.0,289.0,,6.0,0.1019,,10.7,2.0
"MD_Paut,_24_A glo_Sc_76",JA_Banik_09_Yield_Jo,"MD_Paut,_24_A glo_Sc",Banik et al. 2009,2009,10.1080/10440040902834970,Journal of Sustainable Agriculture,Yield and Resource Utilization Efficiency in Baby CornLegume-Intercropping System in the Eastern Plateau of India,India,Southern Asia,"Indian Statistical Institute, Giridih",24.025,86.0542,Baby Corn,Baby Corn-Black Gram,Income,Gross Return,EUR/ha,Intercropping,Intercropping (N fixing mixed),Monoculture,261.0,,6.0,287.8,,6.0,0.0977,,10.3,2.0
"MD_Paut,_24_A glo_Sc_77",JA_Banik_09_Yield_Jo,"MD_Paut,_24_A glo_Sc",Banik et al. 2009,2009,10.1080/10440040902834970,Journal of Sustainable Agriculture,Yield and Resource Utilization Efficiency in Baby CornLegume-Intercropping System in the Eastern Plateau of India,India,Southern Asia,"Indian Statistical Institute, Giridih",24.025,86.0542,Baby Corn,Baby Corn-Groundnut,Income,Gross Return,EUR/ha,Intercropping,Intercropping (N fixing mixed),Monoculture,261.0,,6.0,343.1,,6.0,0.2735,,31.5,2.0
"MD_Paut,_24_A glo_Sc_78",JA_Banik_09_Yield_Jo,"MD_Paut,_24_A glo_Sc",Banik et al. 2009,2009,10.1080/10440040902834970,Journal of Sustainable Agriculture,Yield and Resource Utilization Efficiency in Baby CornLegume-Intercropping System in the Eastern Plateau of India,India,Southern Asia,"Indian Statistical Institute, Giridih",24.025,86.0542,Baby Corn,Baby Corn-Soybean,Income,Gross Return,EUR/ha,Intercropping,Intercropping (N fixing mixed),Monoculture,179.2,,6.0,303.2,,6.0,0.5259,,69.2,2.0
"MD_Paut,_24_A glo_Sc_79",JA_Banik_09_Yield_Jo,"MD_Paut,_24_A glo_Sc",Banik et al. 2009,2009,10.1080/10440040902834970,Journal of Sustainable Agriculture,Yield and Resource Utilization Efficiency in Baby CornLegume-Intercropping System in the Eastern Plateau of India,India,Southern Asia,"Indian Statistical Institute, Giridih",24.025,86.0542,Baby Corn,Baby Corn-Soybean,Income,Gross Return,EUR/ha,Intercropping,Intercropping (N fixing mixed),Monoculture,179.2,,6.0,308.5,,6.0,0.5432,,72.2,2.0
"MD_Paut,_24_A glo_Sc_80",JA_Banik_09_Yield_Jo,"MD_Paut,_24_A glo_Sc",Banik et al. 2009,2009,10.1080/10440040902834970,Journal of Sustainable Agriculture,Yield and Resource Utilization Efficiency in Baby CornLegume-Intercropping System in the Eastern Plateau of India,India,Southern Asia,"Indian Statistical Institute, Giridih",24.025,86.0542,Baby Corn,Baby Corn-Green Gram,Income,Gross Return,EUR/ha,Intercropping,Intercropping (N fixing mixed),Monoculture,162.7,,6.0,283.1,,6.0,0.5539,,74.0,2.0
"MD_Paut,_24_A glo_Sc_81",JA_Banik_09_Yield_Jo,"MD_Paut,_24_A glo_Sc",Banik et al. 2009,2009,10.1080/10440040902834970,Journal of Sustainable Agriculture,Yield and Resource Utilization Efficiency in Baby CornLegume-Intercropping System in the Eastern Plateau of India,India,Southern Asia,"Indian Statistical Institute, Giridih",24.025,86.0542,Baby Corn,Baby Corn-Green Gram,Income,Gross Return,EUR/ha,Intercropping,Intercropping (N fixing mixed),Monoculture,162.7,,6.0,289.0,,6.0,0.5745,,77.6,2.0
"MD_Paut,_24_A glo_Sc_82",JA_Banik_09_Yield_Jo,"MD_Paut,_24_A glo_Sc",Banik et al. 2009,2009,10.1080/10440040902834970,Journal of Sustainable Agriculture,Yield and Resource Utilization Efficiency in Baby CornLegume-Intercropping System in the Eastern Plateau of India,India,Southern Asia,"Indian Statistical Institute, Giridih",24.025,86.0542,Baby Corn,Baby Corn-Black Gram,Income,Gross Return,EUR/ha,Intercropping,Intercropping (N fixing mixed),Monoculture,166.1,,6.0,280.3,,6.0,0.5233,,68.8,2.0
"MD_Paut,_24_A glo_Sc_83",JA_Banik_09_Yield_Jo,"MD_Paut,_24_A glo_Sc",Banik et al. 2009,2009,10.1080/10440040902834970,Journal of Sustainable Agriculture,Yield and Resource Utilization Efficiency in Baby CornLegume-Intercropping System in the Eastern Plateau of India,India,Southern Asia,"Indian Statistical Institute, Giridih",24.025,86.0542,Baby Corn,Baby Corn-Black Gram,Income,Gross Return,EUR/ha,Intercropping,Intercropping (N fixing mixed),Monoculture,166.1,,6.0,287.8,,6.0,0.5497,,73.3,2.0
"MD_Paut,_24_A glo_Sc_84",JA_Banik_09_Yield_Jo,"MD_Paut,_24_A glo_Sc",Banik et al. 2009,2009,10.1080/10440040902834970,Journal of Sustainable Agriculture,Yield and Resource Utilization Efficiency in Baby CornLegume-Intercropping System in the Eastern Plateau of India,India,Southern Asia,"Indian Statistical Institute, Giridih",24.025,86.0542,Baby Corn,Baby Corn-Groundnut,Income,Gross Return,EUR/ha,Intercropping,Intercropping (N fixing mixed),Monoculture,234.9,,6.0,307.1,,6.0,0.268,,30.7,2.0
"MD_Paut,_24_A glo_Sc_85",JA_Banik_09_Yield_Jo,"MD_Paut,_24_A glo_Sc",Banik et al. 2009,2009,10.1080/10440040902834970,Journal of Sustainable Agriculture,Yield and Resource Utilization Efficiency in Baby CornLegume-Intercropping System in the Eastern Plateau of India,India,Southern Asia,"Indian Statistical Institute, Giridih",24.025,86.0542,Baby Corn,Baby Corn-Groundnut,Income,Gross Return,EUR/ha,Intercropping,Intercropping (N fixing mixed),Monoculture,234.9,,6.0,343.1,,6.0,0.3789,,46.1,2.0
"MD_Paut,_24_A glo_Sc_86",JA_Banik_09_Yield_Jo,"MD_Paut,_24_A glo_Sc",Banik et al. 2009,2009,10.1080/10440040902834970,Journal of Sustainable Agriculture,Yield and Resource Utilization Efficiency in Baby CornLegume-Intercropping System in the Eastern Plateau of India,India,Southern Asia,"Indian Statistical Institute, Giridih",24.025,86.0542,Baby Corn,Baby Corn-Soybean,Income,Net Return,EUR/ha,Intercropping,Intercropping (N fixing mixed),Monoculture,256.0,,6.0,230.0,,6.0,-0.1071,,-10.2,2.0
"MD_Paut,_24_A glo_Sc_87",JA_Banik_09_Yield_Jo,"MD_Paut,_24_A glo_Sc",Banik et al. 2009,2009,10.1080/10440040902834970,Journal of Sustainable Agriculture,Yield and Resource Utilization Efficiency in Baby CornLegume-Intercropping System in the Eastern Plateau of India,India,Southern Asia,"Indian Statistical Institute, Giridih",24.025,86.0542,Baby Corn,Baby Corn-Green Gram,Income,Net Return,EUR/ha,Intercropping,Intercropping (N fixing mixed),Monoculture,256.0,,6.0,264.0,,6.0,0.0308,,3.1,2.0
"MD_Paut,_24_A glo_Sc_88",JA_Banik_09_Yield_Jo,"MD_Paut,_24_A glo_Sc",Banik et al. 2009,2009,10.1080/10440040902834970,Journal of Sustainable Agriculture,Yield and Resource Utilization Efficiency in Baby CornLegume-Intercropping System in the Eastern Plateau of India,India,Southern Asia,"Indian Statistical Institute, Giridih",24.025,86.0542,Baby Corn,Baby Corn-Black Gram,Income,Net Return,EUR/ha,Intercropping,Intercropping (N fixing mixed),Monoculture,256.0,,6.0,289.0,,6.0,0.1212,,12.9,2.0
"MD_Paut,_24_A glo_Sc_89",JA_Banik_09_Yield_Jo,"MD_Paut,_24_A glo_Sc",Banik et al. 2009,2009,10.1080/10440040902834970,Journal of Sustainable Agriculture,Yield and Resource Utilization Efficiency in Baby CornLegume-Intercropping System in the Eastern Plateau of India,India,Southern Asia,"Indian Statistical Institute, Giridih",24.025,86.0542,Baby Corn,Baby Corn-Groundnut,Income,Net Return,EUR/ha,Intercropping,Intercropping (N fixing mixed),Monoculture,256.0,,6.0,356.0,,6.0,0.3298,,39.1,2.0
"MD_Paut,_24_A glo_Sc_90",JA_Banik_09_Yield_Jo,"MD_Paut,_24_A glo_Sc",Banik et al. 2009,2009,10.1080/10440040902834970,Journal of Sustainable Agriculture,Yield and Resource Utilization Efficiency in Baby CornLegume-Intercropping System in the Eastern Plateau of India,India,Southern Asia,"Indian Statistical Institute, Giridih",24.025,86.0542,Baby Corn,Baby Corn-Soybean,Income,Net Return,EUR/ha,Intercropping,Intercropping (N fixing mixed),Monoculture,256.0,,6.0,220.0,,6.0,-0.1515,,-14.1,2.0
"MD_Paut,_24_A glo_Sc_91",JA_Banik_09_Yield_Jo,"MD_Paut,_24_A glo_Sc",Banik et al. 2009,2009,10.1080/10440040902834970,Journal of Sustainable Agriculture,Yield and Resource Utilization Efficiency in Baby CornLegume-Intercropping System in the Eastern Plateau of India,India,Southern Asia,"Indian Statistical Institute, Giridih",24.025,86.0542,Baby Corn,Baby Corn-Green Gram,Income,Net Return,EUR/ha,Intercropping,Intercropping (N fixing mixed),Monoculture,256.0,,6.0,205.0,,6.0,-0.2222,,-19.9,2.0
"MD_Paut,_24_A glo_Sc_92",JA_Banik_09_Yield_Jo,"MD_Paut,_24_A glo_Sc",Banik et al. 2009,2009,10.1080/10440040902834970,Journal of Sustainable Agriculture,Yield and Resource Utilization Efficiency in Baby CornLegume-Intercropping System in the Eastern Plateau of India,India,Southern Asia,"Indian Statistical Institute, Giridih",24.025,86.0542,Baby Corn,Baby Corn-Black Gram,Income,Net Return,EUR/ha,Intercropping,Intercropping (N fixing mixed),Monoculture,256.0,,6.0,255.0,,6.0,-0.0039,,-0.4,2.0
"MD_Paut,_24_A glo_Sc_93",JA_Banik_09_Yield_Jo,"MD_Paut,_24_A glo_Sc",Banik et al. 2009,2009,10.1080/10440040902834970,Journal of Sustainable Agriculture,Yield and Resource Utilization Efficiency in Baby CornLegume-Intercropping System in the Eastern Plateau of India,India,Southern Asia,"Indian Statistical Institute, Giridih",24.025,86.0542,Baby Corn,Baby Corn-Groundnut,Income,Net Return,EUR/ha,Intercropping,Intercropping (N fixing mixed),Monoculture,256.0,,6.0,375.0,,6.0,0.3817,,46.5,2.0
"MD_Paut,_24_A glo_Sc_94",JA_Banik_09_Yield_Jo,"MD_Paut,_24_A glo_Sc",Banik et al. 2009,2009,10.1080/10440040902834970,Journal of Sustainable Agriculture,Yield and Resource Utilization Efficiency in Baby CornLegume-Intercropping System in the Eastern Plateau of India,India,Southern Asia,"Indian Statistical Institute, Giridih",24.025,86.0542,Baby Corn,Baby Corn-Soybean,Income,Net Return,EUR/ha,Intercropping,Intercropping (N fixing mixed),Monoculture,79.0,,6.0,230.0,,6.0,1.0686,,191.1,2.0
"MD_Paut,_24_A glo_Sc_95",JA_Banik_09_Yield_Jo,"MD_Paut,_24_A glo_Sc",Banik et al. 2009,2009,10.1080/10440040902834970,Journal of Sustainable Agriculture,Yield and Resource Utilization Efficiency in Baby CornLegume-Intercropping System in the Eastern Plateau of India,India,Southern Asia,"Indian Statistical Institute, Giridih",24.025,86.0542,Baby Corn,Baby Corn-Soybean,Income,Net Return,EUR/ha,Intercropping,Intercropping (N fixing mixed),Monoculture,79.0,,6.0,220.0,,6.0,1.0242,,178.5,2.0
"MD_Paut,_24_A glo_Sc_96",JA_Banik_09_Yield_Jo,"MD_Paut,_24_A glo_Sc",Banik et al. 2009,2009,10.1080/10440040902834970,Journal of Sustainable Agriculture,Yield and Resource Utilization Efficiency in Baby CornLegume-Intercropping System in the Eastern Plateau of India,India,Southern Asia,"Indian Statistical Institute, Giridih",24.025,86.0542,Baby Corn,Baby Corn-Green Gram,Income,Net Return,EUR/ha,Intercropping,Intercropping (N fixing mixed),Monoculture,125.0,,6.0,264.0,,6.0,0.7476,,111.2,2.0
"MD_Paut,_24_A glo_Sc_97",JA_Banik_09_Yield_Jo,"MD_Paut,_24_A glo_Sc",Banik et al. 2009,2009,10.1080/10440040902834970,Journal of Sustainable Agriculture,Yield and Resource Utilization Efficiency in Baby CornLegume-Intercropping System in the Eastern Plateau of India,India,Southern Asia,"Indian Statistical Institute, Giridih",24.025,86.0542,Baby Corn,Baby Corn-Green Gram,Income,Net Return,EUR/ha,Intercropping,Intercropping (N fixing mixed),Monoculture,125.0,,6.0,205.0,,6.0,0.4947,,64.0,2.0
"MD_Paut,_24_A glo_Sc_98",JA_Banik_09_Yield_Jo,"MD_Paut,_24_A glo_Sc",Banik et al. 2009,2009,10.1080/10440040902834970,Journal of Sustainable Agriculture,Yield and Resource Utilization Efficiency in Baby CornLegume-Intercropping System in the Eastern Plateau of India,India,Southern Asia,"Indian Statistical Institute, Giridih",24.025,86.0542,Baby Corn,Baby Corn-Black Gram,Income,Net Return,EUR/ha,Intercropping,Intercropping (N fixing mixed),Monoculture,137.0,,6.0,289.0,,6.0,0.7464,,110.9,2.0
"MD_Paut,_24_A glo_Sc_99",JA_Banik_09_Yield_Jo,"MD_Paut,_24_A glo_Sc",Banik et al. 2009,2009,10.1080/10440040902834970,Journal of Sustainable Agriculture,Yield and Resource Utilization Efficiency in Baby CornLegume-Intercropping System in the Eastern Plateau of India,India,Southern Asia,"Indian Statistical Institute, Giridih",24.025,86.0542,Baby Corn,Baby Corn-Black Gram,Income,Net Return,EUR/ha,Intercropping,Intercropping (N fixing mixed),Monoculture,137.0,,6.0,255.0,,6.0,0.6213,,86.1,2.0
"MD_Paut,_24_A glo_Sc_100",JA_Banik_09_Yield_Jo,"MD_Paut,_24_A glo_Sc",Banik et al. 2009,2009,10.1080/10440040902834970,Journal of Sustainable Agriculture,Yield and Resource Utilization Efficiency in Baby CornLegume-Intercropping System in the Eastern Plateau of India,India,Southern Asia,"Indian Statistical Institute, Giridih",24.025,86.0542,Baby Corn,Baby Corn-Groundnut,Income,Net Return,EUR/ha,Intercropping,Intercropping (N fixing mixed),Monoculture,370.0,,6.0,356.0,,6.0,-0.0386,,-3.8,2.0
"MD_Paut,_24_A glo_Sc_101",JA_Banik_09_Yield_Jo,"MD_Paut,_24_A glo_Sc",Banik et al. 2009,2009,10.1080/10440040902834970,Journal of Sustainable Agriculture,Yield and Resource Utilization Efficiency in Baby CornLegume-Intercropping System in the Eastern Plateau of India,India,Southern Asia,"Indian Statistical Institute, Giridih",24.025,86.0542,Baby Corn,Baby Corn-Groundnut,Income,Net Return,EUR/ha,Intercropping,Intercropping (N fixing mixed),Monoculture,370.0,,6.0,375.0,,6.0,0.0134,,1.4,2.0
"MD_Paut,_24_A glo_Sc_102",JA_Bhard_21_Optim_Ag,"MD_Paut,_24_A glo_Sc",Bhardwaj et al. 2021,2021,10.1007/s10457-021-00600-2,Agroforest Syst,Optimization of onion planting time and variety under Populus deltoides-based agroforestry system in North-Western India,India,Southern Asia,"Punjab Agricultural University (PAU), Ludhiana.",30.9042,75.8064,Onion,Onion-Populus deltoides,Economic Performance,Benefit Cost Ratio (Unspecified),ratio,Agroforestry,Alleycropping + Agroforestry (low diversity) + Agroforestry (moderate shaded),Monoculture,1.92,,3.0,2.94,,3.0,0.4261,,53.1,2.0
"MD_Paut,_24_A glo_Sc_103",JA_Biswa_22_Agrof_Jo,"MD_Paut,_24_A glo_Sc",Biswas et al. 2022,2022,10.1016/j.jclepro.2022.132768,Journal of Cleaner Production,Agroforestry offers multiple ecosystem services in degraded lateritic soils,India,Southern Asia,"Regional Research Station, Jhargram, West Bengal",22.75,87.0167,Gmelina arborea,Gmelina arborea-Mango,Costs,Total Cost,USD/ha/yr,Agroforestry,Alleycropping + Agroforestry (low diversity) + Agroforestry (moderate shaded),Timber plantation,177.0,,3.0,364.0,,3.0,0.721,,105.6,10.0
"MD_Paut,_24_A glo_Sc_104",JA_Biswa_22_Agrof_Jo,"MD_Paut,_24_A glo_Sc",Biswas et al. 2022,2022,10.1016/j.jclepro.2022.132768,Journal of Cleaner Production,Agroforestry offers multiple ecosystem services in degraded lateritic soils,India,Southern Asia,"Regional Research Station, Jhargram, West Bengal",22.75,87.0167,Gmelina arborea,Gmelina arborea-Pigeon Pea,Costs,Total Cost,USD/ha/yr,Agroforestry,Alleycropping + Agroforestry (low diversity) + Agroforestry (moderate shaded),Timber plantation,177.0,,3.0,341.0,,3.0,0.6557,,92.7,10.0
"MD_Paut,_24_A glo_Sc_105",JA_Biswa_22_Agrof_Jo,"MD_Paut,_24_A glo_Sc",Biswas et al. 2022,2022,10.1016/j.jclepro.2022.132768,Journal of Cleaner Production,Agroforestry offers multiple ecosystem services in degraded lateritic soils,India,Southern Asia,"Regional Research Station, Jhargram, West Bengal",22.75,87.0167,Gmelina arborea,Gmelina arborea-Mango-Pigeon Pea,Costs,Total Cost,USD/ha/yr,Agroforestry,Alleycropping + Agroforestry (low diversity) + Agroforestry (moderate shaded),Timber plantation,177.0,,3.0,482.0,,3.0,1.0018,,172.3,10.0
"MD_Paut,_24_A glo_Sc_106",JA_Biswa_22_Agrof_Jo,"MD_Paut,_24_A glo_Sc",Biswas et al. 2022,2022,10.1016/j.jclepro.2022.132768,Journal of Cleaner Production,Agroforestry offers multiple ecosystem services in degraded lateritic soils,India,Southern Asia,"Regional Research Station, Jhargram, West Bengal",22.75,87.0167,Gmelina arborea,Gmelina arborea-Mango,Costs,Total Cost,USD/ha/yr,Agroforestry,Alleycropping + Agroforestry (low diversity) + Agroforestry (moderate shaded),Monoculture,253.0,,3.0,364.0,,3.0,0.3638,,43.9,10.0
"MD_Paut,_24_A glo_Sc_107",JA_Biswa_22_Agrof_Jo,"MD_Paut,_24_A glo_Sc",Biswas et al. 2022,2022,10.1016/j.jclepro.2022.132768,Journal of Cleaner Production,Agroforestry offers multiple ecosystem services in degraded lateritic soils,India,Southern Asia,"Regional Research Station, Jhargram, West Bengal",22.75,87.0167,Mango,Mango-Pigeon Pea,Costs,Total Cost,USD/ha/yr,Agroforestry,Alleycropping + Agroforestry (low diversity) + Agroforestry (moderate shaded),Monoculture,253.0,,3.0,417.0,,3.0,0.4997,,64.8,10.0
"MD_Paut,_24_A glo_Sc_108",JA_Biswa_22_Agrof_Jo,"MD_Paut,_24_A glo_Sc",Biswas et al. 2022,2022,10.1016/j.jclepro.2022.132768,Journal of Cleaner Production,Agroforestry offers multiple ecosystem services in degraded lateritic soils,India,Southern Asia,"Regional Research Station, Jhargram, West Bengal",22.75,87.0167,Gmelina arborea,Gmelina arborea-Mango-Pigeon Pea,Costs,Total Cost,USD/ha/yr,Agroforestry,Alleycropping + Agroforestry (low diversity) + Agroforestry (moderate shaded),Monoculture,253.0,,3.0,482.0,,3.0,0.6446,,90.5,10.0
"MD_Paut,_24_A glo_Sc_109",JA_Biswa_22_Agrof_Jo,"MD_Paut,_24_A glo_Sc",Biswas et al. 2022,2022,10.1016/j.jclepro.2022.132768,Journal of Cleaner Production,Agroforestry offers multiple ecosystem services in degraded lateritic soils,India,Southern Asia,"Regional Research Station, Jhargram, West Bengal",22.75,87.0167,Gmelina arborea,Gmelina arborea-Pigeon Pea,Costs,Total Cost,USD/ha/yr,Agroforestry,Alleycropping + Agroforestry (low diversity) + Agroforestry (moderate shaded),Monoculture,168.0,,3.0,341.0,,3.0,0.7079,,103.0,10.0
"MD_Paut,_24_A glo_Sc_110",JA_Biswa_22_Agrof_Jo,"MD_Paut,_24_A glo_Sc",Biswas et al. 2022,2022,10.1016/j.jclepro.2022.132768,Journal of Cleaner Production,Agroforestry offers multiple ecosystem services in degraded lateritic soils,India,Southern Asia,"Regional Research Station, Jhargram, West Bengal",22.75,87.0167,Mango,Mango-Pigeon Pea,Costs,Total Cost,USD/ha/yr,Agroforestry,Alleycropping + Agroforestry (low diversity) + Agroforestry (moderate shaded),Monoculture,168.0,,3.0,417.0,,3.0,0.9091,,148.2,10.0
"MD_Paut,_24_A glo_Sc_111",JA_Biswa_22_Agrof_Jo,"MD_Paut,_24_A glo_Sc",Biswas et al. 2022,2022,10.1016/j.jclepro.2022.132768,Journal of Cleaner Production,Agroforestry offers multiple ecosystem services in degraded lateritic soils,India,Southern Asia,"Regional Research Station, Jhargram, West Bengal",22.75,87.0167,Gmelina arborea,Gmelina arborea-Mango-Pigeon Pea,Costs,Total Cost,USD/ha/yr,Agroforestry,Alleycropping + Agroforestry (low diversity) + Agroforestry (moderate shaded),Monoculture,168.0,,3.0,482.0,,3.0,1.054,,186.9,10.0
"MD_Paut,_24_A glo_Sc_112",JA_Biswa_22_Agrof_Jo,"MD_Paut,_24_A glo_Sc",Biswas et al. 2022,2022,10.1016/j.jclepro.2022.132768,Journal of Cleaner Production,Agroforestry offers multiple ecosystem services in degraded lateritic soils,India,Southern Asia,"Regional Research Station, Jhargram, West Bengal",22.75,87.0167,Gmelina arborea,Gmelina arborea-Mango,Income,Net Return,USD/ha/yr,Agroforestry,Alleycropping + Agroforestry (low diversity) + Agroforestry (moderate shaded),Timber plantation,361.0,,3.0,746.0,,3.0,0.7258,,106.6,10.0
"MD_Paut,_24_A glo_Sc_113",JA_Biswa_22_Agrof_Jo,"MD_Paut,_24_A glo_Sc",Biswas et al. 2022,2022,10.1016/j.jclepro.2022.132768,Journal of Cleaner Production,Agroforestry offers multiple ecosystem services in degraded lateritic soils,India,Southern Asia,"Regional Research Station, Jhargram, West Bengal",22.75,87.0167,Gmelina arborea,Gmelina arborea-Pigeon Pea,Income,Net Return,USD/ha/yr,Agroforestry,Alleycropping + Agroforestry (low diversity) + Agroforestry (moderate shaded),Timber plantation,361.0,,3.0,575.0,,3.0,0.4655,,59.3,10.0
"MD_Paut,_24_A glo_Sc_114",JA_Biswa_22_Agrof_Jo,"MD_Paut,_24_A glo_Sc",Biswas et al. 2022,2022,10.1016/j.jclepro.2022.132768,Journal of Cleaner Production,Agroforestry offers multiple ecosystem services in degraded lateritic soils,India,Southern Asia,"Regional Research Station, Jhargram, West Bengal",22.75,87.0167,Gmelina arborea,Gmelina arborea-Mango-Pigeon Pea,Income,Net Return,USD/ha/yr,Agroforestry,Alleycropping + Agroforestry (low diversity) + Agroforestry (moderate shaded),Timber plantation,361.0,,3.0,983.0,,3.0,1.0017,,172.3,10.0
"MD_Paut,_24_A glo_Sc_115",JA_Biswa_22_Agrof_Jo,"MD_Paut,_24_A glo_Sc",Biswas et al. 2022,2022,10.1016/j.jclepro.2022.132768,Journal of Cleaner Production,Agroforestry offers multiple ecosystem services in degraded lateritic soils,India,Southern Asia,"Regional Research Station, Jhargram, West Bengal",22.75,87.0167,Gmelina arborea,Gmelina arborea-Mango,Income,Net Return,USD/ha/yr,Agroforestry,Alleycropping + Agroforestry (low diversity) + Agroforestry (moderate shaded),Monoculture,589.0,,3.0,746.0,,3.0,0.2363,,26.7,10.0
"MD_Paut,_24_A glo_Sc_116",JA_Biswa_22_Agrof_Jo,"MD_Paut,_24_A glo_Sc",Biswas et al. 2022,2022,10.1016/j.jclepro.2022.132768,Journal of Cleaner Production,Agroforestry offers multiple ecosystem services in degraded lateritic soils,India,Southern Asia,"Regional Research Station, Jhargram, West Bengal",22.75,87.0167,Mango,Mango-Pigeon Pea,Income,Net Return,USD/ha/yr,Agroforestry,Alleycropping + Agroforestry (low diversity) + Agroforestry (moderate shaded),Monoculture,589.0,,3.0,836.0,,3.0,0.3502,,41.9,10.0
"MD_Paut,_24_A glo_Sc_117",JA_Biswa_22_Agrof_Jo,"MD_Paut,_24_A glo_Sc",Biswas et al. 2022,2022,10.1016/j.jclepro.2022.132768,Journal of Cleaner Production,Agroforestry offers multiple ecosystem services in degraded lateritic soils,India,Southern Asia,"Regional Research Station, Jhargram, West Bengal",22.75,87.0167,Gmelina arborea,Gmelina arborea-Mango-Pigeon Pea,Income,Net Return,USD/ha/yr,Agroforestry,Alleycropping + Agroforestry (low diversity) + Agroforestry (moderate shaded),Monoculture,589.0,,3.0,983.0,,3.0,0.5122,,66.9,10.0
"MD_Paut,_24_A glo_Sc_118",JA_Biswa_22_Agrof_Jo,"MD_Paut,_24_A glo_Sc",Biswas et al. 2022,2022,10.1016/j.jclepro.2022.132768,Journal of Cleaner Production,Agroforestry offers multiple ecosystem services in degraded lateritic soils,India,Southern Asia,"Regional Research Station, Jhargram, West Bengal",22.75,87.0167,Gmelina arborea,Gmelina arborea-Pigeon Pea,Income,Net Return,USD/ha/yr,Agroforestry,Alleycropping + Agroforestry (low diversity) + Agroforestry (moderate shaded),Monoculture,369.0,,3.0,575.0,,3.0,0.4436,,55.8,10.0
"MD_Paut,_24_A glo_Sc_119",JA_Biswa_22_Agrof_Jo,"MD_Paut,_24_A glo_Sc",Biswas et al. 2022,2022,10.1016/j.jclepro.2022.132768,Journal of Cleaner Production,Agroforestry offers multiple ecosystem services in degraded lateritic soils,India,Southern Asia,"Regional Research Station, Jhargram, West Bengal",22.75,87.0167,Mango,Mango-Pigeon Pea,Income,Net Return,USD/ha/yr,Agroforestry,Alleycropping + Agroforestry (low diversity) + Agroforestry (moderate shaded),Monoculture,369.0,,3.0,836.0,,3.0,0.8178,,126.6,10.0
"MD_Paut,_24_A glo_Sc_120",JA_Biswa_22_Agrof_Jo,"MD_Paut,_24_A glo_Sc",Biswas et al. 2022,2022,10.1016/j.jclepro.2022.132768,Journal of Cleaner Production,Agroforestry offers multiple ecosystem services in degraded lateritic soils,India,Southern Asia,"Regional Research Station, Jhargram, West Bengal",22.75,87.0167,Gmelina arborea,Gmelina arborea-Mango-Pigeon Pea,Income,Net Return,USD/ha/yr,Agroforestry,Alleycropping + Agroforestry (low diversity) + Agroforestry (moderate shaded),Monoculture,369.0,,3.0,983.0,,3.0,0.9798,,166.4,10.0
"MD_Paut,_24_A glo_Sc_121",JA_Biswa_22_Agrof_Jo,"MD_Paut,_24_A glo_Sc",Biswas et al. 2022,2022,10.1016/j.jclepro.2022.132768,Journal of Cleaner Production,Agroforestry offers multiple ecosystem services in degraded lateritic soils,India,Southern Asia,"Regional Research Station, Jhargram, West Bengal",22.75,87.0167,Gmelina arborea,Gmelina arborea-Mango,Economic Performance,Net Present Value,USD/ha,Agroforestry,Alleycropping + Agroforestry (low diversity) + Agroforestry (moderate shaded),Timber plantation,546.4052,,3.0,1179.085,,3.0,0.7691,,115.8,10.0
"MD_Paut,_24_A glo_Sc_122",JA_Biswa_22_Agrof_Jo,"MD_Paut,_24_A glo_Sc",Biswas et al. 2022,2022,10.1016/j.jclepro.2022.132768,Journal of Cleaner Production,Agroforestry offers multiple ecosystem services in degraded lateritic soils,India,Southern Asia,"Regional Research Station, Jhargram, West Bengal",22.75,87.0167,Gmelina arborea,Gmelina arborea-Pigeon Pea,Economic Performance,Net Present Value,USD/ha,Agroforestry,Alleycropping + Agroforestry (low diversity) + Agroforestry (moderate shaded),Timber plantation,546.4052,,3.0,909.8039,,3.0,0.5099,,66.5,10.0
"MD_Paut,_24_A glo_Sc_123",JA_Biswa_22_Agrof_Jo,"MD_Paut,_24_A glo_Sc",Biswas et al. 2022,2022,10.1016/j.jclepro.2022.132768,Journal of Cleaner Production,Agroforestry offers multiple ecosystem services in degraded lateritic soils,India,Southern Asia,"Regional Research Station, Jhargram, West Bengal",22.75,87.0167,Gmelina arborea,Gmelina arborea-Mango-Pigeon Pea,Economic Performance,Net Present Value,USD/ha,Agroforestry,Alleycropping + Agroforestry (low diversity) + Agroforestry (moderate shaded),Timber plantation,546.4052,,3.0,1558.17,,3.0,1.0479,,185.2,10.0
"MD_Paut,_24_A glo_Sc_124",JA_Biswa_22_Agrof_Jo,"MD_Paut,_24_A glo_Sc",Biswas et al. 2022,2022,10.1016/j.jclepro.2022.132768,Journal of Cleaner Production,Agroforestry offers multiple ecosystem services in degraded lateritic soils,India,Southern Asia,"Regional Research Station, Jhargram, West Bengal",22.75,87.0167,Gmelina arborea,Gmelina arborea-Mango,Economic Performance,Net Present Value,USD/ha,Agroforestry,Alleycropping + Agroforestry (low diversity) + Agroforestry (moderate shaded),Monoculture,930.719,,3.0,1179.085,,3.0,0.2365,,26.7,10.0
"MD_Paut,_24_A glo_Sc_125",JA_Biswa_22_Agrof_Jo,"MD_Paut,_24_A glo_Sc",Biswas et al. 2022,2022,10.1016/j.jclepro.2022.132768,Journal of Cleaner Production,Agroforestry offers multiple ecosystem services in degraded lateritic soils,India,Southern Asia,"Regional Research Station, Jhargram, West Bengal",22.75,87.0167,Mango,Mango-Pigeon Pea,Economic Performance,Net Present Value,USD/ha,Agroforestry,Alleycropping + Agroforestry (low diversity) + Agroforestry (moderate shaded),Monoculture,930.719,,3.0,1328.105,,3.0,0.3556,,42.7,10.0
"MD_Paut,_24_A glo_Sc_126",JA_Biswa_22_Agrof_Jo,"MD_Paut,_24_A glo_Sc",Biswas et al. 2022,2022,10.1016/j.jclepro.2022.132768,Journal of Cleaner Production,Agroforestry offers multiple ecosystem services in degraded lateritic soils,India,Southern Asia,"Regional Research Station, Jhargram, West Bengal",22.75,87.0167,Gmelina arborea,Gmelina arborea-Mango-Pigeon Pea,Economic Performance,Net Present Value,USD/ha,Agroforestry,Alleycropping + Agroforestry (low diversity) + Agroforestry (moderate shaded),Monoculture,930.719,,3.0,1558.17,,3.0,0.5153,,67.4,10.0
"MD_Paut,_24_A glo_Sc_127",JA_Biswa_22_Agrof_Jo,"MD_Paut,_24_A glo_Sc",Biswas et al. 2022,2022,10.1016/j.jclepro.2022.132768,Journal of Cleaner Production,Agroforestry offers multiple ecosystem services in degraded lateritic soils,India,Southern Asia,"Regional Research Station, Jhargram, West Bengal",22.75,87.0167,Gmelina arborea,Gmelina arborea-Pigeon Pea,Economic Performance,Net Present Value,USD/ha,Agroforestry,Alleycropping + Agroforestry (low diversity) + Agroforestry (moderate shaded),Monoculture,585.6209,,3.0,909.8039,,3.0,0.4406,,55.4,10.0
"MD_Paut,_24_A glo_Sc_128",JA_Biswa_22_Agrof_Jo,"MD_Paut,_24_A glo_Sc",Biswas et al. 2022,2022,10.1016/j.jclepro.2022.132768,Journal of Cleaner Production,Agroforestry offers multiple ecosystem services in degraded lateritic soils,India,Southern Asia,"Regional Research Station, Jhargram, West Bengal",22.75,87.0167,Mango,Mango-Pigeon Pea,Economic Performance,Net Present Value,USD/ha,Agroforestry,Alleycropping + Agroforestry (low diversity) + Agroforestry (moderate shaded),Monoculture,585.6209,,3.0,1328.105,,3.0,0.8188,,126.8,10.0
"MD_Paut,_24_A glo_Sc_129",JA_Biswa_22_Agrof_Jo,"MD_Paut,_24_A glo_Sc",Biswas et al. 2022,2022,10.1016/j.jclepro.2022.132768,Journal of Cleaner Production,Agroforestry offers multiple ecosystem services in degraded lateritic soils,India,Southern Asia,"Regional Research Station, Jhargram, West Bengal",22.75,87.0167,Gmelina arborea,Gmelina arborea-Mango-Pigeon Pea,Economic Performance,Net Present Value,USD/ha,Agroforestry,Alleycropping + Agroforestry (low diversity) + Agroforestry (moderate shaded),Monoculture,585.6209,,3.0,1558.17,,3.0,0.9786,,166.1,10.0
"MD_Paut,_24_A glo_Sc_130",JA_Choud_14_Produ_Pl,"MD_Paut,_24_A glo_Sc",Choudhary et al. 2014,2014,10.1626/pps.17.342,Plant Production Science,"Productivity, weed dynamics, nutrient mining, and monetary advantage of maize-legume intercropping in the eastern himalayan region of india",India,Southern Asia,"Research Farm of the Indian Council of Agricultural Research, Research Complex for North East Hilly Region, Basar, Arunachal Pradesh",27.9802,94.6912,Maize,Maize-Cowpea,Costs,Total Cost,USD/ha,Intercropping,Intercropping (N fixing mixed),Monoculture,288.0,,3.0,286.0,,3.0,-0.007,,-0.7,2.0
"MD_Paut,_24_A glo_Sc_131",JA_Choud_14_Produ_Pl,"MD_Paut,_24_A glo_Sc",Choudhary et al. 2014,2014,10.1626/pps.17.342,Plant Production Science,"Productivity, weed dynamics, nutrient mining, and monetary advantage of maize-legume intercropping in the eastern himalayan region of india",India,Southern Asia,"Research Farm of the Indian Council of Agricultural Research, Research Complex for North East Hilly Region, Basar, Arunachal Pradesh",27.9802,94.6912,Maize,Maize-Cowpea,Costs,Total Cost,USD/ha,Intercropping,Intercropping (N fixing mixed),Monoculture,288.0,,3.0,312.0,,3.0,0.08,,8.3,2.0
"MD_Paut,_24_A glo_Sc_132",JA_Choud_14_Produ_Pl,"MD_Paut,_24_A glo_Sc",Choudhary et al. 2014,2014,10.1626/pps.17.342,Plant Production Science,"Productivity, weed dynamics, nutrient mining, and monetary advantage of maize-legume intercropping in the eastern himalayan region of india",India,Southern Asia,"Research Farm of the Indian Council of Agricultural Research, Research Complex for North East Hilly Region, Basar, Arunachal Pradesh",27.9802,94.6912,Maize,Maize-Cowpea,Costs,Total Cost,USD/ha,Intercropping,Intercropping (N fixing mixed),Monoculture,288.0,,3.0,286.0,,3.0,-0.007,,-0.7,2.0
"MD_Paut,_24_A glo_Sc_133",JA_Choud_14_Produ_Pl,"MD_Paut,_24_A glo_Sc",Choudhary et al. 2014,2014,10.1626/pps.17.342,Plant Production Science,"Productivity, weed dynamics, nutrient mining, and monetary advantage of maize-legume intercropping in the eastern himalayan region of india",India,Southern Asia,"Research Farm of the Indian Council of Agricultural Research, Research Complex for North East Hilly Region, Basar, Arunachal Pradesh",27.9802,94.6912,Maize,Maize-Common Bean,Costs,Total Cost,USD/ha,Intercropping,Intercropping (N fixing mixed),Monoculture,288.0,,3.0,272.0,,3.0,-0.0572,,-5.6,2.0
"MD_Paut,_24_A glo_Sc_134",JA_Choud_14_Produ_Pl,"MD_Paut,_24_A glo_Sc",Choudhary et al. 2014,2014,10.1626/pps.17.342,Plant Production Science,"Productivity, weed dynamics, nutrient mining, and monetary advantage of maize-legume intercropping in the eastern himalayan region of india",India,Southern Asia,"Research Farm of the Indian Council of Agricultural Research, Research Complex for North East Hilly Region, Basar, Arunachal Pradesh",27.9802,94.6912,Maize,Maize-Common Bean,Costs,Total Cost,USD/ha,Intercropping,Intercropping (N fixing mixed),Monoculture,288.0,,3.0,280.0,,3.0,-0.0282,,-2.8,2.0
"MD_Paut,_24_A glo_Sc_135",JA_Choud_14_Produ_Pl,"MD_Paut,_24_A glo_Sc",Choudhary et al. 2014,2014,10.1626/pps.17.342,Plant Production Science,"Productivity, weed dynamics, nutrient mining, and monetary advantage of maize-legume intercropping in the eastern himalayan region of india",India,Southern Asia,"Research Farm of the Indian Council of Agricultural Research, Research Complex for North East Hilly Region, Basar, Arunachal Pradesh",27.9802,94.6912,Maize,Maize-Common Bean,Costs,Total Cost,USD/ha,Intercropping,Intercropping (N fixing mixed),Monoculture,288.0,,3.0,284.0,,3.0,-0.014,,-1.4,2.0
"MD_Paut,_24_A glo_Sc_136",JA_Choud_14_Produ_Pl,"MD_Paut,_24_A glo_Sc",Choudhary et al. 2014,2014,10.1626/pps.17.342,Plant Production Science,"Productivity, weed dynamics, nutrient mining, and monetary advantage of maize-legume intercropping in the eastern himalayan region of india",India,Southern Asia,"Research Farm of the Indian Council of Agricultural Research, Research Complex for North East Hilly Region, Basar, Arunachal Pradesh",27.9802,94.6912,Maize,Maize-Black Gram,Costs,Total Cost,USD/ha,Intercropping,Intercropping (N fixing mixed),Monoculture,288.0,,3.0,253.0,,3.0,-0.1296,,-12.2,2.0
"MD_Paut,_24_A glo_Sc_137",JA_Choud_14_Produ_Pl,"MD_Paut,_24_A glo_Sc",Choudhary et al. 2014,2014,10.1626/pps.17.342,Plant Production Science,"Productivity, weed dynamics, nutrient mining, and monetary advantage of maize-legume intercropping in the eastern himalayan region of india",India,Southern Asia,"Research Farm of the Indian Council of Agricultural Research, Research Complex for North East Hilly Region, Basar, Arunachal Pradesh",27.9802,94.6912,Maize,Maize-Black Gram,Costs,Total Cost,USD/ha,Intercropping,Intercropping (N fixing mixed),Monoculture,288.0,,3.0,256.0,,3.0,-0.1178,,-11.1,2.0
"MD_Paut,_24_A glo_Sc_138",JA_Choud_14_Produ_Pl,"MD_Paut,_24_A glo_Sc",Choudhary et al. 2014,2014,10.1626/pps.17.342,Plant Production Science,"Productivity, weed dynamics, nutrient mining, and monetary advantage of maize-legume intercropping in the eastern himalayan region of india",India,Southern Asia,"Research Farm of the Indian Council of Agricultural Research, Research Complex for North East Hilly Region, Basar, Arunachal Pradesh",27.9802,94.6912,Maize,Maize-Black Gram,Costs,Total Cost,USD/ha,Intercropping,Intercropping (N fixing mixed),Monoculture,288.0,,3.0,256.0,,3.0,-0.1178,,-11.1,2.0
"MD_Paut,_24_A glo_Sc_139",JA_Choud_14_Produ_Pl,"MD_Paut,_24_A glo_Sc",Choudhary et al. 2014,2014,10.1626/pps.17.342,Plant Production Science,"Productivity, weed dynamics, nutrient mining, and monetary advantage of maize-legume intercropping in the eastern himalayan region of india",India,Southern Asia,"Research Farm of the Indian Council of Agricultural Research, Research Complex for North East Hilly Region, Basar, Arunachal Pradesh",27.9802,94.6912,Maize,Maize-Cowpea,Costs,Total Cost,USD/ha,Intercropping,Intercropping (N fixing mixed),Monoculture,242.0,,3.0,286.0,,3.0,0.1671,,18.2,2.0
"MD_Paut,_24_A glo_Sc_140",JA_Choud_14_Produ_Pl,"MD_Paut,_24_A glo_Sc",Choudhary et al. 2014,2014,10.1626/pps.17.342,Plant Production Science,"Productivity, weed dynamics, nutrient mining, and monetary advantage of maize-legume intercropping in the eastern himalayan region of india",India,Southern Asia,"Research Farm of the Indian Council of Agricultural Research, Research Complex for North East Hilly Region, Basar, Arunachal Pradesh",27.9802,94.6912,Maize,Maize-Cowpea,Costs,Total Cost,USD/ha,Intercropping,Intercropping (N fixing mixed),Monoculture,242.0,,3.0,312.0,,3.0,0.2541,,28.9,2.0
"MD_Paut,_24_A glo_Sc_141",JA_Choud_14_Produ_Pl,"MD_Paut,_24_A glo_Sc",Choudhary et al. 2014,2014,10.1626/pps.17.342,Plant Production Science,"Productivity, weed dynamics, nutrient mining, and monetary advantage of maize-legume intercropping in the eastern himalayan region of india",India,Southern Asia,"Research Farm of the Indian Council of Agricultural Research, Research Complex for North East Hilly Region, Basar, Arunachal Pradesh",27.9802,94.6912,Maize,Maize-Cowpea,Costs,Total Cost,USD/ha,Intercropping,Intercropping (N fixing mixed),Monoculture,242.0,,3.0,286.0,,3.0,0.1671,,18.2,2.0
"MD_Paut,_24_A glo_Sc_142",JA_Choud_14_Produ_Pl,"MD_Paut,_24_A glo_Sc",Choudhary et al. 2014,2014,10.1626/pps.17.342,Plant Production Science,"Productivity, weed dynamics, nutrient mining, and monetary advantage of maize-legume intercropping in the eastern himalayan region of india",India,Southern Asia,"Research Farm of the Indian Council of Agricultural Research, Research Complex for North East Hilly Region, Basar, Arunachal Pradesh",27.9802,94.6912,Maize,Maize-Common Bean,Costs,Total Cost,USD/ha,Intercropping,Intercropping (N fixing mixed),Monoculture,252.0,,3.0,272.0,,3.0,0.0764,,7.9,2.0
"MD_Paut,_24_A glo_Sc_143",JA_Choud_14_Produ_Pl,"MD_Paut,_24_A glo_Sc",Choudhary et al. 2014,2014,10.1626/pps.17.342,Plant Production Science,"Productivity, weed dynamics, nutrient mining, and monetary advantage of maize-legume intercropping in the eastern himalayan region of india",India,Southern Asia,"Research Farm of the Indian Council of Agricultural Research, Research Complex for North East Hilly Region, Basar, Arunachal Pradesh",27.9802,94.6912,Maize,Maize-Common Bean,Costs,Total Cost,USD/ha,Intercropping,Intercropping (N fixing mixed),Monoculture,252.0,,3.0,280.0,,3.0,0.1054,,11.1,2.0
"MD_Paut,_24_A glo_Sc_144",JA_Choud_14_Produ_Pl,"MD_Paut,_24_A glo_Sc",Choudhary et al. 2014,2014,10.1626/pps.17.342,Plant Production Science,"Productivity, weed dynamics, nutrient mining, and monetary advantage of maize-legume intercropping in the eastern himalayan region of india",India,Southern Asia,"Research Farm of the Indian Council of Agricultural Research, Research Complex for North East Hilly Region, Basar, Arunachal Pradesh",27.9802,94.6912,Maize,Maize-Common Bean,Costs,Total Cost,USD/ha,Intercropping,Intercropping (N fixing mixed),Monoculture,252.0,,3.0,284.0,,3.0,0.1195,,12.7,2.0
"MD_Paut,_24_A glo_Sc_145",JA_Choud_14_Produ_Pl,"MD_Paut,_24_A glo_Sc",Choudhary et al. 2014,2014,10.1626/pps.17.342,Plant Production Science,"Productivity, weed dynamics, nutrient mining, and monetary advantage of maize-legume intercropping in the eastern himalayan region of india",India,Southern Asia,"Research Farm of the Indian Council of Agricultural Research, Research Complex for North East Hilly Region, Basar, Arunachal Pradesh",27.9802,94.6912,Maize,Maize-Black Gram,Costs,Total Cost,USD/ha,Intercropping,Intercropping (N fixing mixed),Monoculture,228.0,,3.0,253.0,,3.0,0.104,,11.0,2.0
"MD_Paut,_24_A glo_Sc_146",JA_Choud_14_Produ_Pl,"MD_Paut,_24_A glo_Sc",Choudhary et al. 2014,2014,10.1626/pps.17.342,Plant Production Science,"Productivity, weed dynamics, nutrient mining, and monetary advantage of maize-legume intercropping in the eastern himalayan region of india",India,Southern Asia,"Research Farm of the Indian Council of Agricultural Research, Research Complex for North East Hilly Region, Basar, Arunachal Pradesh",27.9802,94.6912,Maize,Maize-Black Gram,Costs,Total Cost,USD/ha,Intercropping,Intercropping (N fixing mixed),Monoculture,228.0,,3.0,256.0,,3.0,0.1158,,12.3,2.0
"MD_Paut,_24_A glo_Sc_147",JA_Choud_14_Produ_Pl,"MD_Paut,_24_A glo_Sc",Choudhary et al. 2014,2014,10.1626/pps.17.342,Plant Production Science,"Productivity, weed dynamics, nutrient mining, and monetary advantage of maize-legume intercropping in the eastern himalayan region of india",India,Southern Asia,"Research Farm of the Indian Council of Agricultural Research, Research Complex for North East Hilly Region, Basar, Arunachal Pradesh",27.9802,94.6912,Maize,Maize-Black Gram,Costs,Total Cost,USD/ha,Intercropping,Intercropping (N fixing mixed),Monoculture,228.0,,3.0,256.0,,3.0,0.1158,,12.3,2.0
"MD_Paut,_24_A glo_Sc_148",JA_Choud_14_Produ_Pl,"MD_Paut,_24_A glo_Sc",Choudhary et al. 2014,2014,10.1626/pps.17.342,Plant Production Science,"Productivity, weed dynamics, nutrient mining, and monetary advantage of maize-legume intercropping in the eastern himalayan region of india",India,Southern Asia,"Research Farm of the Indian Council of Agricultural Research, Research Complex for North East Hilly Region, Basar, Arunachal Pradesh",27.9802,94.6912,Maize,Maize-Cowpea,Costs,Total Cost,USD/ha,Intercropping,Intercropping (N fixing mixed),Monoculture,292.0,,3.0,276.0,,3.0,-0.0564,,-5.5,2.0
"MD_Paut,_24_A glo_Sc_149",JA_Choud_14_Produ_Pl,"MD_Paut,_24_A glo_Sc",Choudhary et al. 2014,2014,10.1626/pps.17.342,Plant Production Science,"Productivity, weed dynamics, nutrient mining, and monetary advantage of maize-legume intercropping in the eastern himalayan region of india",India,Southern Asia,"Research Farm of the Indian Council of Agricultural Research, Research Complex for North East Hilly Region, Basar, Arunachal Pradesh",27.9802,94.6912,Maize,Maize-Cowpea,Costs,Total Cost,USD/ha,Intercropping,Intercropping (N fixing mixed),Monoculture,292.0,,3.0,306.0,,3.0,0.0468,,4.8,2.0
"MD_Paut,_24_A glo_Sc_150",JA_Choud_14_Produ_Pl,"MD_Paut,_24_A glo_Sc",Choudhary et al. 2014,2014,10.1626/pps.17.342,Plant Production Science,"Productivity, weed dynamics, nutrient mining, and monetary advantage of maize-legume intercropping in the eastern himalayan region of india",India,Southern Asia,"Research Farm of the Indian Council of Agricultural Research, Research Complex for North East Hilly Region, Basar, Arunachal Pradesh",27.9802,94.6912,Maize,Maize-Cowpea,Costs,Total Cost,USD/ha,Intercropping,Intercropping (N fixing mixed),Monoculture,292.0,,3.0,286.0,,3.0,-0.0208,,-2.1,2.0
"MD_Paut,_24_A glo_Sc_151",JA_Choud_14_Produ_Pl,"MD_Paut,_24_A glo_Sc",Choudhary et al. 2014,2014,10.1626/pps.17.342,Plant Production Science,"Productivity, weed dynamics, nutrient mining, and monetary advantage of maize-legume intercropping in the eastern himalayan region of india",India,Southern Asia,"Research Farm of the Indian Council of Agricultural Research, Research Complex for North East Hilly Region, Basar, Arunachal Pradesh",27.9802,94.6912,Maize,Maize-Common Bean,Costs,Total Cost,USD/ha,Intercropping,Intercropping (N fixing mixed),Monoculture,292.0,,3.0,270.0,,3.0,-0.0783,,-7.5,2.0
"MD_Paut,_24_A glo_Sc_152",JA_Choud_14_Produ_Pl,"MD_Paut,_24_A glo_Sc",Choudhary et al. 2014,2014,10.1626/pps.17.342,Plant Production Science,"Productivity, weed dynamics, nutrient mining, and monetary advantage of maize-legume intercropping in the eastern himalayan region of india",India,Southern Asia,"Research Farm of the Indian Council of Agricultural Research, Research Complex for North East Hilly Region, Basar, Arunachal Pradesh",27.9802,94.6912,Maize,Maize-Common Bean,Costs,Total Cost,USD/ha,Intercropping,Intercropping (N fixing mixed),Monoculture,292.0,,3.0,278.0,,3.0,-0.0491,,-4.8,2.0
"MD_Paut,_24_A glo_Sc_153",JA_Choud_14_Produ_Pl,"MD_Paut,_24_A glo_Sc",Choudhary et al. 2014,2014,10.1626/pps.17.342,Plant Production Science,"Productivity, weed dynamics, nutrient mining, and monetary advantage of maize-legume intercropping in the eastern himalayan region of india",India,Southern Asia,"Research Farm of the Indian Council of Agricultural Research, Research Complex for North East Hilly Region, Basar, Arunachal Pradesh",27.9802,94.6912,Maize,Maize-Common Bean,Costs,Total Cost,USD/ha,Intercropping,Intercropping (N fixing mixed),Monoculture,292.0,,3.0,282.0,,3.0,-0.0348,,-3.4,2.0
"MD_Paut,_24_A glo_Sc_154",JA_Choud_14_Produ_Pl,"MD_Paut,_24_A glo_Sc",Choudhary et al. 2014,2014,10.1626/pps.17.342,Plant Production Science,"Productivity, weed dynamics, nutrient mining, and monetary advantage of maize-legume intercropping in the eastern himalayan region of india",India,Southern Asia,"Research Farm of the Indian Council of Agricultural Research, Research Complex for North East Hilly Region, Basar, Arunachal Pradesh",27.9802,94.6912,Maize,Maize-Black Gram,Costs,Total Cost,USD/ha,Intercropping,Intercropping (N fixing mixed),Monoculture,292.0,,3.0,254.0,,3.0,-0.1394,,-13.0,2.0
"MD_Paut,_24_A glo_Sc_155",JA_Choud_14_Produ_Pl,"MD_Paut,_24_A glo_Sc",Choudhary et al. 2014,2014,10.1626/pps.17.342,Plant Production Science,"Productivity, weed dynamics, nutrient mining, and monetary advantage of maize-legume intercropping in the eastern himalayan region of india",India,Southern Asia,"Research Farm of the Indian Council of Agricultural Research, Research Complex for North East Hilly Region, Basar, Arunachal Pradesh",27.9802,94.6912,Maize,Maize-Black Gram,Costs,Total Cost,USD/ha,Intercropping,Intercropping (N fixing mixed),Monoculture,292.0,,3.0,256.0,,3.0,-0.1316,,-12.3,2.0
"MD_Paut,_24_A glo_Sc_156",JA_Choud_14_Produ_Pl,"MD_Paut,_24_A glo_Sc",Choudhary et al. 2014,2014,10.1626/pps.17.342,Plant Production Science,"Productivity, weed dynamics, nutrient mining, and monetary advantage of maize-legume intercropping in the eastern himalayan region of india",India,Southern Asia,"Research Farm of the Indian Council of Agricultural Research, Research Complex for North East Hilly Region, Basar, Arunachal Pradesh",27.9802,94.6912,Maize,Maize-Black Gram,Costs,Total Cost,USD/ha,Intercropping,Intercropping (N fixing mixed),Monoculture,292.0,,3.0,248.0,,3.0,-0.1633,,-15.1,2.0
"MD_Paut,_24_A glo_Sc_157",JA_Choud_14_Produ_Pl,"MD_Paut,_24_A glo_Sc",Choudhary et al. 2014,2014,10.1626/pps.17.342,Plant Production Science,"Productivity, weed dynamics, nutrient mining, and monetary advantage of maize-legume intercropping in the eastern himalayan region of india",India,Southern Asia,"Research Farm of the Indian Council of Agricultural Research, Research Complex for North East Hilly Region, Basar, Arunachal Pradesh",27.9802,94.6912,Maize,Maize-Cowpea,Costs,Total Cost,USD/ha,Intercropping,Intercropping (N fixing mixed),Monoculture,240.0,,3.0,276.0,,3.0,0.1398,,15.0,2.0
"MD_Paut,_24_A glo_Sc_158",JA_Choud_14_Produ_Pl,"MD_Paut,_24_A glo_Sc",Choudhary et al. 2014,2014,10.1626/pps.17.342,Plant Production Science,"Productivity, weed dynamics, nutrient mining, and monetary advantage of maize-legume intercropping in the eastern himalayan region of india",India,Southern Asia,"Research Farm of the Indian Council of Agricultural Research, Research Complex for North East Hilly Region, Basar, Arunachal Pradesh",27.9802,94.6912,Maize,Maize-Cowpea,Costs,Total Cost,USD/ha,Intercropping,Intercropping (N fixing mixed),Monoculture,240.0,,3.0,306.0,,3.0,0.2429,,27.5,2.0
"MD_Paut,_24_A glo_Sc_159",JA_Choud_14_Produ_Pl,"MD_Paut,_24_A glo_Sc",Choudhary et al. 2014,2014,10.1626/pps.17.342,Plant Production Science,"Productivity, weed dynamics, nutrient mining, and monetary advantage of maize-legume intercropping in the eastern himalayan region of india",India,Southern Asia,"Research Farm of the Indian Council of Agricultural Research, Research Complex for North East Hilly Region, Basar, Arunachal Pradesh",27.9802,94.6912,Maize,Maize-Cowpea,Costs,Total Cost,USD/ha,Intercropping,Intercropping (N fixing mixed),Monoculture,240.0,,3.0,286.0,,3.0,0.1754,,19.2,2.0
"MD_Paut,_24_A glo_Sc_160",JA_Choud_14_Produ_Pl,"MD_Paut,_24_A glo_Sc",Choudhary et al. 2014,2014,10.1626/pps.17.342,Plant Production Science,"Productivity, weed dynamics, nutrient mining, and monetary advantage of maize-legume intercropping in the eastern himalayan region of india",India,Southern Asia,"Research Farm of the Indian Council of Agricultural Research, Research Complex for North East Hilly Region, Basar, Arunachal Pradesh",27.9802,94.6912,Maize,Maize-Common Bean,Costs,Total Cost,USD/ha,Intercropping,Intercropping (N fixing mixed),Monoculture,252.0,,3.0,270.0,,3.0,0.069,,7.1,2.0
"MD_Paut,_24_A glo_Sc_161",JA_Choud_14_Produ_Pl,"MD_Paut,_24_A glo_Sc",Choudhary et al. 2014,2014,10.1626/pps.17.342,Plant Production Science,"Productivity, weed dynamics, nutrient mining, and monetary advantage of maize-legume intercropping in the eastern himalayan region of india",India,Southern Asia,"Research Farm of the Indian Council of Agricultural Research, Research Complex for North East Hilly Region, Basar, Arunachal Pradesh",27.9802,94.6912,Maize,Maize-Common Bean,Costs,Total Cost,USD/ha,Intercropping,Intercropping (N fixing mixed),Monoculture,252.0,,3.0,278.0,,3.0,0.0982,,10.3,2.0
"MD_Paut,_24_A glo_Sc_162",JA_Choud_14_Produ_Pl,"MD_Paut,_24_A glo_Sc",Choudhary et al. 2014,2014,10.1626/pps.17.342,Plant Production Science,"Productivity, weed dynamics, nutrient mining, and monetary advantage of maize-legume intercropping in the eastern himalayan region of india",India,Southern Asia,"Research Farm of the Indian Council of Agricultural Research, Research Complex for North East Hilly Region, Basar, Arunachal Pradesh",27.9802,94.6912,Maize,Maize-Common Bean,Costs,Total Cost,USD/ha,Intercropping,Intercropping (N fixing mixed),Monoculture,252.0,,3.0,282.0,,3.0,0.1125,,11.9,2.0
"MD_Paut,_24_A glo_Sc_163",JA_Choud_14_Produ_Pl,"MD_Paut,_24_A glo_Sc",Choudhary et al. 2014,2014,10.1626/pps.17.342,Plant Production Science,"Productivity, weed dynamics, nutrient mining, and monetary advantage of maize-legume intercropping in the eastern himalayan region of india",India,Southern Asia,"Research Farm of the Indian Council of Agricultural Research, Research Complex for North East Hilly Region, Basar, Arunachal Pradesh",27.9802,94.6912,Maize,Maize-Black Gram,Costs,Total Cost,USD/ha,Intercropping,Intercropping (N fixing mixed),Monoculture,214.0,,3.0,254.0,,3.0,0.1714,,18.7,2.0
"MD_Paut,_24_A glo_Sc_164",JA_Choud_14_Produ_Pl,"MD_Paut,_24_A glo_Sc",Choudhary et al. 2014,2014,10.1626/pps.17.342,Plant Production Science,"Productivity, weed dynamics, nutrient mining, and monetary advantage of maize-legume intercropping in the eastern himalayan region of india",India,Southern Asia,"Research Farm of the Indian Council of Agricultural Research, Research Complex for North East Hilly Region, Basar, Arunachal Pradesh",27.9802,94.6912,Maize,Maize-Black Gram,Costs,Total Cost,USD/ha,Intercropping,Intercropping (N fixing mixed),Monoculture,214.0,,3.0,256.0,,3.0,0.1792,,19.6,2.0
"MD_Paut,_24_A glo_Sc_165",JA_Choud_14_Produ_Pl,"MD_Paut,_24_A glo_Sc",Choudhary et al. 2014,2014,10.1626/pps.17.342,Plant Production Science,"Productivity, weed dynamics, nutrient mining, and monetary advantage of maize-legume intercropping in the eastern himalayan region of india",India,Southern Asia,"Research Farm of the Indian Council of Agricultural Research, Research Complex for North East Hilly Region, Basar, Arunachal Pradesh",27.9802,94.6912,Maize,Maize-Black Gram,Costs,Total Cost,USD/ha,Intercropping,Intercropping (N fixing mixed),Monoculture,214.0,,3.0,248.0,,3.0,0.1475,,15.9,2.0
"MD_Paut,_24_A glo_Sc_166",JA_Choud_14_Produ_Pl,"MD_Paut,_24_A glo_Sc",Choudhary et al. 2014,2014,10.1626/pps.17.342,Plant Production Science,"Productivity, weed dynamics, nutrient mining, and monetary advantage of maize-legume intercropping in the eastern himalayan region of india",India,Southern Asia,"Research Farm of the Indian Council of Agricultural Research, Research Complex for North East Hilly Region, Basar, Arunachal Pradesh",27.9802,94.6912,Maize,Maize-Cowpea,Income,Net Return,USD/ha,Intercropping,Intercropping (N fixing mixed),Monoculture,516.0,,3.0,757.0,,3.0,0.3833,,46.7,2.0
"MD_Paut,_24_A glo_Sc_167",JA_Choud_14_Produ_Pl,"MD_Paut,_24_A glo_Sc",Choudhary et al. 2014,2014,10.1626/pps.17.342,Plant Production Science,"Productivity, weed dynamics, nutrient mining, and monetary advantage of maize-legume intercropping in the eastern himalayan region of india",India,Southern Asia,"Research Farm of the Indian Council of Agricultural Research, Research Complex for North East Hilly Region, Basar, Arunachal Pradesh",27.9802,94.6912,Maize,Maize-Cowpea,Income,Net Return,USD/ha,Intercropping,Intercropping (N fixing mixed),Monoculture,516.0,,3.0,861.0,,3.0,0.512,,66.9,2.0
"MD_Paut,_24_A glo_Sc_168",JA_Choud_14_Produ_Pl,"MD_Paut,_24_A glo_Sc",Choudhary et al. 2014,2014,10.1626/pps.17.342,Plant Production Science,"Productivity, weed dynamics, nutrient mining, and monetary advantage of maize-legume intercropping in the eastern himalayan region of india",India,Southern Asia,"Research Farm of the Indian Council of Agricultural Research, Research Complex for North East Hilly Region, Basar, Arunachal Pradesh",27.9802,94.6912,Maize,Maize-Cowpea,Income,Net Return,USD/ha,Intercropping,Intercropping (N fixing mixed),Monoculture,516.0,,3.0,991.0,,3.0,0.6526,,92.1,2.0
"MD_Paut,_24_A glo_Sc_169",JA_Choud_14_Produ_Pl,"MD_Paut,_24_A glo_Sc",Choudhary et al. 2014,2014,10.1626/pps.17.342,Plant Production Science,"Productivity, weed dynamics, nutrient mining, and monetary advantage of maize-legume intercropping in the eastern himalayan region of india",India,Southern Asia,"Research Farm of the Indian Council of Agricultural Research, Research Complex for North East Hilly Region, Basar, Arunachal Pradesh",27.9802,94.6912,Maize,Maize-Common Bean,Income,Net Return,USD/ha,Intercropping,Intercropping (N fixing mixed),Monoculture,516.0,,3.0,654.0,,3.0,0.237,,26.7,2.0
"MD_Paut,_24_A glo_Sc_170",JA_Choud_14_Produ_Pl,"MD_Paut,_24_A glo_Sc",Choudhary et al. 2014,2014,10.1626/pps.17.342,Plant Production Science,"Productivity, weed dynamics, nutrient mining, and monetary advantage of maize-legume intercropping in the eastern himalayan region of india",India,Southern Asia,"Research Farm of the Indian Council of Agricultural Research, Research Complex for North East Hilly Region, Basar, Arunachal Pradesh",27.9802,94.6912,Maize,Maize-Common Bean,Income,Net Return,USD/ha,Intercropping,Intercropping (N fixing mixed),Monoculture,516.0,,3.0,696.0,,3.0,0.2992,,34.9,2.0
"MD_Paut,_24_A glo_Sc_171",JA_Choud_14_Produ_Pl,"MD_Paut,_24_A glo_Sc",Choudhary et al. 2014,2014,10.1626/pps.17.342,Plant Production Science,"Productivity, weed dynamics, nutrient mining, and monetary advantage of maize-legume intercropping in the eastern himalayan region of india",India,Southern Asia,"Research Farm of the Indian Council of Agricultural Research, Research Complex for North East Hilly Region, Basar, Arunachal Pradesh",27.9802,94.6912,Maize,Maize-Common Bean,Income,Net Return,USD/ha,Intercropping,Intercropping (N fixing mixed),Monoculture,516.0,,3.0,695.0,,3.0,0.2978,,34.7,2.0
"MD_Paut,_24_A glo_Sc_172",JA_Choud_14_Produ_Pl,"MD_Paut,_24_A glo_Sc",Choudhary et al. 2014,2014,10.1626/pps.17.342,Plant Production Science,"Productivity, weed dynamics, nutrient mining, and monetary advantage of maize-legume intercropping in the eastern himalayan region of india",India,Southern Asia,"Research Farm of the Indian Council of Agricultural Research, Research Complex for North East Hilly Region, Basar, Arunachal Pradesh",27.9802,94.6912,Maize,Maize-Black Gram,Income,Net Return,USD/ha,Intercropping,Intercropping (N fixing mixed),Monoculture,516.0,,3.0,689.0,,3.0,0.2891,,33.5,2.0
"MD_Paut,_24_A glo_Sc_173",JA_Choud_14_Produ_Pl,"MD_Paut,_24_A glo_Sc",Choudhary et al. 2014,2014,10.1626/pps.17.342,Plant Production Science,"Productivity, weed dynamics, nutrient mining, and monetary advantage of maize-legume intercropping in the eastern himalayan region of india",India,Southern Asia,"Research Farm of the Indian Council of Agricultural Research, Research Complex for North East Hilly Region, Basar, Arunachal Pradesh",27.9802,94.6912,Maize,Maize-Black Gram,Income,Net Return,USD/ha,Intercropping,Intercropping (N fixing mixed),Monoculture,516.0,,3.0,714.0,,3.0,0.3248,,38.4,2.0
"MD_Paut,_24_A glo_Sc_174",JA_Choud_14_Produ_Pl,"MD_Paut,_24_A glo_Sc",Choudhary et al. 2014,2014,10.1626/pps.17.342,Plant Production Science,"Productivity, weed dynamics, nutrient mining, and monetary advantage of maize-legume intercropping in the eastern himalayan region of india",India,Southern Asia,"Research Farm of the Indian Council of Agricultural Research, Research Complex for North East Hilly Region, Basar, Arunachal Pradesh",27.9802,94.6912,Maize,Maize-Black Gram,Income,Net Return,USD/ha,Intercropping,Intercropping (N fixing mixed),Monoculture,516.0,,3.0,684.0,,3.0,0.2819,,32.6,2.0
"MD_Paut,_24_A glo_Sc_175",JA_Choud_14_Produ_Pl,"MD_Paut,_24_A glo_Sc",Choudhary et al. 2014,2014,10.1626/pps.17.342,Plant Production Science,"Productivity, weed dynamics, nutrient mining, and monetary advantage of maize-legume intercropping in the eastern himalayan region of india",India,Southern Asia,"Research Farm of the Indian Council of Agricultural Research, Research Complex for North East Hilly Region, Basar, Arunachal Pradesh",27.9802,94.6912,Maize,Maize-Cowpea,Income,Net Return,USD/ha,Intercropping,Intercropping (N fixing mixed),Monoculture,804.0,,3.0,757.0,,3.0,-0.0602,,-5.8,2.0
"MD_Paut,_24_A glo_Sc_176",JA_Choud_14_Produ_Pl,"MD_Paut,_24_A glo_Sc",Choudhary et al. 2014,2014,10.1626/pps.17.342,Plant Production Science,"Productivity, weed dynamics, nutrient mining, and monetary advantage of maize-legume intercropping in the eastern himalayan region of india",India,Southern Asia,"Research Farm of the Indian Council of Agricultural Research, Research Complex for North East Hilly Region, Basar, Arunachal Pradesh",27.9802,94.6912,Maize,Maize-Cowpea,Income,Net Return,USD/ha,Intercropping,Intercropping (N fixing mixed),Monoculture,804.0,,3.0,861.0,,3.0,0.0685,,7.1,2.0
"MD_Paut,_24_A glo_Sc_177",JA_Choud_14_Produ_Pl,"MD_Paut,_24_A glo_Sc",Choudhary et al. 2014,2014,10.1626/pps.17.342,Plant Production Science,"Productivity, weed dynamics, nutrient mining, and monetary advantage of maize-legume intercropping in the eastern himalayan region of india",India,Southern Asia,"Research Farm of the Indian Council of Agricultural Research, Research Complex for North East Hilly Region, Basar, Arunachal Pradesh",27.9802,94.6912,Maize,Maize-Cowpea,Income,Net Return,USD/ha,Intercropping,Intercropping (N fixing mixed),Monoculture,804.0,,3.0,991.0,,3.0,0.2091,,23.3,2.0
"MD_Paut,_24_A glo_Sc_178",JA_Choud_14_Produ_Pl,"MD_Paut,_24_A glo_Sc",Choudhary et al. 2014,2014,10.1626/pps.17.342,Plant Production Science,"Productivity, weed dynamics, nutrient mining, and monetary advantage of maize-legume intercropping in the eastern himalayan region of india",India,Southern Asia,"Research Farm of the Indian Council of Agricultural Research, Research Complex for North East Hilly Region, Basar, Arunachal Pradesh",27.9802,94.6912,Maize,Maize-Common Bean,Income,Net Return,USD/ha,Intercropping,Intercropping (N fixing mixed),Monoculture,471.0,,3.0,654.0,,3.0,0.3282,,38.9,2.0
"MD_Paut,_24_A glo_Sc_179",JA_Choud_14_Produ_Pl,"MD_Paut,_24_A glo_Sc",Choudhary et al. 2014,2014,10.1626/pps.17.342,Plant Production Science,"Productivity, weed dynamics, nutrient mining, and monetary advantage of maize-legume intercropping in the eastern himalayan region of india",India,Southern Asia,"Research Farm of the Indian Council of Agricultural Research, Research Complex for North East Hilly Region, Basar, Arunachal Pradesh",27.9802,94.6912,Maize,Maize-Common Bean,Income,Net Return,USD/ha,Intercropping,Intercropping (N fixing mixed),Monoculture,471.0,,3.0,696.0,,3.0,0.3905,,47.8,2.0
"MD_Paut,_24_A glo_Sc_180",JA_Choud_14_Produ_Pl,"MD_Paut,_24_A glo_Sc",Choudhary et al. 2014,2014,10.1626/pps.17.342,Plant Production Science,"Productivity, weed dynamics, nutrient mining, and monetary advantage of maize-legume intercropping in the eastern himalayan region of india",India,Southern Asia,"Research Farm of the Indian Council of Agricultural Research, Research Complex for North East Hilly Region, Basar, Arunachal Pradesh",27.9802,94.6912,Maize,Maize-Common Bean,Income,Net Return,USD/ha,Intercropping,Intercropping (N fixing mixed),Monoculture,471.0,,3.0,695.0,,3.0,0.3891,,47.6,2.0
"MD_Paut,_24_A glo_Sc_181",JA_Choud_14_Produ_Pl,"MD_Paut,_24_A glo_Sc",Choudhary et al. 2014,2014,10.1626/pps.17.342,Plant Production Science,"Productivity, weed dynamics, nutrient mining, and monetary advantage of maize-legume intercropping in the eastern himalayan region of india",India,Southern Asia,"Research Farm of the Indian Council of Agricultural Research, Research Complex for North East Hilly Region, Basar, Arunachal Pradesh",27.9802,94.6912,Maize,Maize-Black Gram,Income,Net Return,USD/ha,Intercropping,Intercropping (N fixing mixed),Monoculture,497.0,,3.0,689.0,,3.0,0.3267,,38.6,2.0
"MD_Paut,_24_A glo_Sc_182",JA_Choud_14_Produ_Pl,"MD_Paut,_24_A glo_Sc",Choudhary et al. 2014,2014,10.1626/pps.17.342,Plant Production Science,"Productivity, weed dynamics, nutrient mining, and monetary advantage of maize-legume intercropping in the eastern himalayan region of india",India,Southern Asia,"Research Farm of the Indian Council of Agricultural Research, Research Complex for North East Hilly Region, Basar, Arunachal Pradesh",27.9802,94.6912,Maize,Maize-Black Gram,Income,Net Return,USD/ha,Intercropping,Intercropping (N fixing mixed),Monoculture,497.0,,3.0,714.0,,3.0,0.3623,,43.7,2.0
"MD_Paut,_24_A glo_Sc_183",JA_Choud_14_Produ_Pl,"MD_Paut,_24_A glo_Sc",Choudhary et al. 2014,2014,10.1626/pps.17.342,Plant Production Science,"Productivity, weed dynamics, nutrient mining, and monetary advantage of maize-legume intercropping in the eastern himalayan region of india",India,Southern Asia,"Research Farm of the Indian Council of Agricultural Research, Research Complex for North East Hilly Region, Basar, Arunachal Pradesh",27.9802,94.6912,Maize,Maize-Black Gram,Income,Net Return,USD/ha,Intercropping,Intercropping (N fixing mixed),Monoculture,497.0,,3.0,684.0,,3.0,0.3194,,37.6,2.0
"MD_Paut,_24_A glo_Sc_184",JA_Choud_14_Produ_Pl,"MD_Paut,_24_A glo_Sc",Choudhary et al. 2014,2014,10.1626/pps.17.342,Plant Production Science,"Productivity, weed dynamics, nutrient mining, and monetary advantage of maize-legume intercropping in the eastern himalayan region of india",India,Southern Asia,"Research Farm of the Indian Council of Agricultural Research, Research Complex for North East Hilly Region, Basar, Arunachal Pradesh",27.9802,94.6912,Maize,Maize-Cowpea,Income,Net Return,USD/ha,Intercropping,Intercropping (N fixing mixed),Monoculture,590.0,,3.0,1039.0,,3.0,0.5659,,76.1,2.0
"MD_Paut,_24_A glo_Sc_185",JA_Choud_14_Produ_Pl,"MD_Paut,_24_A glo_Sc",Choudhary et al. 2014,2014,10.1626/pps.17.342,Plant Production Science,"Productivity, weed dynamics, nutrient mining, and monetary advantage of maize-legume intercropping in the eastern himalayan region of india",India,Southern Asia,"Research Farm of the Indian Council of Agricultural Research, Research Complex for North East Hilly Region, Basar, Arunachal Pradesh",27.9802,94.6912,Maize,Maize-Cowpea,Income,Net Return,USD/ha,Intercropping,Intercropping (N fixing mixed),Monoculture,590.0,,3.0,1240.0,,3.0,0.7427,,110.2,2.0
"MD_Paut,_24_A glo_Sc_186",JA_Choud_14_Produ_Pl,"MD_Paut,_24_A glo_Sc",Choudhary et al. 2014,2014,10.1626/pps.17.342,Plant Production Science,"Productivity, weed dynamics, nutrient mining, and monetary advantage of maize-legume intercropping in the eastern himalayan region of india",India,Southern Asia,"Research Farm of the Indian Council of Agricultural Research, Research Complex for North East Hilly Region, Basar, Arunachal Pradesh",27.9802,94.6912,Maize,Maize-Cowpea,Income,Net Return,USD/ha,Intercropping,Intercropping (N fixing mixed),Monoculture,590.0,,3.0,1116.0,,3.0,0.6374,,89.2,2.0
"MD_Paut,_24_A glo_Sc_187",JA_Choud_14_Produ_Pl,"MD_Paut,_24_A glo_Sc",Choudhary et al. 2014,2014,10.1626/pps.17.342,Plant Production Science,"Productivity, weed dynamics, nutrient mining, and monetary advantage of maize-legume intercropping in the eastern himalayan region of india",India,Southern Asia,"Research Farm of the Indian Council of Agricultural Research, Research Complex for North East Hilly Region, Basar, Arunachal Pradesh",27.9802,94.6912,Maize,Maize-Common Bean,Income,Net Return,USD/ha,Intercropping,Intercropping (N fixing mixed),Monoculture,590.0,,3.0,863.0,,3.0,0.3803,,46.3,2.0
"MD_Paut,_24_A glo_Sc_188",JA_Choud_14_Produ_Pl,"MD_Paut,_24_A glo_Sc",Choudhary et al. 2014,2014,10.1626/pps.17.342,Plant Production Science,"Productivity, weed dynamics, nutrient mining, and monetary advantage of maize-legume intercropping in the eastern himalayan region of india",India,Southern Asia,"Research Farm of the Indian Council of Agricultural Research, Research Complex for North East Hilly Region, Basar, Arunachal Pradesh",27.9802,94.6912,Maize,Maize-Common Bean,Income,Net Return,USD/ha,Intercropping,Intercropping (N fixing mixed),Monoculture,590.0,,3.0,1080.0,,3.0,0.6046,,83.1,2.0
"MD_Paut,_24_A glo_Sc_189",JA_Choud_14_Produ_Pl,"MD_Paut,_24_A glo_Sc",Choudhary et al. 2014,2014,10.1626/pps.17.342,Plant Production Science,"Productivity, weed dynamics, nutrient mining, and monetary advantage of maize-legume intercropping in the eastern himalayan region of india",India,Southern Asia,"Research Farm of the Indian Council of Agricultural Research, Research Complex for North East Hilly Region, Basar, Arunachal Pradesh",27.9802,94.6912,Maize,Maize-Common Bean,Income,Net Return,USD/ha,Intercropping,Intercropping (N fixing mixed),Monoculture,590.0,,3.0,746.0,,3.0,0.2346,,26.4,2.0
"MD_Paut,_24_A glo_Sc_190",JA_Choud_14_Produ_Pl,"MD_Paut,_24_A glo_Sc",Choudhary et al. 2014,2014,10.1626/pps.17.342,Plant Production Science,"Productivity, weed dynamics, nutrient mining, and monetary advantage of maize-legume intercropping in the eastern himalayan region of india",India,Southern Asia,"Research Farm of the Indian Council of Agricultural Research, Research Complex for North East Hilly Region, Basar, Arunachal Pradesh",27.9802,94.6912,Maize,Maize-Black Gram,Income,Net Return,USD/ha,Intercropping,Intercropping (N fixing mixed),Monoculture,590.0,,3.0,800.0,,3.0,0.3045,,35.6,2.0
"MD_Paut,_24_A glo_Sc_191",JA_Choud_14_Produ_Pl,"MD_Paut,_24_A glo_Sc",Choudhary et al. 2014,2014,10.1626/pps.17.342,Plant Production Science,"Productivity, weed dynamics, nutrient mining, and monetary advantage of maize-legume intercropping in the eastern himalayan region of india",India,Southern Asia,"Research Farm of the Indian Council of Agricultural Research, Research Complex for North East Hilly Region, Basar, Arunachal Pradesh",27.9802,94.6912,Maize,Maize-Black Gram,Income,Net Return,USD/ha,Intercropping,Intercropping (N fixing mixed),Monoculture,590.0,,3.0,1012.0,,3.0,0.5396,,71.5,2.0
"MD_Paut,_24_A glo_Sc_192",JA_Choud_14_Produ_Pl,"MD_Paut,_24_A glo_Sc",Choudhary et al. 2014,2014,10.1626/pps.17.342,Plant Production Science,"Productivity, weed dynamics, nutrient mining, and monetary advantage of maize-legume intercropping in the eastern himalayan region of india",India,Southern Asia,"Research Farm of the Indian Council of Agricultural Research, Research Complex for North East Hilly Region, Basar, Arunachal Pradesh",27.9802,94.6912,Maize,Maize-Black Gram,Income,Net Return,USD/ha,Intercropping,Intercropping (N fixing mixed),Monoculture,590.0,,3.0,730.0,,3.0,0.2129,,23.7,2.0
"MD_Paut,_24_A glo_Sc_193",JA_Choud_14_Produ_Pl,"MD_Paut,_24_A glo_Sc",Choudhary et al. 2014,2014,10.1626/pps.17.342,Plant Production Science,"Productivity, weed dynamics, nutrient mining, and monetary advantage of maize-legume intercropping in the eastern himalayan region of india",India,Southern Asia,"Research Farm of the Indian Council of Agricultural Research, Research Complex for North East Hilly Region, Basar, Arunachal Pradesh",27.9802,94.6912,Maize,Maize-Cowpea,Income,Net Return,USD/ha,Intercropping,Intercropping (N fixing mixed),Monoculture,820.0,,3.0,1039.0,,3.0,0.2367,,26.7,2.0
"MD_Paut,_24_A glo_Sc_194",JA_Choud_14_Produ_Pl,"MD_Paut,_24_A glo_Sc",Choudhary et al. 2014,2014,10.1626/pps.17.342,Plant Production Science,"Productivity, weed dynamics, nutrient mining, and monetary advantage of maize-legume intercropping in the eastern himalayan region of india",India,Southern Asia,"Research Farm of the Indian Council of Agricultural Research, Research Complex for North East Hilly Region, Basar, Arunachal Pradesh",27.9802,94.6912,Maize,Maize-Cowpea,Income,Net Return,USD/ha,Intercropping,Intercropping (N fixing mixed),Monoculture,820.0,,3.0,1240.0,,3.0,0.4136,,51.2,2.0
"MD_Paut,_24_A glo_Sc_195",JA_Choud_14_Produ_Pl,"MD_Paut,_24_A glo_Sc",Choudhary et al. 2014,2014,10.1626/pps.17.342,Plant Production Science,"Productivity, weed dynamics, nutrient mining, and monetary advantage of maize-legume intercropping in the eastern himalayan region of india",India,Southern Asia,"Research Farm of the Indian Council of Agricultural Research, Research Complex for North East Hilly Region, Basar, Arunachal Pradesh",27.9802,94.6912,Maize,Maize-Cowpea,Income,Net Return,USD/ha,Intercropping,Intercropping (N fixing mixed),Monoculture,820.0,,3.0,1116.0,,3.0,0.3082,,36.1,2.0
"MD_Paut,_24_A glo_Sc_196",JA_Choud_14_Produ_Pl,"MD_Paut,_24_A glo_Sc",Choudhary et al. 2014,2014,10.1626/pps.17.342,Plant Production Science,"Productivity, weed dynamics, nutrient mining, and monetary advantage of maize-legume intercropping in the eastern himalayan region of india",India,Southern Asia,"Research Farm of the Indian Council of Agricultural Research, Research Complex for North East Hilly Region, Basar, Arunachal Pradesh",27.9802,94.6912,Maize,Maize-Common Bean,Income,Net Return,USD/ha,Intercropping,Intercropping (N fixing mixed),Monoculture,372.0,,3.0,863.0,,3.0,0.8415,,132.0,2.0
"MD_Paut,_24_A glo_Sc_197",JA_Choud_14_Produ_Pl,"MD_Paut,_24_A glo_Sc",Choudhary et al. 2014,2014,10.1626/pps.17.342,Plant Production Science,"Productivity, weed dynamics, nutrient mining, and monetary advantage of maize-legume intercropping in the eastern himalayan region of india",India,Southern Asia,"Research Farm of the Indian Council of Agricultural Research, Research Complex for North East Hilly Region, Basar, Arunachal Pradesh",27.9802,94.6912,Maize,Maize-Common Bean,Income,Net Return,USD/ha,Intercropping,Intercropping (N fixing mixed),Monoculture,372.0,,3.0,1080.0,,3.0,1.0658,,190.3,2.0
"MD_Paut,_24_A glo_Sc_198",JA_Choud_14_Produ_Pl,"MD_Paut,_24_A glo_Sc",Choudhary et al. 2014,2014,10.1626/pps.17.342,Plant Production Science,"Productivity, weed dynamics, nutrient mining, and monetary advantage of maize-legume intercropping in the eastern himalayan region of india",India,Southern Asia,"Research Farm of the Indian Council of Agricultural Research, Research Complex for North East Hilly Region, Basar, Arunachal Pradesh",27.9802,94.6912,Maize,Maize-Common Bean,Income,Net Return,USD/ha,Intercropping,Intercropping (N fixing mixed),Monoculture,372.0,,3.0,746.0,,3.0,0.6958,,100.5,2.0
"MD_Paut,_24_A glo_Sc_199",JA_Choud_14_Produ_Pl,"MD_Paut,_24_A glo_Sc",Choudhary et al. 2014,2014,10.1626/pps.17.342,Plant Production Science,"Productivity, weed dynamics, nutrient mining, and monetary advantage of maize-legume intercropping in the eastern himalayan region of india",India,Southern Asia,"Research Farm of the Indian Council of Agricultural Research, Research Complex for North East Hilly Region, Basar, Arunachal Pradesh",27.9802,94.6912,Maize,Maize-Black Gram,Income,Net Return,USD/ha,Intercropping,Intercropping (N fixing mixed),Monoculture,362.0,,3.0,800.0,,3.0,0.793,,121.0,2.0
"MD_Paut,_24_A glo_Sc_200",JA_Choud_14_Produ_Pl,"MD_Paut,_24_A glo_Sc",Choudhary et al. 2014,2014,10.1626/pps.17.342,Plant Production Science,"Productivity, weed dynamics, nutrient mining, and monetary advantage of maize-legume intercropping in the eastern himalayan region of india",India,Southern Asia,"Research Farm of the Indian Council of Agricultural Research, Research Complex for North East Hilly Region, Basar, Arunachal Pradesh",27.9802,94.6912,Maize,Maize-Black Gram,Income,Net Return,USD/ha,Intercropping,Intercropping (N fixing mixed),Monoculture,362.0,,3.0,1012.0,,3.0,1.028,,179.6,2.0
"MD_Paut,_24_A glo_Sc_201",JA_Choud_14_Produ_Pl,"MD_Paut,_24_A glo_Sc",Choudhary et al. 2014,2014,10.1626/pps.17.342,Plant Production Science,"Productivity, weed dynamics, nutrient mining, and monetary advantage of maize-legume intercropping in the eastern himalayan region of india",India,Southern Asia,"Research Farm of the Indian Council of Agricultural Research, Research Complex for North East Hilly Region, Basar, Arunachal Pradesh",27.9802,94.6912,Maize,Maize-Black Gram,Income,Net Return,USD/ha,Intercropping,Intercropping (N fixing mixed),Monoculture,362.0,,3.0,730.0,,3.0,0.7014,,101.7,2.0
"MD_Paut,_24_A glo_Sc_202","JA_Dua, _17_Effec_LR","MD_Paut,_24_A glo_Sc",Dua et al. 2017,2017,10.18805/lr.v0i0.7841,LR,"Effect of nitrogen application to intercrops on yield, competition, nutrient use efficiency and economics in potato (Solanum Tuberosum L.) plus French bean (Phaseolus Vulgaris L.) system in north-western hills of India",India,Southern Asia,"CPRI Experimental Farm, Shimla (H.P)",31.0964,77.1717,Potato,Potato-Common Bean,Costs,Total Cost,Rs/ha,Intercropping,Intercropping (N fixing mixed),Monoculture,47814.0,,11.0,48602.0,,11.0,0.0163,,1.6,3.0
"MD_Paut,_24_A glo_Sc_203","JA_Dua, _17_Effec_LR","MD_Paut,_24_A glo_Sc",Dua et al. 2017,2017,10.18805/lr.v0i0.7841,LR,"Effect of nitrogen application to intercrops on yield, competition, nutrient use efficiency and economics in potato (Solanum Tuberosum L.) plus French bean (Phaseolus Vulgaris L.) system in north-western hills of India",India,Southern Asia,"CPRI Experimental Farm, Shimla (H.P)",31.0964,77.1717,Potato,Potato-Common Bean,Costs,Total Cost,Rs/ha,Intercropping,Intercropping (N fixing mixed),Monoculture,47814.0,,11.0,48846.0,,11.0,0.0214,,2.2,3.0
"MD_Paut,_24_A glo_Sc_204","JA_Dua, _17_Effec_LR","MD_Paut,_24_A glo_Sc",Dua et al. 2017,2017,10.18805/lr.v0i0.7841,LR,"Effect of nitrogen application to intercrops on yield, competition, nutrient use efficiency and economics in potato (Solanum Tuberosum L.) plus French bean (Phaseolus Vulgaris L.) system in north-western hills of India",India,Southern Asia,"CPRI Experimental Farm, Shimla (H.P)",31.0964,77.1717,Potato,Potato-Common Bean,Costs,Total Cost,Rs/ha,Intercropping,Intercropping (N fixing mixed),Monoculture,47814.0,,11.0,49091.0,,11.0,0.0264,,2.7,3.0
"MD_Paut,_24_A glo_Sc_205","JA_Dua, _17_Effec_LR","MD_Paut,_24_A glo_Sc",Dua et al. 2017,2017,10.18805/lr.v0i0.7841,LR,"Effect of nitrogen application to intercrops on yield, competition, nutrient use efficiency and economics in potato (Solanum Tuberosum L.) plus French bean (Phaseolus Vulgaris L.) system in north-western hills of India",India,Southern Asia,"CPRI Experimental Farm, Shimla (H.P)",31.0964,77.1717,Potato,Potato-Common Bean,Costs,Total Cost,Rs/ha,Intercropping,Intercropping (N fixing mixed),Monoculture,47814.0,,11.0,49333.0,,11.0,0.0313,,3.2,3.0
"MD_Paut,_24_A glo_Sc_206","JA_Dua, _17_Effec_LR","MD_Paut,_24_A glo_Sc",Dua et al. 2017,2017,10.18805/lr.v0i0.7841,LR,"Effect of nitrogen application to intercrops on yield, competition, nutrient use efficiency and economics in potato (Solanum Tuberosum L.) plus French bean (Phaseolus Vulgaris L.) system in north-western hills of India",India,Southern Asia,"CPRI Experimental Farm, Shimla (H.P)",31.0964,77.1717,Potato,Potato-Common Bean,Costs,Total Cost,Rs/ha,Intercropping,Intercropping (N fixing mixed),Monoculture,47814.0,,11.0,49577.0,,11.0,0.0362,,3.7,3.0
"MD_Paut,_24_A glo_Sc_207","JA_Dua, _17_Effec_LR","MD_Paut,_24_A glo_Sc",Dua et al. 2017,2017,10.18805/lr.v0i0.7841,LR,"Effect of nitrogen application to intercrops on yield, competition, nutrient use efficiency and economics in potato (Solanum Tuberosum L.) plus French bean (Phaseolus Vulgaris L.) system in north-western hills of India",India,Southern Asia,"CPRI Experimental Farm, Shimla (H.P)",31.0964,77.1717,Potato,Potato-Common Bean,Costs,Total Cost,Rs/ha,Intercropping,Intercropping (N fixing mixed),Monoculture,50394.0,,11.0,48602.0,,11.0,-0.0362,,-3.6,3.0
"MD_Paut,_24_A glo_Sc_208","JA_Dua, _17_Effec_LR","MD_Paut,_24_A glo_Sc",Dua et al. 2017,2017,10.18805/lr.v0i0.7841,LR,"Effect of nitrogen application to intercrops on yield, competition, nutrient use efficiency and economics in potato (Solanum Tuberosum L.) plus French bean (Phaseolus Vulgaris L.) system in north-western hills of India",India,Southern Asia,"CPRI Experimental Farm, Shimla (H.P)",31.0964,77.1717,Potato,Potato-Common Bean,Costs,Total Cost,Rs/ha,Intercropping,Intercropping (N fixing mixed),Monoculture,50394.0,,11.0,48846.0,,11.0,-0.0312,,-3.1,3.0
"MD_Paut,_24_A glo_Sc_209","JA_Dua, _17_Effec_LR","MD_Paut,_24_A glo_Sc",Dua et al. 2017,2017,10.18805/lr.v0i0.7841,LR,"Effect of nitrogen application to intercrops on yield, competition, nutrient use efficiency and economics in potato (Solanum Tuberosum L.) plus French bean (Phaseolus Vulgaris L.) system in north-western hills of India",India,Southern Asia,"CPRI Experimental Farm, Shimla (H.P)",31.0964,77.1717,Potato,Potato-Common Bean,Costs,Total Cost,Rs/ha,Intercropping,Intercropping (N fixing mixed),Monoculture,50394.0,,11.0,49091.0,,11.0,-0.0262,,-2.6,3.0
"MD_Paut,_24_A glo_Sc_210","JA_Dua, _17_Effec_LR","MD_Paut,_24_A glo_Sc",Dua et al. 2017,2017,10.18805/lr.v0i0.7841,LR,"Effect of nitrogen application to intercrops on yield, competition, nutrient use efficiency and economics in potato (Solanum Tuberosum L.) plus French bean (Phaseolus Vulgaris L.) system in north-western hills of India",India,Southern Asia,"CPRI Experimental Farm, Shimla (H.P)",31.0964,77.1717,Potato,Potato-Common Bean,Costs,Total Cost,Rs/ha,Intercropping,Intercropping (N fixing mixed),Monoculture,50394.0,,11.0,49333.0,,11.0,-0.0213,,-2.1,3.0
"MD_Paut,_24_A glo_Sc_211","JA_Dua, _17_Effec_LR","MD_Paut,_24_A glo_Sc",Dua et al. 2017,2017,10.18805/lr.v0i0.7841,LR,"Effect of nitrogen application to intercrops on yield, competition, nutrient use efficiency and economics in potato (Solanum Tuberosum L.) plus French bean (Phaseolus Vulgaris L.) system in north-western hills of India",India,Southern Asia,"CPRI Experimental Farm, Shimla (H.P)",31.0964,77.1717,Potato,Potato-Common Bean,Costs,Total Cost,Rs/ha,Intercropping,Intercropping (N fixing mixed),Monoculture,50394.0,,11.0,49577.0,,11.0,-0.0163,,-1.6,3.0
"MD_Paut,_24_A glo_Sc_212","JA_Dua, _17_Effec_LR","MD_Paut,_24_A glo_Sc",Dua et al. 2017,2017,10.18805/lr.v0i0.7841,LR,"Effect of nitrogen application to intercrops on yield, competition, nutrient use efficiency and economics in potato (Solanum Tuberosum L.) plus French bean (Phaseolus Vulgaris L.) system in north-western hills of India",India,Southern Asia,"CPRI Experimental Farm, Shimla (H.P)",31.0964,77.1717,Potato,Potato-Common Bean,Costs,Total Cost,Rs/ha,Intercropping,Intercropping (N fixing mixed),Monoculture,46269.0,,11.0,48602.0,,11.0,0.0492,,5.0,3.0
"MD_Paut,_24_A glo_Sc_213","JA_Dua, _17_Effec_LR","MD_Paut,_24_A glo_Sc",Dua et al. 2017,2017,10.18805/lr.v0i0.7841,LR,"Effect of nitrogen application to intercrops on yield, competition, nutrient use efficiency and economics in potato (Solanum Tuberosum L.) plus French bean (Phaseolus Vulgaris L.) system in north-western hills of India",India,Southern Asia,"CPRI Experimental Farm, Shimla (H.P)",31.0964,77.1717,Potato,Potato-Common Bean,Costs,Total Cost,Rs/ha,Intercropping,Intercropping (N fixing mixed),Monoculture,46269.0,,11.0,48846.0,,11.0,0.0542,,5.6,3.0
"MD_Paut,_24_A glo_Sc_214","JA_Dua, _17_Effec_LR","MD_Paut,_24_A glo_Sc",Dua et al. 2017,2017,10.18805/lr.v0i0.7841,LR,"Effect of nitrogen application to intercrops on yield, competition, nutrient use efficiency and economics in potato (Solanum Tuberosum L.) plus French bean (Phaseolus Vulgaris L.) system in north-western hills of India",India,Southern Asia,"CPRI Experimental Farm, Shimla (H.P)",31.0964,77.1717,Potato,Potato-Common Bean,Costs,Total Cost,Rs/ha,Intercropping,Intercropping (N fixing mixed),Monoculture,46269.0,,11.0,49091.0,,11.0,0.0592,,6.1,3.0
"MD_Paut,_24_A glo_Sc_215","JA_Dua, _17_Effec_LR","MD_Paut,_24_A glo_Sc",Dua et al. 2017,2017,10.18805/lr.v0i0.7841,LR,"Effect of nitrogen application to intercrops on yield, competition, nutrient use efficiency and economics in potato (Solanum Tuberosum L.) plus French bean (Phaseolus Vulgaris L.) system in north-western hills of India",India,Southern Asia,"CPRI Experimental Farm, Shimla (H.P)",31.0964,77.1717,Potato,Potato-Common Bean,Costs,Total Cost,Rs/ha,Intercropping,Intercropping (N fixing mixed),Monoculture,46269.0,,11.0,49333.0,,11.0,0.0641,,6.6,3.0
"MD_Paut,_24_A glo_Sc_216","JA_Dua, _17_Effec_LR","MD_Paut,_24_A glo_Sc",Dua et al. 2017,2017,10.18805/lr.v0i0.7841,LR,"Effect of nitrogen application to intercrops on yield, competition, nutrient use efficiency and economics in potato (Solanum Tuberosum L.) plus French bean (Phaseolus Vulgaris L.) system in north-western hills of India",India,Southern Asia,"CPRI Experimental Farm, Shimla (H.P)",31.0964,77.1717,Potato,Potato-Common Bean,Costs,Total Cost,Rs/ha,Intercropping,Intercropping (N fixing mixed),Monoculture,46269.0,,11.0,49577.0,,11.0,0.0691,,7.1,3.0
"MD_Paut,_24_A glo_Sc_217","JA_Dua, _17_Effec_LR","MD_Paut,_24_A glo_Sc",Dua et al. 2017,2017,10.18805/lr.v0i0.7841,LR,"Effect of nitrogen application to intercrops on yield, competition, nutrient use efficiency and economics in potato (Solanum Tuberosum L.) plus French bean (Phaseolus Vulgaris L.) system in north-western hills of India",India,Southern Asia,"CPRI Experimental Farm, Shimla (H.P)",31.0964,77.1717,Potato,Potato-Common Bean,Costs,Total Cost,Rs/ha,Intercropping,Intercropping (N fixing mixed),Monoculture,47569.0,,11.0,48602.0,,11.0,0.0215,,2.2,3.0
"MD_Paut,_24_A glo_Sc_218","JA_Dua, _17_Effec_LR","MD_Paut,_24_A glo_Sc",Dua et al. 2017,2017,10.18805/lr.v0i0.7841,LR,"Effect of nitrogen application to intercrops on yield, competition, nutrient use efficiency and economics in potato (Solanum Tuberosum L.) plus French bean (Phaseolus Vulgaris L.) system in north-western hills of India",India,Southern Asia,"CPRI Experimental Farm, Shimla (H.P)",31.0964,77.1717,Potato,Potato-Common Bean,Costs,Total Cost,Rs/ha,Intercropping,Intercropping (N fixing mixed),Monoculture,47569.0,,11.0,48846.0,,11.0,0.0265,,2.7,3.0
"MD_Paut,_24_A glo_Sc_219","JA_Dua, _17_Effec_LR","MD_Paut,_24_A glo_Sc",Dua et al. 2017,2017,10.18805/lr.v0i0.7841,LR,"Effect of nitrogen application to intercrops on yield, competition, nutrient use efficiency and economics in potato (Solanum Tuberosum L.) plus French bean (Phaseolus Vulgaris L.) system in north-western hills of India",India,Southern Asia,"CPRI Experimental Farm, Shimla (H.P)",31.0964,77.1717,Potato,Potato-Common Bean,Costs,Total Cost,Rs/ha,Intercropping,Intercropping (N fixing mixed),Monoculture,47569.0,,11.0,49091.0,,11.0,0.0315,,3.2,3.0
"MD_Paut,_24_A glo_Sc_220","JA_Dua, _17_Effec_LR","MD_Paut,_24_A glo_Sc",Dua et al. 2017,2017,10.18805/lr.v0i0.7841,LR,"Effect of nitrogen application to intercrops on yield, competition, nutrient use efficiency and economics in potato (Solanum Tuberosum L.) plus French bean (Phaseolus Vulgaris L.) system in north-western hills of India",India,Southern Asia,"CPRI Experimental Farm, Shimla (H.P)",31.0964,77.1717,Potato,Potato-Common Bean,Costs,Total Cost,Rs/ha,Intercropping,Intercropping (N fixing mixed),Monoculture,47569.0,,11.0,49333.0,,11.0,0.0364,,3.7,3.0
"MD_Paut,_24_A glo_Sc_221","JA_Dua, _17_Effec_LR","MD_Paut,_24_A glo_Sc",Dua et al. 2017,2017,10.18805/lr.v0i0.7841,LR,"Effect of nitrogen application to intercrops on yield, competition, nutrient use efficiency and economics in potato (Solanum Tuberosum L.) plus French bean (Phaseolus Vulgaris L.) system in north-western hills of India",India,Southern Asia,"CPRI Experimental Farm, Shimla (H.P)",31.0964,77.1717,Potato,Potato-Common Bean,Costs,Total Cost,Rs/ha,Intercropping,Intercropping (N fixing mixed),Monoculture,47569.0,,11.0,49577.0,,11.0,0.0413,,4.2,3.0
"MD_Paut,_24_A glo_Sc_222","JA_Dua, _17_Effec_LR","MD_Paut,_24_A glo_Sc",Dua et al. 2017,2017,10.18805/lr.v0i0.7841,LR,"Effect of nitrogen application to intercrops on yield, competition, nutrient use efficiency and economics in potato (Solanum Tuberosum L.) plus French bean (Phaseolus Vulgaris L.) system in north-western hills of India",India,Southern Asia,"CPRI Experimental Farm, Shimla (H.P)",31.0964,77.1717,Potato,Potato-Common Bean,Income,Net Return,Rs/ha,Intercropping,Intercropping (N fixing mixed),Monoculture,41852.0,,11.0,69356.0,,11.0,0.5051,,65.7,3.0
"MD_Paut,_24_A glo_Sc_223","JA_Dua, _17_Effec_LR","MD_Paut,_24_A glo_Sc",Dua et al. 2017,2017,10.18805/lr.v0i0.7841,LR,"Effect of nitrogen application to intercrops on yield, competition, nutrient use efficiency and economics in potato (Solanum Tuberosum L.) plus French bean (Phaseolus Vulgaris L.) system in north-western hills of India",India,Southern Asia,"CPRI Experimental Farm, Shimla (H.P)",31.0964,77.1717,Potato,Potato-Common Bean,Income,Net Return,Rs/ha,Intercropping,Intercropping (N fixing mixed),Monoculture,41852.0,,11.0,70753.0,,11.0,0.5251,,69.1,3.0
"MD_Paut,_24_A glo_Sc_224","JA_Dua, _17_Effec_LR","MD_Paut,_24_A glo_Sc",Dua et al. 2017,2017,10.18805/lr.v0i0.7841,LR,"Effect of nitrogen application to intercrops on yield, competition, nutrient use efficiency and economics in potato (Solanum Tuberosum L.) plus French bean (Phaseolus Vulgaris L.) system in north-western hills of India",India,Southern Asia,"CPRI Experimental Farm, Shimla (H.P)",31.0964,77.1717,Potato,Potato-Common Bean,Income,Net Return,Rs/ha,Intercropping,Intercropping (N fixing mixed),Monoculture,41852.0,,11.0,75381.0,,11.0,0.5884,,80.1,3.0
"MD_Paut,_24_A glo_Sc_225","JA_Dua, _17_Effec_LR","MD_Paut,_24_A glo_Sc",Dua et al. 2017,2017,10.18805/lr.v0i0.7841,LR,"Effect of nitrogen application to intercrops on yield, competition, nutrient use efficiency and economics in potato (Solanum Tuberosum L.) plus French bean (Phaseolus Vulgaris L.) system in north-western hills of India",India,Southern Asia,"CPRI Experimental Farm, Shimla (H.P)",31.0964,77.1717,Potato,Potato-Common Bean,Income,Net Return,Rs/ha,Intercropping,Intercropping (N fixing mixed),Monoculture,41852.0,,11.0,81497.0,,11.0,0.6664,,94.7,3.0
"MD_Paut,_24_A glo_Sc_226","JA_Dua, _17_Effec_LR","MD_Paut,_24_A glo_Sc",Dua et al. 2017,2017,10.18805/lr.v0i0.7841,LR,"Effect of nitrogen application to intercrops on yield, competition, nutrient use efficiency and economics in potato (Solanum Tuberosum L.) plus French bean (Phaseolus Vulgaris L.) system in north-western hills of India",India,Southern Asia,"CPRI Experimental Farm, Shimla (H.P)",31.0964,77.1717,Potato,Potato-Common Bean,Income,Net Return,Rs/ha,Intercropping,Intercropping (N fixing mixed),Monoculture,41852.0,,11.0,82492.0,,11.0,0.6786,,97.1,3.0
"MD_Paut,_24_A glo_Sc_227","JA_Dua, _17_Effec_LR","MD_Paut,_24_A glo_Sc",Dua et al. 2017,2017,10.18805/lr.v0i0.7841,LR,"Effect of nitrogen application to intercrops on yield, competition, nutrient use efficiency and economics in potato (Solanum Tuberosum L.) plus French bean (Phaseolus Vulgaris L.) system in north-western hills of India",India,Southern Asia,"CPRI Experimental Farm, Shimla (H.P)",31.0964,77.1717,Potato,Potato-Common Bean,Income,Net Return,Rs/ha,Intercropping,Intercropping (N fixing mixed),Monoculture,64346.0,,11.0,69356.0,,11.0,0.075,,7.8,3.0
"MD_Paut,_24_A glo_Sc_228","JA_Dua, _17_Effec_LR","MD_Paut,_24_A glo_Sc",Dua et al. 2017,2017,10.18805/lr.v0i0.7841,LR,"Effect of nitrogen application to intercrops on yield, competition, nutrient use efficiency and economics in potato (Solanum Tuberosum L.) plus French bean (Phaseolus Vulgaris L.) system in north-western hills of India",India,Southern Asia,"CPRI Experimental Farm, Shimla (H.P)",31.0964,77.1717,Potato,Potato-Common Bean,Income,Net Return,Rs/ha,Intercropping,Intercropping (N fixing mixed),Monoculture,64346.0,,11.0,70753.0,,11.0,0.0949,,10.0,3.0
"MD_Paut,_24_A glo_Sc_229","JA_Dua, _17_Effec_LR","MD_Paut,_24_A glo_Sc",Dua et al. 2017,2017,10.18805/lr.v0i0.7841,LR,"Effect of nitrogen application to intercrops on yield, competition, nutrient use efficiency and economics in potato (Solanum Tuberosum L.) plus French bean (Phaseolus Vulgaris L.) system in north-western hills of India",India,Southern Asia,"CPRI Experimental Farm, Shimla (H.P)",31.0964,77.1717,Potato,Potato-Common Bean,Income,Net Return,Rs/ha,Intercropping,Intercropping (N fixing mixed),Monoculture,64346.0,,11.0,75381.0,,11.0,0.1583,,17.1,3.0
"MD_Paut,_24_A glo_Sc_230","JA_Dua, _17_Effec_LR","MD_Paut,_24_A glo_Sc",Dua et al. 2017,2017,10.18805/lr.v0i0.7841,LR,"Effect of nitrogen application to intercrops on yield, competition, nutrient use efficiency and economics in potato (Solanum Tuberosum L.) plus French bean (Phaseolus Vulgaris L.) system in north-western hills of India",India,Southern Asia,"CPRI Experimental Farm, Shimla (H.P)",31.0964,77.1717,Potato,Potato-Common Bean,Income,Net Return,Rs/ha,Intercropping,Intercropping (N fixing mixed),Monoculture,64346.0,,11.0,81497.0,,11.0,0.2363,,26.7,3.0
"MD_Paut,_24_A glo_Sc_231","JA_Dua, _17_Effec_LR","MD_Paut,_24_A glo_Sc",Dua et al. 2017,2017,10.18805/lr.v0i0.7841,LR,"Effect of nitrogen application to intercrops on yield, competition, nutrient use efficiency and economics in potato (Solanum Tuberosum L.) plus French bean (Phaseolus Vulgaris L.) system in north-western hills of India",India,Southern Asia,"CPRI Experimental Farm, Shimla (H.P)",31.0964,77.1717,Potato,Potato-Common Bean,Income,Net Return,Rs/ha,Intercropping,Intercropping (N fixing mixed),Monoculture,64346.0,,11.0,82492.0,,11.0,0.2484,,28.2,3.0
"MD_Paut,_24_A glo_Sc_232","JA_Dua, _17_Effec_LR","MD_Paut,_24_A glo_Sc",Dua et al. 2017,2017,10.18805/lr.v0i0.7841,LR,"Effect of nitrogen application to intercrops on yield, competition, nutrient use efficiency and economics in potato (Solanum Tuberosum L.) plus French bean (Phaseolus Vulgaris L.) system in north-western hills of India",India,Southern Asia,"CPRI Experimental Farm, Shimla (H.P)",31.0964,77.1717,Potato,Potato-Common Bean,Income,Net Return,Rs/ha,Intercropping,Intercropping (N fixing mixed),Monoculture,26958.0,,11.0,69356.0,,11.0,0.945,,157.3,3.0
"MD_Paut,_24_A glo_Sc_233","JA_Dua, _17_Effec_LR","MD_Paut,_24_A glo_Sc",Dua et al. 2017,2017,10.18805/lr.v0i0.7841,LR,"Effect of nitrogen application to intercrops on yield, competition, nutrient use efficiency and economics in potato (Solanum Tuberosum L.) plus French bean (Phaseolus Vulgaris L.) system in north-western hills of India",India,Southern Asia,"CPRI Experimental Farm, Shimla (H.P)",31.0964,77.1717,Potato,Potato-Common Bean,Income,Net Return,Rs/ha,Intercropping,Intercropping (N fixing mixed),Monoculture,26958.0,,11.0,70753.0,,11.0,0.9649,,162.5,3.0
"MD_Paut,_24_A glo_Sc_234","JA_Dua, _17_Effec_LR","MD_Paut,_24_A glo_Sc",Dua et al. 2017,2017,10.18805/lr.v0i0.7841,LR,"Effect of nitrogen application to intercrops on yield, competition, nutrient use efficiency and economics in potato (Solanum Tuberosum L.) plus French bean (Phaseolus Vulgaris L.) system in north-western hills of India",India,Southern Asia,"CPRI Experimental Farm, Shimla (H.P)",31.0964,77.1717,Potato,Potato-Common Bean,Income,Net Return,Rs/ha,Intercropping,Intercropping (N fixing mixed),Monoculture,26958.0,,11.0,75381.0,,11.0,1.0283,,179.6,3.0
"MD_Paut,_24_A glo_Sc_235","JA_Dua, _17_Effec_LR","MD_Paut,_24_A glo_Sc",Dua et al. 2017,2017,10.18805/lr.v0i0.7841,LR,"Effect of nitrogen application to intercrops on yield, competition, nutrient use efficiency and economics in potato (Solanum Tuberosum L.) plus French bean (Phaseolus Vulgaris L.) system in north-western hills of India",India,Southern Asia,"CPRI Experimental Farm, Shimla (H.P)",31.0964,77.1717,Potato,Potato-Common Bean,Income,Net Return,Rs/ha,Intercropping,Intercropping (N fixing mixed),Monoculture,26958.0,,11.0,81497.0,,11.0,1.1063,,202.3,3.0
"MD_Paut,_24_A glo_Sc_236","JA_Dua, _17_Effec_LR","MD_Paut,_24_A glo_Sc",Dua et al. 2017,2017,10.18805/lr.v0i0.7841,LR,"Effect of nitrogen application to intercrops on yield, competition, nutrient use efficiency and economics in potato (Solanum Tuberosum L.) plus French bean (Phaseolus Vulgaris L.) system in north-western hills of India",India,Southern Asia,"CPRI Experimental Farm, Shimla (H.P)",31.0964,77.1717,Potato,Potato-Common Bean,Income,Net Return,Rs/ha,Intercropping,Intercropping (N fixing mixed),Monoculture,26958.0,,11.0,82492.0,,11.0,1.1184,,206.0,3.0
"MD_Paut,_24_A glo_Sc_237","JA_Dua, _17_Effec_LR","MD_Paut,_24_A glo_Sc",Dua et al. 2017,2017,10.18805/lr.v0i0.7841,LR,"Effect of nitrogen application to intercrops on yield, competition, nutrient use efficiency and economics in potato (Solanum Tuberosum L.) plus French bean (Phaseolus Vulgaris L.) system in north-western hills of India",India,Southern Asia,"CPRI Experimental Farm, Shimla (H.P)",31.0964,77.1717,Potato,Potato-Common Bean,Income,Net Return,Rs/ha,Intercropping,Intercropping (N fixing mixed),Monoculture,43199.0,,11.0,69356.0,,11.0,0.4734,,60.6,3.0
"MD_Paut,_24_A glo_Sc_238","JA_Dua, _17_Effec_LR","MD_Paut,_24_A glo_Sc",Dua et al. 2017,2017,10.18805/lr.v0i0.7841,LR,"Effect of nitrogen application to intercrops on yield, competition, nutrient use efficiency and economics in potato (Solanum Tuberosum L.) plus French bean (Phaseolus Vulgaris L.) system in north-western hills of India",India,Southern Asia,"CPRI Experimental Farm, Shimla (H.P)",31.0964,77.1717,Potato,Potato-Common Bean,Income,Net Return,Rs/ha,Intercropping,Intercropping (N fixing mixed),Monoculture,43199.0,,11.0,70753.0,,11.0,0.4934,,63.8,3.0
"MD_Paut,_24_A glo_Sc_239","JA_Dua, _17_Effec_LR","MD_Paut,_24_A glo_Sc",Dua et al. 2017,2017,10.18805/lr.v0i0.7841,LR,"Effect of nitrogen application to intercrops on yield, competition, nutrient use efficiency and economics in potato (Solanum Tuberosum L.) plus French bean (Phaseolus Vulgaris L.) system in north-western hills of India",India,Southern Asia,"CPRI Experimental Farm, Shimla (H.P)",31.0964,77.1717,Potato,Potato-Common Bean,Income,Net Return,Rs/ha,Intercropping,Intercropping (N fixing mixed),Monoculture,43199.0,,11.0,75381.0,,11.0,0.5567,,74.5,3.0
"MD_Paut,_24_A glo_Sc_240","JA_Dua, _17_Effec_LR","MD_Paut,_24_A glo_Sc",Dua et al. 2017,2017,10.18805/lr.v0i0.7841,LR,"Effect of nitrogen application to intercrops on yield, competition, nutrient use efficiency and economics in potato (Solanum Tuberosum L.) plus French bean (Phaseolus Vulgaris L.) system in north-western hills of India",India,Southern Asia,"CPRI Experimental Farm, Shimla (H.P)",31.0964,77.1717,Potato,Potato-Common Bean,Income,Net Return,Rs/ha,Intercropping,Intercropping (N fixing mixed),Monoculture,43199.0,,11.0,81497.0,,11.0,0.6347,,88.7,3.0
"MD_Paut,_24_A glo_Sc_241","JA_Dua, _17_Effec_LR","MD_Paut,_24_A glo_Sc",Dua et al. 2017,2017,10.18805/lr.v0i0.7841,LR,"Effect of nitrogen application to intercrops on yield, competition, nutrient use efficiency and economics in potato (Solanum Tuberosum L.) plus French bean (Phaseolus Vulgaris L.) system in north-western hills of India",India,Southern Asia,"CPRI Experimental Farm, Shimla (H.P)",31.0964,77.1717,Potato,Potato-Common Bean,Income,Net Return,Rs/ha,Intercropping,Intercropping (N fixing mixed),Monoculture,43199.0,,11.0,82492.0,,11.0,0.6469,,91.0,3.0
"MD_Paut,_24_A glo_Sc_242","JA_Dua, _17_Effec_LR","MD_Paut,_24_A glo_Sc",Dua et al. 2017,2017,10.18805/lr.v0i0.7841,LR,"Effect of nitrogen application to intercrops on yield, competition, nutrient use efficiency and economics in potato (Solanum Tuberosum L.) plus French bean (Phaseolus Vulgaris L.) system in north-western hills of India",India,Southern Asia,"CPRI Experimental Farm, Shimla (H.P)",31.0964,77.1717,Potato,Potato-Common Bean,Economic Performance,Benefit Cost Ratio (GRTC),Unitless,Intercropping,Intercropping (N fixing mixed),Monoculture,1.88,,11.0,2.43,,11.0,0.2566,,29.3,3.0
"MD_Paut,_24_A glo_Sc_243","JA_Dua, _17_Effec_LR","MD_Paut,_24_A glo_Sc",Dua et al. 2017,2017,10.18805/lr.v0i0.7841,LR,"Effect of nitrogen application to intercrops on yield, competition, nutrient use efficiency and economics in potato (Solanum Tuberosum L.) plus French bean (Phaseolus Vulgaris L.) system in north-western hills of India",India,Southern Asia,"CPRI Experimental Farm, Shimla (H.P)",31.0964,77.1717,Potato,Potato-Common Bean,Economic Performance,Benefit Cost Ratio (GRTC),Unitless,Intercropping,Intercropping (N fixing mixed),Monoculture,1.88,,11.0,2.45,,11.0,0.2648,,30.3,3.0
"MD_Paut,_24_A glo_Sc_244","JA_Dua, _17_Effec_LR","MD_Paut,_24_A glo_Sc",Dua et al. 2017,2017,10.18805/lr.v0i0.7841,LR,"Effect of nitrogen application to intercrops on yield, competition, nutrient use efficiency and economics in potato (Solanum Tuberosum L.) plus French bean (Phaseolus Vulgaris L.) system in north-western hills of India",India,Southern Asia,"CPRI Experimental Farm, Shimla (H.P)",31.0964,77.1717,Potato,Potato-Common Bean,Economic Performance,Benefit Cost Ratio (GRTC),Unitless,Intercropping,Intercropping (N fixing mixed),Monoculture,1.88,,11.0,2.54,,11.0,0.3009,,35.1,3.0
"MD_Paut,_24_A glo_Sc_245","JA_Dua, _17_Effec_LR","MD_Paut,_24_A glo_Sc",Dua et al. 2017,2017,10.18805/lr.v0i0.7841,LR,"Effect of nitrogen application to intercrops on yield, competition, nutrient use efficiency and economics in potato (Solanum Tuberosum L.) plus French bean (Phaseolus Vulgaris L.) system in north-western hills of India",India,Southern Asia,"CPRI Experimental Farm, Shimla (H.P)",31.0964,77.1717,Potato,Potato-Common Bean,Economic Performance,Benefit Cost Ratio (GRTC),Unitless,Intercropping,Intercropping (N fixing mixed),Monoculture,1.88,,11.0,2.65,,11.0,0.3433,,41.0,3.0
"MD_Paut,_24_A glo_Sc_246","JA_Dua, _17_Effec_LR","MD_Paut,_24_A glo_Sc",Dua et al. 2017,2017,10.18805/lr.v0i0.7841,LR,"Effect of nitrogen application to intercrops on yield, competition, nutrient use efficiency and economics in potato (Solanum Tuberosum L.) plus French bean (Phaseolus Vulgaris L.) system in north-western hills of India",India,Southern Asia,"CPRI Experimental Farm, Shimla (H.P)",31.0964,77.1717,Potato,Potato-Common Bean,Economic Performance,Benefit Cost Ratio (GRTC),Unitless,Intercropping,Intercropping (N fixing mixed),Monoculture,1.88,,11.0,2.66,,11.0,0.3471,,41.5,3.0
"MD_Paut,_24_A glo_Sc_247","JA_Dua, _17_Effec_LR","MD_Paut,_24_A glo_Sc",Dua et al. 2017,2017,10.18805/lr.v0i0.7841,LR,"Effect of nitrogen application to intercrops on yield, competition, nutrient use efficiency and economics in potato (Solanum Tuberosum L.) plus French bean (Phaseolus Vulgaris L.) system in north-western hills of India",India,Southern Asia,"CPRI Experimental Farm, Shimla (H.P)",31.0964,77.1717,Potato,Potato-Common Bean,Economic Performance,Benefit Cost Ratio (GRTC),Unitless,Intercropping,Intercropping (N fixing mixed),Monoculture,2.26,,11.0,2.43,,11.0,0.0725,,7.5,3.0
"MD_Paut,_24_A glo_Sc_248","JA_Dua, _17_Effec_LR","MD_Paut,_24_A glo_Sc",Dua et al. 2017,2017,10.18805/lr.v0i0.7841,LR,"Effect of nitrogen application to intercrops on yield, competition, nutrient use efficiency and economics in potato (Solanum Tuberosum L.) plus French bean (Phaseolus Vulgaris L.) system in north-western hills of India",India,Southern Asia,"CPRI Experimental Farm, Shimla (H.P)",31.0964,77.1717,Potato,Potato-Common Bean,Economic Performance,Benefit Cost Ratio (GRTC),Unitless,Intercropping,Intercropping (N fixing mixed),Monoculture,2.26,,11.0,2.45,,11.0,0.0807,,8.4,3.0
"MD_Paut,_24_A glo_Sc_249","JA_Dua, _17_Effec_LR","MD_Paut,_24_A glo_Sc",Dua et al. 2017,2017,10.18805/lr.v0i0.7841,LR,"Effect of nitrogen application to intercrops on yield, competition, nutrient use efficiency and economics in potato (Solanum Tuberosum L.) plus French bean (Phaseolus Vulgaris L.) system in north-western hills of India",India,Southern Asia,"CPRI Experimental Farm, Shimla (H.P)",31.0964,77.1717,Potato,Potato-Common Bean,Economic Performance,Benefit Cost Ratio (GRTC),Unitless,Intercropping,Intercropping (N fixing mixed),Monoculture,2.26,,11.0,2.54,,11.0,0.1168,,12.4,3.0
"MD_Paut,_24_A glo_Sc_250","JA_Dua, _17_Effec_LR","MD_Paut,_24_A glo_Sc",Dua et al. 2017,2017,10.18805/lr.v0i0.7841,LR,"Effect of nitrogen application to intercrops on yield, competition, nutrient use efficiency and economics in potato (Solanum Tuberosum L.) plus French bean (Phaseolus Vulgaris L.) system in north-western hills of India",India,Southern Asia,"CPRI Experimental Farm, Shimla (H.P)",31.0964,77.1717,Potato,Potato-Common Bean,Economic Performance,Benefit Cost Ratio (GRTC),Unitless,Intercropping,Intercropping (N fixing mixed),Monoculture,2.26,,11.0,2.65,,11.0,0.1592,,17.3,3.0
"MD_Paut,_24_A glo_Sc_251","JA_Dua, _17_Effec_LR","MD_Paut,_24_A glo_Sc",Dua et al. 2017,2017,10.18805/lr.v0i0.7841,LR,"Effect of nitrogen application to intercrops on yield, competition, nutrient use efficiency and economics in potato (Solanum Tuberosum L.) plus French bean (Phaseolus Vulgaris L.) system in north-western hills of India",India,Southern Asia,"CPRI Experimental Farm, Shimla (H.P)",31.0964,77.1717,Potato,Potato-Common Bean,Economic Performance,Benefit Cost Ratio (GRTC),Unitless,Intercropping,Intercropping (N fixing mixed),Monoculture,2.26,,11.0,2.66,,11.0,0.163,,17.7,3.0
"MD_Paut,_24_A glo_Sc_252","JA_Dua, _17_Effec_LR","MD_Paut,_24_A glo_Sc",Dua et al. 2017,2017,10.18805/lr.v0i0.7841,LR,"Effect of nitrogen application to intercrops on yield, competition, nutrient use efficiency and economics in potato (Solanum Tuberosum L.) plus French bean (Phaseolus Vulgaris L.) system in north-western hills of India",India,Southern Asia,"CPRI Experimental Farm, Shimla (H.P)",31.0964,77.1717,Potato,Potato-Common Bean,Economic Performance,Benefit Cost Ratio (GRTC),Unitless,Intercropping,Intercropping (N fixing mixed),Monoculture,1.58,,11.0,2.43,,11.0,0.4305,,53.8,3.0
"MD_Paut,_24_A glo_Sc_253","JA_Dua, _17_Effec_LR","MD_Paut,_24_A glo_Sc",Dua et al. 2017,2017,10.18805/lr.v0i0.7841,LR,"Effect of nitrogen application to intercrops on yield, competition, nutrient use efficiency and economics in potato (Solanum Tuberosum L.) plus French bean (Phaseolus Vulgaris L.) system in north-western hills of India",India,Southern Asia,"CPRI Experimental Farm, Shimla (H.P)",31.0964,77.1717,Potato,Potato-Common Bean,Economic Performance,Benefit Cost Ratio (GRTC),Unitless,Intercropping,Intercropping (N fixing mixed),Monoculture,1.58,,11.0,2.45,,11.0,0.4387,,55.1,3.0
"MD_Paut,_24_A glo_Sc_254","JA_Dua, _17_Effec_LR","MD_Paut,_24_A glo_Sc",Dua et al. 2017,2017,10.18805/lr.v0i0.7841,LR,"Effect of nitrogen application to intercrops on yield, competition, nutrient use efficiency and economics in potato (Solanum Tuberosum L.) plus French bean (Phaseolus Vulgaris L.) system in north-western hills of India",India,Southern Asia,"CPRI Experimental Farm, Shimla (H.P)",31.0964,77.1717,Potato,Potato-Common Bean,Economic Performance,Benefit Cost Ratio (GRTC),Unitless,Intercropping,Intercropping (N fixing mixed),Monoculture,1.58,,11.0,2.54,,11.0,0.4747,,60.8,3.0
"MD_Paut,_24_A glo_Sc_255","JA_Dua, _17_Effec_LR","MD_Paut,_24_A glo_Sc",Dua et al. 2017,2017,10.18805/lr.v0i0.7841,LR,"Effect of nitrogen application to intercrops on yield, competition, nutrient use efficiency and economics in potato (Solanum Tuberosum L.) plus French bean (Phaseolus Vulgaris L.) system in north-western hills of India",India,Southern Asia,"CPRI Experimental Farm, Shimla (H.P)",31.0964,77.1717,Potato,Potato-Common Bean,Economic Performance,Benefit Cost Ratio (GRTC),Unitless,Intercropping,Intercropping (N fixing mixed),Monoculture,1.58,,11.0,2.65,,11.0,0.5171,,67.7,3.0
"MD_Paut,_24_A glo_Sc_256","JA_Dua, _17_Effec_LR","MD_Paut,_24_A glo_Sc",Dua et al. 2017,2017,10.18805/lr.v0i0.7841,LR,"Effect of nitrogen application to intercrops on yield, competition, nutrient use efficiency and economics in potato (Solanum Tuberosum L.) plus French bean (Phaseolus Vulgaris L.) system in north-western hills of India",India,Southern Asia,"CPRI Experimental Farm, Shimla (H.P)",31.0964,77.1717,Potato,Potato-Common Bean,Economic Performance,Benefit Cost Ratio (GRTC),Unitless,Intercropping,Intercropping (N fixing mixed),Monoculture,1.58,,11.0,2.66,,11.0,0.5209,,68.4,3.0
"MD_Paut,_24_A glo_Sc_257","JA_Dua, _17_Effec_LR","MD_Paut,_24_A glo_Sc",Dua et al. 2017,2017,10.18805/lr.v0i0.7841,LR,"Effect of nitrogen application to intercrops on yield, competition, nutrient use efficiency and economics in potato (Solanum Tuberosum L.) plus French bean (Phaseolus Vulgaris L.) system in north-western hills of India",India,Southern Asia,"CPRI Experimental Farm, Shimla (H.P)",31.0964,77.1717,Potato,Potato-Common Bean,Economic Performance,Benefit Cost Ratio (GRTC),Unitless,Intercropping,Intercropping (N fixing mixed),Monoculture,1.91,,11.0,2.43,,11.0,0.2408,,27.2,3.0
"MD_Paut,_24_A glo_Sc_258","JA_Dua, _17_Effec_LR","MD_Paut,_24_A glo_Sc",Dua et al. 2017,2017,10.18805/lr.v0i0.7841,LR,"Effect of nitrogen application to intercrops on yield, competition, nutrient use efficiency and economics in potato (Solanum Tuberosum L.) plus French bean (Phaseolus Vulgaris L.) system in north-western hills of India",India,Southern Asia,"CPRI Experimental Farm, Shimla (H.P)",31.0964,77.1717,Potato,Potato-Common Bean,Economic Performance,Benefit Cost Ratio (GRTC),Unitless,Intercropping,Intercropping (N fixing mixed),Monoculture,1.91,,11.0,2.45,,11.0,0.249,,28.3,3.0
"MD_Paut,_24_A glo_Sc_259","JA_Dua, _17_Effec_LR","MD_Paut,_24_A glo_Sc",Dua et al. 2017,2017,10.18805/lr.v0i0.7841,LR,"Effect of nitrogen application to intercrops on yield, competition, nutrient use efficiency and economics in potato (Solanum Tuberosum L.) plus French bean (Phaseolus Vulgaris L.) system in north-western hills of India",India,Southern Asia,"CPRI Experimental Farm, Shimla (H.P)",31.0964,77.1717,Potato,Potato-Common Bean,Economic Performance,Benefit Cost Ratio (GRTC),Unitless,Intercropping,Intercropping (N fixing mixed),Monoculture,1.91,,11.0,2.54,,11.0,0.2851,,33.0,3.0
"MD_Paut,_24_A glo_Sc_260","JA_Dua, _17_Effec_LR","MD_Paut,_24_A glo_Sc",Dua et al. 2017,2017,10.18805/lr.v0i0.7841,LR,"Effect of nitrogen application to intercrops on yield, competition, nutrient use efficiency and economics in potato (Solanum Tuberosum L.) plus French bean (Phaseolus Vulgaris L.) system in north-western hills of India",India,Southern Asia,"CPRI Experimental Farm, Shimla (H.P)",31.0964,77.1717,Potato,Potato-Common Bean,Economic Performance,Benefit Cost Ratio (GRTC),Unitless,Intercropping,Intercropping (N fixing mixed),Monoculture,1.91,,11.0,2.65,,11.0,0.3275,,38.7,3.0
"MD_Paut,_24_A glo_Sc_261","JA_Dua, _17_Effec_LR","MD_Paut,_24_A glo_Sc",Dua et al. 2017,2017,10.18805/lr.v0i0.7841,LR,"Effect of nitrogen application to intercrops on yield, competition, nutrient use efficiency and economics in potato (Solanum Tuberosum L.) plus French bean (Phaseolus Vulgaris L.) system in north-western hills of India",India,Southern Asia,"CPRI Experimental Farm, Shimla (H.P)",31.0964,77.1717,Potato,Potato-Common Bean,Economic Performance,Benefit Cost Ratio (GRTC),Unitless,Intercropping,Intercropping (N fixing mixed),Monoculture,1.91,,11.0,2.66,,11.0,0.3312,,39.3,3.0
"MD_Paut,_24_A glo_Sc_262","JA_Dua, _17_Effec_LR","MD_Paut,_24_A glo_Sc",Dua et al. 2017,2017,10.18805/lr.v0i0.7841,LR,"Effect of nitrogen application to intercrops on yield, competition, nutrient use efficiency and economics in potato (Solanum Tuberosum L.) plus French bean (Phaseolus Vulgaris L.) system in north-western hills of India",India,Southern Asia,"CPRI Experimental Farm, Shimla (H.P)",31.0964,77.1717,Potato,Potato-Common Bean,Income,Gross Return,Rs/ha,Intercropping,Intercropping (N fixing mixed),Monoculture,89666.0,,11.0,117958.0,,11.0,0.2742,,31.6,3.0
"MD_Paut,_24_A glo_Sc_263","JA_Dua, _17_Effec_LR","MD_Paut,_24_A glo_Sc",Dua et al. 2017,2017,10.18805/lr.v0i0.7841,LR,"Effect of nitrogen application to intercrops on yield, competition, nutrient use efficiency and economics in potato (Solanum Tuberosum L.) plus French bean (Phaseolus Vulgaris L.) system in north-western hills of India",India,Southern Asia,"CPRI Experimental Farm, Shimla (H.P)",31.0964,77.1717,Potato,Potato-Common Bean,Income,Gross Return,Rs/ha,Intercropping,Intercropping (N fixing mixed),Monoculture,89666.0,,11.0,119599.0,,11.0,0.2881,,33.4,3.0
"MD_Paut,_24_A glo_Sc_264","JA_Dua, _17_Effec_LR","MD_Paut,_24_A glo_Sc",Dua et al. 2017,2017,10.18805/lr.v0i0.7841,LR,"Effect of nitrogen application to intercrops on yield, competition, nutrient use efficiency and economics in potato (Solanum Tuberosum L.) plus French bean (Phaseolus Vulgaris L.) system in north-western hills of India",India,Southern Asia,"CPRI Experimental Farm, Shimla (H.P)",31.0964,77.1717,Potato,Potato-Common Bean,Income,Gross Return,Rs/ha,Intercropping,Intercropping (N fixing mixed),Monoculture,89666.0,,11.0,124472.0,,11.0,0.328,,38.8,3.0
"MD_Paut,_24_A glo_Sc_265","JA_Dua, _17_Effec_LR","MD_Paut,_24_A glo_Sc",Dua et al. 2017,2017,10.18805/lr.v0i0.7841,LR,"Effect of nitrogen application to intercrops on yield, competition, nutrient use efficiency and economics in potato (Solanum Tuberosum L.) plus French bean (Phaseolus Vulgaris L.) system in north-western hills of India",India,Southern Asia,"CPRI Experimental Farm, Shimla (H.P)",31.0964,77.1717,Potato,Potato-Common Bean,Income,Gross Return,Rs/ha,Intercropping,Intercropping (N fixing mixed),Monoculture,89666.0,,11.0,130830.0,,11.0,0.3778,,45.9,3.0
"MD_Paut,_24_A glo_Sc_266","JA_Dua, _17_Effec_LR","MD_Paut,_24_A glo_Sc",Dua et al. 2017,2017,10.18805/lr.v0i0.7841,LR,"Effect of nitrogen application to intercrops on yield, competition, nutrient use efficiency and economics in potato (Solanum Tuberosum L.) plus French bean (Phaseolus Vulgaris L.) system in north-western hills of India",India,Southern Asia,"CPRI Experimental Farm, Shimla (H.P)",31.0964,77.1717,Potato,Potato-Common Bean,Income,Gross Return,Rs/ha,Intercropping,Intercropping (N fixing mixed),Monoculture,89666.0,,11.0,132069.0,,11.0,0.3872,,47.3,3.0
"MD_Paut,_24_A glo_Sc_267","JA_Dua, _17_Effec_LR","MD_Paut,_24_A glo_Sc",Dua et al. 2017,2017,10.18805/lr.v0i0.7841,LR,"Effect of nitrogen application to intercrops on yield, competition, nutrient use efficiency and economics in potato (Solanum Tuberosum L.) plus French bean (Phaseolus Vulgaris L.) system in north-western hills of India",India,Southern Asia,"CPRI Experimental Farm, Shimla (H.P)",31.0964,77.1717,Potato,Potato-Common Bean,Income,Gross Return,Rs/ha,Intercropping,Intercropping (N fixing mixed),Monoculture,115280.0,,11.0,117958.0,,11.0,0.023,,2.3,3.0
"MD_Paut,_24_A glo_Sc_268","JA_Dua, _17_Effec_LR","MD_Paut,_24_A glo_Sc",Dua et al. 2017,2017,10.18805/lr.v0i0.7841,LR,"Effect of nitrogen application to intercrops on yield, competition, nutrient use efficiency and economics in potato (Solanum Tuberosum L.) plus French bean (Phaseolus Vulgaris L.) system in north-western hills of India",India,Southern Asia,"CPRI Experimental Farm, Shimla (H.P)",31.0964,77.1717,Potato,Potato-Common Bean,Income,Gross Return,Rs/ha,Intercropping,Intercropping (N fixing mixed),Monoculture,115280.0,,11.0,119599.0,,11.0,0.0368,,3.7,3.0
"MD_Paut,_24_A glo_Sc_269","JA_Dua, _17_Effec_LR","MD_Paut,_24_A glo_Sc",Dua et al. 2017,2017,10.18805/lr.v0i0.7841,LR,"Effect of nitrogen application to intercrops on yield, competition, nutrient use efficiency and economics in potato (Solanum Tuberosum L.) plus French bean (Phaseolus Vulgaris L.) system in north-western hills of India",India,Southern Asia,"CPRI Experimental Farm, Shimla (H.P)",31.0964,77.1717,Potato,Potato-Common Bean,Income,Gross Return,Rs/ha,Intercropping,Intercropping (N fixing mixed),Monoculture,115280.0,,11.0,124472.0,,11.0,0.0767,,8.0,3.0
"MD_Paut,_24_A glo_Sc_270","JA_Dua, _17_Effec_LR","MD_Paut,_24_A glo_Sc",Dua et al. 2017,2017,10.18805/lr.v0i0.7841,LR,"Effect of nitrogen application to intercrops on yield, competition, nutrient use efficiency and economics in potato (Solanum Tuberosum L.) plus French bean (Phaseolus Vulgaris L.) system in north-western hills of India",India,Southern Asia,"CPRI Experimental Farm, Shimla (H.P)",31.0964,77.1717,Potato,Potato-Common Bean,Income,Gross Return,Rs/ha,Intercropping,Intercropping (N fixing mixed),Monoculture,115280.0,,11.0,130830.0,,11.0,0.1265,,13.5,3.0
"MD_Paut,_24_A glo_Sc_271","JA_Dua, _17_Effec_LR","MD_Paut,_24_A glo_Sc",Dua et al. 2017,2017,10.18805/lr.v0i0.7841,LR,"Effect of nitrogen application to intercrops on yield, competition, nutrient use efficiency and economics in potato (Solanum Tuberosum L.) plus French bean (Phaseolus Vulgaris L.) system in north-western hills of India",India,Southern Asia,"CPRI Experimental Farm, Shimla (H.P)",31.0964,77.1717,Potato,Potato-Common Bean,Income,Gross Return,Rs/ha,Intercropping,Intercropping (N fixing mixed),Monoculture,115280.0,,11.0,132069.0,,11.0,0.136,,14.6,3.0
"MD_Paut,_24_A glo_Sc_272","JA_Dua, _17_Effec_LR","MD_Paut,_24_A glo_Sc",Dua et al. 2017,2017,10.18805/lr.v0i0.7841,LR,"Effect of nitrogen application to intercrops on yield, competition, nutrient use efficiency and economics in potato (Solanum Tuberosum L.) plus French bean (Phaseolus Vulgaris L.) system in north-western hills of India",India,Southern Asia,"CPRI Experimental Farm, Shimla (H.P)",31.0964,77.1717,Potato,Potato-Common Bean,Income,Gross Return,Rs/ha,Intercropping,Intercropping (N fixing mixed),Monoculture,73227.0,,11.0,117958.0,,11.0,0.4768,,61.1,3.0
"MD_Paut,_24_A glo_Sc_273","JA_Dua, _17_Effec_LR","MD_Paut,_24_A glo_Sc",Dua et al. 2017,2017,10.18805/lr.v0i0.7841,LR,"Effect of nitrogen application to intercrops on yield, competition, nutrient use efficiency and economics in potato (Solanum Tuberosum L.) plus French bean (Phaseolus Vulgaris L.) system in north-western hills of India",India,Southern Asia,"CPRI Experimental Farm, Shimla (H.P)",31.0964,77.1717,Potato,Potato-Common Bean,Income,Gross Return,Rs/ha,Intercropping,Intercropping (N fixing mixed),Monoculture,73227.0,,11.0,119599.0,,11.0,0.4906,,63.3,3.0
"MD_Paut,_24_A glo_Sc_274","JA_Dua, _17_Effec_LR","MD_Paut,_24_A glo_Sc",Dua et al. 2017,2017,10.18805/lr.v0i0.7841,LR,"Effect of nitrogen application to intercrops on yield, competition, nutrient use efficiency and economics in potato (Solanum Tuberosum L.) plus French bean (Phaseolus Vulgaris L.) system in north-western hills of India",India,Southern Asia,"CPRI Experimental Farm, Shimla (H.P)",31.0964,77.1717,Potato,Potato-Common Bean,Income,Gross Return,Rs/ha,Intercropping,Intercropping (N fixing mixed),Monoculture,73227.0,,11.0,124472.0,,11.0,0.5305,,70.0,3.0
"MD_Paut,_24_A glo_Sc_275","JA_Dua, _17_Effec_LR","MD_Paut,_24_A glo_Sc",Dua et al. 2017,2017,10.18805/lr.v0i0.7841,LR,"Effect of nitrogen application to intercrops on yield, competition, nutrient use efficiency and economics in potato (Solanum Tuberosum L.) plus French bean (Phaseolus Vulgaris L.) system in north-western hills of India",India,Southern Asia,"CPRI Experimental Farm, Shimla (H.P)",31.0964,77.1717,Potato,Potato-Common Bean,Income,Gross Return,Rs/ha,Intercropping,Intercropping (N fixing mixed),Monoculture,73227.0,,11.0,130830.0,,11.0,0.5803,,78.7,3.0
"MD_Paut,_24_A glo_Sc_276","JA_Dua, _17_Effec_LR","MD_Paut,_24_A glo_Sc",Dua et al. 2017,2017,10.18805/lr.v0i0.7841,LR,"Effect of nitrogen application to intercrops on yield, competition, nutrient use efficiency and economics in potato (Solanum Tuberosum L.) plus French bean (Phaseolus Vulgaris L.) system in north-western hills of India",India,Southern Asia,"CPRI Experimental Farm, Shimla (H.P)",31.0964,77.1717,Potato,Potato-Common Bean,Income,Gross Return,Rs/ha,Intercropping,Intercropping (N fixing mixed),Monoculture,73227.0,,11.0,132069.0,,11.0,0.5898,,80.4,3.0
"MD_Paut,_24_A glo_Sc_277","JA_Dua, _17_Effec_LR","MD_Paut,_24_A glo_Sc",Dua et al. 2017,2017,10.18805/lr.v0i0.7841,LR,"Effect of nitrogen application to intercrops on yield, competition, nutrient use efficiency and economics in potato (Solanum Tuberosum L.) plus French bean (Phaseolus Vulgaris L.) system in north-western hills of India",India,Southern Asia,"CPRI Experimental Farm, Shimla (H.P)",31.0964,77.1717,Potato,Potato-Common Bean,Income,Gross Return,Rs/ha,Intercropping,Intercropping (N fixing mixed),Monoculture,90768.0,,11.0,117958.0,,11.0,0.262,,30.0,3.0
"MD_Paut,_24_A glo_Sc_278","JA_Dua, _17_Effec_LR","MD_Paut,_24_A glo_Sc",Dua et al. 2017,2017,10.18805/lr.v0i0.7841,LR,"Effect of nitrogen application to intercrops on yield, competition, nutrient use efficiency and economics in potato (Solanum Tuberosum L.) plus French bean (Phaseolus Vulgaris L.) system in north-western hills of India",India,Southern Asia,"CPRI Experimental Farm, Shimla (H.P)",31.0964,77.1717,Potato,Potato-Common Bean,Income,Gross Return,Rs/ha,Intercropping,Intercropping (N fixing mixed),Monoculture,90768.0,,11.0,119599.0,,11.0,0.2758,,31.8,3.0
"MD_Paut,_24_A glo_Sc_279","JA_Dua, _17_Effec_LR","MD_Paut,_24_A glo_Sc",Dua et al. 2017,2017,10.18805/lr.v0i0.7841,LR,"Effect of nitrogen application to intercrops on yield, competition, nutrient use efficiency and economics in potato (Solanum Tuberosum L.) plus French bean (Phaseolus Vulgaris L.) system in north-western hills of India",India,Southern Asia,"CPRI Experimental Farm, Shimla (H.P)",31.0964,77.1717,Potato,Potato-Common Bean,Income,Gross Return,Rs/ha,Intercropping,Intercropping (N fixing mixed),Monoculture,90768.0,,11.0,124472.0,,11.0,0.3158,,37.1,3.0
"MD_Paut,_24_A glo_Sc_280","JA_Dua, _17_Effec_LR","MD_Paut,_24_A glo_Sc",Dua et al. 2017,2017,10.18805/lr.v0i0.7841,LR,"Effect of nitrogen application to intercrops on yield, competition, nutrient use efficiency and economics in potato (Solanum Tuberosum L.) plus French bean (Phaseolus Vulgaris L.) system in north-western hills of India",India,Southern Asia,"CPRI Experimental Farm, Shimla (H.P)",31.0964,77.1717,Potato,Potato-Common Bean,Income,Gross Return,Rs/ha,Intercropping,Intercropping (N fixing mixed),Monoculture,90768.0,,11.0,130830.0,,11.0,0.3656,,44.1,3.0
"MD_Paut,_24_A glo_Sc_281","JA_Dua, _17_Effec_LR","MD_Paut,_24_A glo_Sc",Dua et al. 2017,2017,10.18805/lr.v0i0.7841,LR,"Effect of nitrogen application to intercrops on yield, competition, nutrient use efficiency and economics in potato (Solanum Tuberosum L.) plus French bean (Phaseolus Vulgaris L.) system in north-western hills of India",India,Southern Asia,"CPRI Experimental Farm, Shimla (H.P)",31.0964,77.1717,Potato,Potato-Common Bean,Income,Gross Return,Rs/ha,Intercropping,Intercropping (N fixing mixed),Monoculture,90768.0,,11.0,132069.0,,11.0,0.375,,45.5,3.0
"MD_Paut,_24_A glo_Sc_282",JA_Gebru_15_﻿Eval_Jo,"MD_Paut,_24_A glo_Sc",Gebru et al. 2015,2015,ISSN: 2224-3208,"Journal of Biology, Agriculture and Healthcare","﻿Evaluation of Tomato (Lycopersicon esculentum Mill) and Maize (Zea mays L.) Intercropping on Growth, Yield and Yield Traits of the Crops in Wolaita Zone, Southern Ethiopia",Ethiopia,Eastern Africa,Wolaita Zone of Southern Nations Nationalities and Peoples’ Regional State,6.1167,37.1167,Tomato,Tomato-Maize,Income,Gross Return,Birr/ha,Intercropping,Intercropping (Non N fixing),Monoculture,130500.0,,3.0,171077.73,,3.0,0.2707,,31.1,0.5
"MD_Paut,_24_A glo_Sc_283",JA_Gebru_15_﻿Eval_Jo,"MD_Paut,_24_A glo_Sc",Gebru et al. 2015,2015,ISSN: 2224-3208,"Journal of Biology, Agriculture and Healthcare","﻿Evaluation of Tomato (Lycopersicon esculentum Mill) and Maize (Zea mays L.) Intercropping on Growth, Yield and Yield Traits of the Crops in Wolaita Zone, Southern Ethiopia",Ethiopia,Eastern Africa,Wolaita Zone of Southern Nations Nationalities and Peoples’ Regional State,6.1167,37.1167,Tomato,Tomato-Maize,Income,Gross Return,Birr/ha,Intercropping,Intercropping (Non N fixing),Monoculture,130500.0,,3.0,130364.1,,3.0,-0.001,,-0.1,0.5
"MD_Paut,_24_A glo_Sc_284",JA_Gebru_15_﻿Eval_Jo,"MD_Paut,_24_A glo_Sc",Gebru et al. 2015,2015,ISSN: 2224-3208,"Journal of Biology, Agriculture and Healthcare","﻿Evaluation of Tomato (Lycopersicon esculentum Mill) and Maize (Zea mays L.) Intercropping on Growth, Yield and Yield Traits of the Crops in Wolaita Zone, Southern Ethiopia",Ethiopia,Eastern Africa,Wolaita Zone of Southern Nations Nationalities and Peoples’ Regional State,6.1167,37.1167,Tomato,Tomato-Maize,Income,Gross Return,Birr/ha,Intercropping,Intercropping (Non N fixing),Monoculture,130500.0,,3.0,98490.91,,3.0,-0.2814,,-24.5,0.5
"MD_Paut,_24_A glo_Sc_285",JA_Gebru_15_﻿Eval_Jo,"MD_Paut,_24_A glo_Sc",Gebru et al. 2015,2015,ISSN: 2224-3208,"Journal of Biology, Agriculture and Healthcare","﻿Evaluation of Tomato (Lycopersicon esculentum Mill) and Maize (Zea mays L.) Intercropping on Growth, Yield and Yield Traits of the Crops in Wolaita Zone, Southern Ethiopia",Ethiopia,Eastern Africa,Wolaita Zone of Southern Nations Nationalities and Peoples’ Regional State,6.1167,37.1167,Tomato,Tomato-Maize,Income,Gross Return,Birr/ha,Intercropping,Intercropping (Non N fixing),Monoculture,2810.7,,3.0,171077.73,,3.0,4.1087,,5986.7,0.5
"MD_Paut,_24_A glo_Sc_286",JA_Gebru_15_﻿Eval_Jo,"MD_Paut,_24_A glo_Sc",Gebru et al. 2015,2015,ISSN: 2224-3208,"Journal of Biology, Agriculture and Healthcare","﻿Evaluation of Tomato (Lycopersicon esculentum Mill) and Maize (Zea mays L.) Intercropping on Growth, Yield and Yield Traits of the Crops in Wolaita Zone, Southern Ethiopia",Ethiopia,Eastern Africa,Wolaita Zone of Southern Nations Nationalities and Peoples’ Regional State,6.1167,37.1167,Tomato,Tomato-Maize,Income,Gross Return,Birr/ha,Intercropping,Intercropping (Non N fixing),Monoculture,2810.7,,3.0,130364.1,,3.0,3.8369,,4538.1,0.5
"MD_Paut,_24_A glo_Sc_287",JA_Gebru_15_﻿Eval_Jo,"MD_Paut,_24_A glo_Sc",Gebru et al. 2015,2015,ISSN: 2224-3208,"Journal of Biology, Agriculture and Healthcare","﻿Evaluation of Tomato (Lycopersicon esculentum Mill) and Maize (Zea mays L.) Intercropping on Growth, Yield and Yield Traits of the Crops in Wolaita Zone, Southern Ethiopia",Ethiopia,Eastern Africa,Wolaita Zone of Southern Nations Nationalities and Peoples’ Regional State,6.1167,37.1167,Tomato,Tomato-Maize,Income,Gross Return,Birr/ha,Intercropping,Intercropping (Non N fixing),Monoculture,2810.7,,3.0,98490.91,,3.0,3.5565,,3404.1,0.5
"MD_Paut,_24_A glo_Sc_288",JA_Kabir_17_A Stu_In,"MD_Paut,_24_A glo_Sc",Kabiraj et al. 2017,2017,10.20546/ijcmas.2017.607.306,Int.J.Curr.Microbiol.App.Sci,A Study on Cauliflower (Brassica oleracea var. botrytis) Based Intercropping System,India,Southern Asia,"Horticulture Research Station, Mondouri of Bidhan Chandra Krishi Viswavidyalaya, Mohanpur, Nadia, West Bengal",22.9449,88.5344,Cauliflower,Cauliflower-Common Bean,Income,Gross Return,Rs/ha,Intercropping,Intercropping (N fixing mixed),Monoculture,170137.5,,3.0,201588.5,,3.0,0.1696,,18.5,2.0
"MD_Paut,_24_A glo_Sc_289",JA_Kabir_17_A Stu_In,"MD_Paut,_24_A glo_Sc",Kabiraj et al. 2017,2017,10.20546/ijcmas.2017.607.306,Int.J.Curr.Microbiol.App.Sci,A Study on Cauliflower (Brassica oleracea var. botrytis) Based Intercropping System,India,Southern Asia,"Horticulture Research Station, Mondouri of Bidhan Chandra Krishi Viswavidyalaya, Mohanpur, Nadia, West Bengal",22.9449,88.5344,Cauliflower,Cauliflower-Peas,Income,Gross Return,Rs/ha,Intercropping,Intercropping (N fixing mixed),Monoculture,170137.5,,3.0,196862.5,,3.0,0.1459,,15.7,2.0
"MD_Paut,_24_A glo_Sc_290",JA_Kabir_17_A Stu_In,"MD_Paut,_24_A glo_Sc",Kabiraj et al. 2017,2017,10.20546/ijcmas.2017.607.306,Int.J.Curr.Microbiol.App.Sci,A Study on Cauliflower (Brassica oleracea var. botrytis) Based Intercropping System,India,Southern Asia,"Horticulture Research Station, Mondouri of Bidhan Chandra Krishi Viswavidyalaya, Mohanpur, Nadia, West Bengal",22.9449,88.5344,Cauliflower,Cauliflower-Beet,Income,Gross Return,Rs/ha,Intercropping,Intercropping (Non N fixing),Monoculture,170137.5,,3.0,200272.5,,3.0,0.1631,,17.7,2.0
"MD_Paut,_24_A glo_Sc_291",JA_Kabir_17_A Stu_In,"MD_Paut,_24_A glo_Sc",Kabiraj et al. 2017,2017,10.20546/ijcmas.2017.607.306,Int.J.Curr.Microbiol.App.Sci,A Study on Cauliflower (Brassica oleracea var. botrytis) Based Intercropping System,India,Southern Asia,"Horticulture Research Station, Mondouri of Bidhan Chandra Krishi Viswavidyalaya, Mohanpur, Nadia, West Bengal",22.9449,88.5344,Cauliflower,Cauliflower-Carrot,Income,Gross Return,Rs/ha,Intercropping,Intercropping (Non N fixing),Monoculture,170137.5,,3.0,226220.0,,3.0,0.2849,,33.0,2.0
"MD_Paut,_24_A glo_Sc_292",JA_Kabir_17_A Stu_In,"MD_Paut,_24_A glo_Sc",Kabiraj et al. 2017,2017,10.20546/ijcmas.2017.607.306,Int.J.Curr.Microbiol.App.Sci,A Study on Cauliflower (Brassica oleracea var. botrytis) Based Intercropping System,India,Southern Asia,"Horticulture Research Station, Mondouri of Bidhan Chandra Krishi Viswavidyalaya, Mohanpur, Nadia, West Bengal",22.9449,88.5344,Cauliflower,Cauliflower-Spinach,Income,Gross Return,Rs/ha,Intercropping,Intercropping (Non N fixing),Monoculture,170137.5,,3.0,183360.0,,3.0,0.0748,,7.8,2.0
"MD_Paut,_24_A glo_Sc_293",JA_Kabir_17_A Stu_In,"MD_Paut,_24_A glo_Sc",Kabiraj et al. 2017,2017,10.20546/ijcmas.2017.607.306,Int.J.Curr.Microbiol.App.Sci,A Study on Cauliflower (Brassica oleracea var. botrytis) Based Intercropping System,India,Southern Asia,"Horticulture Research Station, Mondouri of Bidhan Chandra Krishi Viswavidyalaya, Mohanpur, Nadia, West Bengal",22.9449,88.5344,Cauliflower,Cauliflower-Coriander,Income,Gross Return,Rs/ha,Intercropping,Intercropping (Non N fixing),Monoculture,170137.5,,3.0,187760.0,,3.0,0.0986,,10.4,2.0
"MD_Paut,_24_A glo_Sc_294",JA_Kabir_17_A Stu_In,"MD_Paut,_24_A glo_Sc",Kabiraj et al. 2017,2017,10.20546/ijcmas.2017.607.306,Int.J.Curr.Microbiol.App.Sci,A Study on Cauliflower (Brassica oleracea var. botrytis) Based Intercropping System,India,Southern Asia,"Horticulture Research Station, Mondouri of Bidhan Chandra Krishi Viswavidyalaya, Mohanpur, Nadia, West Bengal",22.9449,88.5344,Cauliflower,Cauliflower-Common Bean,Costs,Total Cost,Rs/ha,Intercropping,Intercropping (N fixing mixed),Monoculture,59795.5,,3.0,66691.75,,3.0,0.1092,,11.5,2.0
"MD_Paut,_24_A glo_Sc_295",JA_Kabir_17_A Stu_In,"MD_Paut,_24_A glo_Sc",Kabiraj et al. 2017,2017,10.20546/ijcmas.2017.607.306,Int.J.Curr.Microbiol.App.Sci,A Study on Cauliflower (Brassica oleracea var. botrytis) Based Intercropping System,India,Southern Asia,"Horticulture Research Station, Mondouri of Bidhan Chandra Krishi Viswavidyalaya, Mohanpur, Nadia, West Bengal",22.9449,88.5344,Cauliflower,Cauliflower-Peas,Costs,Total Cost,Rs/ha,Intercropping,Intercropping (N fixing mixed),Monoculture,59795.5,,3.0,61570.5,,3.0,0.0293,,3.0,2.0
"MD_Paut,_24_A glo_Sc_296",JA_Kabir_17_A Stu_In,"MD_Paut,_24_A glo_Sc",Kabiraj et al. 2017,2017,10.20546/ijcmas.2017.607.306,Int.J.Curr.Microbiol.App.Sci,A Study on Cauliflower (Brassica oleracea var. botrytis) Based Intercropping System,India,Southern Asia,"Horticulture Research Station, Mondouri of Bidhan Chandra Krishi Viswavidyalaya, Mohanpur, Nadia, West Bengal",22.9449,88.5344,Cauliflower,Cauliflower-Beet,Costs,Total Cost,Rs/ha,Intercropping,Intercropping (Non N fixing),Monoculture,59795.5,,3.0,59513.0,,3.0,-0.0047,,-0.5,2.0
"MD_Paut,_24_A glo_Sc_297",JA_Kabir_17_A Stu_In,"MD_Paut,_24_A glo_Sc",Kabiraj et al. 2017,2017,10.20546/ijcmas.2017.607.306,Int.J.Curr.Microbiol.App.Sci,A Study on Cauliflower (Brassica oleracea var. botrytis) Based Intercropping System,India,Southern Asia,"Horticulture Research Station, Mondouri of Bidhan Chandra Krishi Viswavidyalaya, Mohanpur, Nadia, West Bengal",22.9449,88.5344,Cauliflower,Cauliflower-Carrot,Costs,Total Cost,Rs/ha,Intercropping,Intercropping (Non N fixing),Monoculture,59795.5,,3.0,65523.0,,3.0,0.0915,,9.6,2.0
"MD_Paut,_24_A glo_Sc_298",JA_Kabir_17_A Stu_In,"MD_Paut,_24_A glo_Sc",Kabiraj et al. 2017,2017,10.20546/ijcmas.2017.607.306,Int.J.Curr.Microbiol.App.Sci,A Study on Cauliflower (Brassica oleracea var. botrytis) Based Intercropping System,India,Southern Asia,"Horticulture Research Station, Mondouri of Bidhan Chandra Krishi Viswavidyalaya, Mohanpur, Nadia, West Bengal",22.9449,88.5344,Cauliflower,Cauliflower-Spinach,Costs,Total Cost,Rs/ha,Intercropping,Intercropping (Non N fixing),Monoculture,59795.5,,3.0,58674.25,,3.0,-0.0189,,-1.9,2.0
"MD_Paut,_24_A glo_Sc_299",JA_Kabir_17_A Stu_In,"MD_Paut,_24_A glo_Sc",Kabiraj et al. 2017,2017,10.20546/ijcmas.2017.607.306,Int.J.Curr.Microbiol.App.Sci,A Study on Cauliflower (Brassica oleracea var. botrytis) Based Intercropping System,India,Southern Asia,"Horticulture Research Station, Mondouri of Bidhan Chandra Krishi Viswavidyalaya, Mohanpur, Nadia, West Bengal",22.9449,88.5344,Cauliflower,Cauliflower-Coriander,Costs,Total Cost,Rs/ha,Intercropping,Intercropping (Non N fixing),Monoculture,59795.5,,3.0,57803.5,,3.0,-0.0339,,-3.3,2.0
"MD_Paut,_24_A glo_Sc_300",JA_Kabir_17_A Stu_In,"MD_Paut,_24_A glo_Sc",Kabiraj et al. 2017,2017,10.20546/ijcmas.2017.607.306,Int.J.Curr.Microbiol.App.Sci,A Study on Cauliflower (Brassica oleracea var. botrytis) Based Intercropping System,India,Southern Asia,"Horticulture Research Station, Mondouri of Bidhan Chandra Krishi Viswavidyalaya, Mohanpur, Nadia, West Bengal",22.9449,88.5344,Cauliflower,Cauliflower-Common Bean,Income,Net Return,Rs/ha,Intercropping,Intercropping (N fixing mixed),Monoculture,110342.0,,3.0,134896.75,,3.0,0.2009,,22.3,2.0
"MD_Paut,_24_A glo_Sc_301",JA_Kabir_17_A Stu_In,"MD_Paut,_24_A glo_Sc",Kabiraj et al. 2017,2017,10.20546/ijcmas.2017.607.306,Int.J.Curr.Microbiol.App.Sci,A Study on Cauliflower (Brassica oleracea var. botrytis) Based Intercropping System,India,Southern Asia,"Horticulture Research Station, Mondouri of Bidhan Chandra Krishi Viswavidyalaya, Mohanpur, Nadia, West Bengal",22.9449,88.5344,Cauliflower,Cauliflower-Peas,Income,Net Return,Rs/ha,Intercropping,Intercropping (N fixing mixed),Monoculture,110342.0,,3.0,135292.0,,3.0,0.2039,,22.6,2.0
"MD_Paut,_24_A glo_Sc_302",JA_Kabir_17_A Stu_In,"MD_Paut,_24_A glo_Sc",Kabiraj et al. 2017,2017,10.20546/ijcmas.2017.607.306,Int.J.Curr.Microbiol.App.Sci,A Study on Cauliflower (Brassica oleracea var. botrytis) Based Intercropping System,India,Southern Asia,"Horticulture Research Station, Mondouri of Bidhan Chandra Krishi Viswavidyalaya, Mohanpur, Nadia, West Bengal",22.9449,88.5344,Cauliflower,Cauliflower-Beet,Income,Net Return,Rs/ha,Intercropping,Intercropping (Non N fixing),Monoculture,110342.0,,3.0,140579.5,,3.0,0.2422,,27.4,2.0
"MD_Paut,_24_A glo_Sc_303",JA_Kabir_17_A Stu_In,"MD_Paut,_24_A glo_Sc",Kabiraj et al. 2017,2017,10.20546/ijcmas.2017.607.306,Int.J.Curr.Microbiol.App.Sci,A Study on Cauliflower (Brassica oleracea var. botrytis) Based Intercropping System,India,Southern Asia,"Horticulture Research Station, Mondouri of Bidhan Chandra Krishi Viswavidyalaya, Mohanpur, Nadia, West Bengal",22.9449,88.5344,Cauliflower,Cauliflower-Carrot,Income,Net Return,Rs/ha,Intercropping,Intercropping (Non N fixing),Monoculture,110342.0,,3.0,160697.0,,3.0,0.3759,,45.6,2.0
"MD_Paut,_24_A glo_Sc_304",JA_Kabir_17_A Stu_In,"MD_Paut,_24_A glo_Sc",Kabiraj et al. 2017,2017,10.20546/ijcmas.2017.607.306,Int.J.Curr.Microbiol.App.Sci,A Study on Cauliflower (Brassica oleracea var. botrytis) Based Intercropping System,India,Southern Asia,"Horticulture Research Station, Mondouri of Bidhan Chandra Krishi Viswavidyalaya, Mohanpur, Nadia, West Bengal",22.9449,88.5344,Cauliflower,Cauliflower-Spinach,Income,Net Return,Rs/ha,Intercropping,Intercropping (Non N fixing),Monoculture,110342.0,,3.0,124685.75,,3.0,0.1222,,13.0,2.0
"MD_Paut,_24_A glo_Sc_305",JA_Kabir_17_A Stu_In,"MD_Paut,_24_A glo_Sc",Kabiraj et al. 2017,2017,10.20546/ijcmas.2017.607.306,Int.J.Curr.Microbiol.App.Sci,A Study on Cauliflower (Brassica oleracea var. botrytis) Based Intercropping System,India,Southern Asia,"Horticulture Research Station, Mondouri of Bidhan Chandra Krishi Viswavidyalaya, Mohanpur, Nadia, West Bengal",22.9449,88.5344,Cauliflower,Cauliflower-Coriander,Income,Net Return,Rs/ha,Intercropping,Intercropping (Non N fixing),Monoculture,110342.0,,3.0,129956.5,,3.0,0.1636,,17.8,2.0
"MD_Paut,_24_A glo_Sc_306",JA_Kabir_17_A Stu_In,"MD_Paut,_24_A glo_Sc",Kabiraj et al. 2017,2017,10.20546/ijcmas.2017.607.306,Int.J.Curr.Microbiol.App.Sci,A Study on Cauliflower (Brassica oleracea var. botrytis) Based Intercropping System,India,Southern Asia,"Horticulture Research Station, Mondouri of Bidhan Chandra Krishi Viswavidyalaya, Mohanpur, Nadia, West Bengal",22.9449,88.5344,Cauliflower,Cauliflower-Common Bean,Economic Performance,Benefit Cost Ratio (NRTC),Unitless,Intercropping,Intercropping (N fixing mixed),Monoculture,1.84,,3.0,2.02,,3.0,0.0933,,9.8,2.0
"MD_Paut,_24_A glo_Sc_307",JA_Kabir_17_A Stu_In,"MD_Paut,_24_A glo_Sc",Kabiraj et al. 2017,2017,10.20546/ijcmas.2017.607.306,Int.J.Curr.Microbiol.App.Sci,A Study on Cauliflower (Brassica oleracea var. botrytis) Based Intercropping System,India,Southern Asia,"Horticulture Research Station, Mondouri of Bidhan Chandra Krishi Viswavidyalaya, Mohanpur, Nadia, West Bengal",22.9449,88.5344,Cauliflower,Cauliflower-Peas,Economic Performance,Benefit Cost Ratio (NRTC),Unitless,Intercropping,Intercropping (N fixing mixed),Monoculture,1.84,,3.0,2.19,,3.0,0.1741,,19.0,2.0
"MD_Paut,_24_A glo_Sc_308",JA_Kabir_17_A Stu_In,"MD_Paut,_24_A glo_Sc",Kabiraj et al. 2017,2017,10.20546/ijcmas.2017.607.306,Int.J.Curr.Microbiol.App.Sci,A Study on Cauliflower (Brassica oleracea var. botrytis) Based Intercropping System,India,Southern Asia,"Horticulture Research Station, Mondouri of Bidhan Chandra Krishi Viswavidyalaya, Mohanpur, Nadia, West Bengal",22.9449,88.5344,Cauliflower,Cauliflower-Beet,Economic Performance,Benefit Cost Ratio (NRTC),Unitless,Intercropping,Intercropping (Non N fixing),Monoculture,1.84,,3.0,2.36,,3.0,0.2489,,28.3,2.0
"MD_Paut,_24_A glo_Sc_309",JA_Kabir_17_A Stu_In,"MD_Paut,_24_A glo_Sc",Kabiraj et al. 2017,2017,10.20546/ijcmas.2017.607.306,Int.J.Curr.Microbiol.App.Sci,A Study on Cauliflower (Brassica oleracea var. botrytis) Based Intercropping System,India,Southern Asia,"Horticulture Research Station, Mondouri of Bidhan Chandra Krishi Viswavidyalaya, Mohanpur, Nadia, West Bengal",22.9449,88.5344,Cauliflower,Cauliflower-Carrot,Economic Performance,Benefit Cost Ratio (NRTC),Unitless,Intercropping,Intercropping (Non N fixing),Monoculture,1.84,,3.0,2.45,,3.0,0.2863,,33.2,2.0
"MD_Paut,_24_A glo_Sc_310",JA_Kabir_17_A Stu_In,"MD_Paut,_24_A glo_Sc",Kabiraj et al. 2017,2017,10.20546/ijcmas.2017.607.306,Int.J.Curr.Microbiol.App.Sci,A Study on Cauliflower (Brassica oleracea var. botrytis) Based Intercropping System,India,Southern Asia,"Horticulture Research Station, Mondouri of Bidhan Chandra Krishi Viswavidyalaya, Mohanpur, Nadia, West Bengal",22.9449,88.5344,Cauliflower,Cauliflower-Spinach,Economic Performance,Benefit Cost Ratio (NRTC),Unitless,Intercropping,Intercropping (Non N fixing),Monoculture,1.84,,3.0,2.12,,3.0,0.1417,,15.2,2.0
"MD_Paut,_24_A glo_Sc_311",JA_Kabir_17_A Stu_In,"MD_Paut,_24_A glo_Sc",Kabiraj et al. 2017,2017,10.20546/ijcmas.2017.607.306,Int.J.Curr.Microbiol.App.Sci,A Study on Cauliflower (Brassica oleracea var. botrytis) Based Intercropping System,India,Southern Asia,"Horticulture Research Station, Mondouri of Bidhan Chandra Krishi Viswavidyalaya, Mohanpur, Nadia, West Bengal",22.9449,88.5344,Cauliflower,Cauliflower-Coriander,Economic Performance,Benefit Cost Ratio (NRTC),Unitless,Intercropping,Intercropping (Non N fixing),Monoculture,1.84,,3.0,2.24,,3.0,0.1967,,21.7,2.0
"MD_Paut,_24_A glo_Sc_312",JA_Ranja_21_Evalu_Ex,"MD_Paut,_24_A glo_Sc",Ranjan et al. 2021,2021,10.1017/S0014479721000053,Ex. Agric.,"Evaluation of maize-based intercropping on runoff, soil loss, and yield in foothills of the Indian sub-Himalayas",India,Southern Asia,"ICAR, Dehradun",30.3453,78.0131,Maize,Maize-Cowpea/Wheat,Costs,Total Cost,USD/ha,Intercropping,Intercropping (N fixing mixed),Monoculture,250.0,,3.0,396.0,,3.0,0.46,,58.4,3.0
"MD_Paut,_24_A glo_Sc_313",JA_Ranja_21_Evalu_Ex,"MD_Paut,_24_A glo_Sc",Ranjan et al. 2021,2021,10.1017/S0014479721000053,Ex. Agric.,"Evaluation of maize-based intercropping on runoff, soil loss, and yield in foothills of the Indian sub-Himalayas",India,Southern Asia,"ICAR, Dehradun",30.3453,78.0131,Maize,Maize-Soybean/Wheat,Costs,Total Cost,USD/ha,Intercropping,Intercropping (N fixing mixed),Monoculture,386.0,,3.0,396.0,,3.0,0.0256,,2.6,3.0
"MD_Paut,_24_A glo_Sc_314",JA_Ranja_21_Evalu_Ex,"MD_Paut,_24_A glo_Sc",Ranjan et al. 2021,2021,10.1017/S0014479721000053,Ex. Agric.,"Evaluation of maize-based intercropping on runoff, soil loss, and yield in foothills of the Indian sub-Himalayas",India,Southern Asia,"ICAR, Dehradun",30.3453,78.0131,Maize,Maize-Cowpea/Wheat,Income,Gross Return,USD/ha,Intercropping,Intercropping (N fixing mixed),Monoculture,437.0,,3.0,741.0,,3.0,0.5281,,69.6,3.0
"MD_Paut,_24_A glo_Sc_315",JA_Ranja_21_Evalu_Ex,"MD_Paut,_24_A glo_Sc",Ranjan et al. 2021,2021,10.1017/S0014479721000053,Ex. Agric.,"Evaluation of maize-based intercropping on runoff, soil loss, and yield in foothills of the Indian sub-Himalayas",India,Southern Asia,"ICAR, Dehradun",30.3453,78.0131,Maize,Maize-Soybean/Wheat,Income,Gross Return,USD/ha,Intercropping,Intercropping (N fixing mixed),Monoculture,539.0,,3.0,664.0,,3.0,0.2086,,23.2,3.0
"MD_Paut,_24_A glo_Sc_316",JA_Ranja_21_Evalu_Ex,"MD_Paut,_24_A glo_Sc",Ranjan et al. 2021,2021,10.1017/S0014479721000053,Ex. Agric.,"Evaluation of maize-based intercropping on runoff, soil loss, and yield in foothills of the Indian sub-Himalayas",India,Southern Asia,"ICAR, Dehradun",30.3453,78.0131,Maize,Maize-Cowpea/Wheat,Income,Net Return,USD/ha,Intercropping,Intercropping (N fixing mixed),Monoculture,187.0,,3.0,346.0,,3.0,0.6153,,85.0,3.0
"MD_Paut,_24_A glo_Sc_317",JA_Ranja_21_Evalu_Ex,"MD_Paut,_24_A glo_Sc",Ranjan et al. 2021,2021,10.1017/S0014479721000053,Ex. Agric.,"Evaluation of maize-based intercropping on runoff, soil loss, and yield in foothills of the Indian sub-Himalayas",India,Southern Asia,"ICAR, Dehradun",30.3453,78.0131,Maize,Maize-Soybean/Wheat,Income,Net Return,USD/ha,Intercropping,Intercropping (N fixing mixed),Monoculture,153.0,,3.0,269.0,,3.0,0.5643,,75.8,3.0
"MD_Paut,_24_A glo_Sc_318",JA_Ranja_21_Evalu_Ex,"MD_Paut,_24_A glo_Sc",Ranjan et al. 2021,2021,10.1017/S0014479721000053,Ex. Agric.,"Evaluation of maize-based intercropping on runoff, soil loss, and yield in foothills of the Indian sub-Himalayas",India,Southern Asia,"ICAR, Dehradun",30.3453,78.0131,Maize,Maize-Cowpea/Wheat,Economic Performance,Benefit Cost Ratio (GRTC),ratio,Intercropping,Intercropping (N fixing mixed),Monoculture,1.75,,3.0,1.86,,3.0,0.061,,6.3,3.0
"MD_Paut,_24_A glo_Sc_319",JA_Ranja_21_Evalu_Ex,"MD_Paut,_24_A glo_Sc",Ranjan et al. 2021,2021,10.1017/S0014479721000053,Ex. Agric.,"Evaluation of maize-based intercropping on runoff, soil loss, and yield in foothills of the Indian sub-Himalayas",India,Southern Asia,"ICAR, Dehradun",30.3453,78.0131,Maize,Maize-Soybean/Wheat,Economic Performance,Benefit Cost Ratio (GRTC),ratio,Intercropping,Intercropping (N fixing mixed),Monoculture,1.4,,3.0,1.68,,3.0,0.1823,,20.0,3.0
"MD_Paut,_24_A glo_Sc_320","JA_Rao, _90_Produ_Fi","MD_Paut,_24_A glo_Sc",Rao et al. 1990,1990,10.1016/0378-4290(90)90060-O,Field Crops Research,Productivity and risk evaluation in constrasting intercropping systems,India,Southern Asia,"ICRISAT Center, Patancheru",17.5178,78.279,Sorghum,Sorghum-Pigeon Pea,Income,Net Return,Rs/ha,Intercropping,Intercropping (N fixing mixed),Monoculture,3848.0,2264.0,36.0,5367.0,2519.0,36.0,0.3327,0.1254,39.5,4.0
"MD_Paut,_24_A glo_Sc_321","JA_Rao, _90_Produ_Fi","MD_Paut,_24_A glo_Sc",Rao et al. 1990,1990,10.1016/0378-4290(90)90060-O,Field Crops Research,Productivity and risk evaluation in constrasting intercropping systems,India,Southern Asia,"ICRISAT Center, Patancheru",17.5178,78.279,Sorghum,Sorghum-Pearl Millet,Income,Net Return,Rs/ha,Intercropping,Intercropping (Non N fixing),Monoculture,3848.0,2264.0,36.0,3021.0,1181.0,36.0,-0.242,0.1177,-21.5,4.0
"MD_Paut,_24_A glo_Sc_322","JA_Rao, _90_Produ_Fi","MD_Paut,_24_A glo_Sc",Rao et al. 1990,1990,10.1016/0378-4290(90)90060-O,Field Crops Research,Productivity and risk evaluation in constrasting intercropping systems,India,Southern Asia,"ICRISAT Center, Patancheru",17.5178,78.279,Pearl Millet,Pearl Millet-Groundnut,Income,Net Return,Rs/ha,Intercropping,Intercropping (N fixing mixed),Monoculture,2195.0,1029.0,36.0,2921.0,1778.0,36.0,0.2857,0.128,33.1,4.0
"MD_Paut,_24_A glo_Sc_323","JA_Rao, _90_Produ_Fi","MD_Paut,_24_A glo_Sc",Rao et al. 1990,1990,10.1016/0378-4290(90)90060-O,Field Crops Research,Productivity and risk evaluation in constrasting intercropping systems,India,Southern Asia,"ICRISAT Center, Patancheru",17.5178,78.279,Sorghum,Sorghum-Pearl Millet,Income,Net Return,Rs/ha,Intercropping,Intercropping (Non N fixing),Monoculture,2195.0,1029.0,36.0,3021.0,1181.0,36.0,0.3194,0.1017,37.6,4.0
"MD_Paut,_24_A glo_Sc_324","JA_Rao, _90_Produ_Fi","MD_Paut,_24_A glo_Sc",Rao et al. 1990,1990,10.1016/0378-4290(90)90060-O,Field Crops Research,Productivity and risk evaluation in constrasting intercropping systems,India,Southern Asia,"ICRISAT Center, Patancheru",17.5178,78.279,Sorghum,Sorghum-Pigeon Pea,Income,Net Return,Rs/ha,Intercropping,Intercropping (N fixing mixed),Monoculture,3063.0,2427.0,36.0,5367.0,2519.0,36.0,0.5609,0.1535,75.2,4.0
"MD_Paut,_24_A glo_Sc_325","JA_Rao, _90_Produ_Fi","MD_Paut,_24_A glo_Sc",Rao et al. 1990,1990,10.1016/0378-4290(90)90060-O,Field Crops Research,Productivity and risk evaluation in constrasting intercropping systems,India,Southern Asia,"ICRISAT Center, Patancheru",17.5178,78.279,Groundnut,Groundnut-Pigeon Pea,Income,Net Return,Rs/ha,Intercropping,Intercropping (N fixing),Monoculture,3063.0,2427.0,36.0,4561.0,2057.0,36.0,0.3981,0.152,48.9,4.0
"MD_Paut,_24_A glo_Sc_326","JA_Rao, _90_Produ_Fi","MD_Paut,_24_A glo_Sc",Rao et al. 1990,1990,10.1016/0378-4290(90)90060-O,Field Crops Research,Productivity and risk evaluation in constrasting intercropping systems,India,Southern Asia,"ICRISAT Center, Patancheru",17.5178,78.279,Pearl Millet,Pearl Millet-Groundnut,Income,Net Return,Rs/ha,Intercropping,Intercropping (N fixing mixed),Monoculture,2798.0,2512.0,36.0,2921.0,1778.0,36.0,0.043,0.1808,4.4,4.0
"MD_Paut,_24_A glo_Sc_327","JA_Rao, _90_Produ_Fi","MD_Paut,_24_A glo_Sc",Rao et al. 1990,1990,10.1016/0378-4290(90)90060-O,Field Crops Research,Productivity and risk evaluation in constrasting intercropping systems,India,Southern Asia,"ICRISAT Center, Patancheru",17.5178,78.279,Groundnut,Groundnut-Pigeon Pea,Income,Net Return,Rs/ha,Intercropping,Intercropping (N fixing),Monoculture,2798.0,2512.0,36.0,4561.0,2057.0,36.0,0.4886,0.1674,63.0,4.0
"MD_Paut,_24_A glo_Sc_328",JA_Veera_24_EFFEC_Ap,"MD_Paut,_24_A glo_Sc",Veeramani et al. 2024,2024,10.15666/aeer/2202_11391148,Appl. Ecol. Env. Res.,EFFECT OF DIFFERENT TILLAGE PRACTISES ON CASTOR (RICINUS COMMUNIS L.) CULTIVATION IN LEGUME-BASED INTERCROPPING SYSTEM,India,Southern Asia,"Tapioca and Castor Research Station (TCRS) farm, Tamil Nadu Agricultural University, Yethapur, Tamil Nadu",11.652,78.469,Castor,Castor-Green Gram,Income,Gross Return,USD/ha,Intercropping,Intercropping (N fixing mixed),Monoculture,705.6,,3.0,921.4,,3.0,0.2668,,30.6,2.0
"MD_Paut,_24_A glo_Sc_329",JA_Veera_24_EFFEC_Ap,"MD_Paut,_24_A glo_Sc",Veeramani et al. 2024,2024,10.15666/aeer/2202_11391148,Appl. Ecol. Env. Res.,EFFECT OF DIFFERENT TILLAGE PRACTISES ON CASTOR (RICINUS COMMUNIS L.) CULTIVATION IN LEGUME-BASED INTERCROPPING SYSTEM,India,Southern Asia,"Tapioca and Castor Research Station (TCRS) farm, Tamil Nadu Agricultural University, Yethapur, Tamil Nadu",11.652,78.469,Castor,Castor-Cowpea,Income,Gross Return,USD/ha,Intercropping,Intercropping (N fixing mixed),Monoculture,705.6,,3.0,920.2,,3.0,0.2655,,30.4,2.0
"MD_Paut,_24_A glo_Sc_330",JA_Veera_24_EFFEC_Ap,"MD_Paut,_24_A glo_Sc",Veeramani et al. 2024,2024,10.15666/aeer/2202_11391148,Appl. Ecol. Env. Res.,EFFECT OF DIFFERENT TILLAGE PRACTISES ON CASTOR (RICINUS COMMUNIS L.) CULTIVATION IN LEGUME-BASED INTERCROPPING SYSTEM,India,Southern Asia,"Tapioca and Castor Research Station (TCRS) farm, Tamil Nadu Agricultural University, Yethapur, Tamil Nadu",11.652,78.469,Castor,Castor-Groundnut,Income,Gross Return,USD/ha,Intercropping,Intercropping (N fixing mixed),Monoculture,705.6,,3.0,1315.1,,3.0,0.6226,,86.4,2.0
"MD_Paut,_24_A glo_Sc_331",JA_Veera_24_EFFEC_Ap,"MD_Paut,_24_A glo_Sc",Veeramani et al. 2024,2024,10.15666/aeer/2202_11391148,Appl. Ecol. Env. Res.,EFFECT OF DIFFERENT TILLAGE PRACTISES ON CASTOR (RICINUS COMMUNIS L.) CULTIVATION IN LEGUME-BASED INTERCROPPING SYSTEM,India,Southern Asia,"Tapioca and Castor Research Station (TCRS) farm, Tamil Nadu Agricultural University, Yethapur, Tamil Nadu",11.652,78.469,Castor,Castor-Green Gram,Income,Net Return,USD/ha,Intercropping,Intercropping (N fixing mixed),Monoculture,383.5,,3.0,543.4,,3.0,0.3485,,41.7,2.0
"MD_Paut,_24_A glo_Sc_332",JA_Veera_24_EFFEC_Ap,"MD_Paut,_24_A glo_Sc",Veeramani et al. 2024,2024,10.15666/aeer/2202_11391148,Appl. Ecol. Env. Res.,EFFECT OF DIFFERENT TILLAGE PRACTISES ON CASTOR (RICINUS COMMUNIS L.) CULTIVATION IN LEGUME-BASED INTERCROPPING SYSTEM,India,Southern Asia,"Tapioca and Castor Research Station (TCRS) farm, Tamil Nadu Agricultural University, Yethapur, Tamil Nadu",11.652,78.469,Castor,Castor-Cowpea,Income,Net Return,USD/ha,Intercropping,Intercropping (N fixing mixed),Monoculture,383.5,,3.0,533.9,,3.0,0.3309,,39.2,2.0
"MD_Paut,_24_A glo_Sc_333",JA_Veera_24_EFFEC_Ap,"MD_Paut,_24_A glo_Sc",Veeramani et al. 2024,2024,10.15666/aeer/2202_11391148,Appl. Ecol. Env. Res.,EFFECT OF DIFFERENT TILLAGE PRACTISES ON CASTOR (RICINUS COMMUNIS L.) CULTIVATION IN LEGUME-BASED INTERCROPPING SYSTEM,India,Southern Asia,"Tapioca and Castor Research Station (TCRS) farm, Tamil Nadu Agricultural University, Yethapur, Tamil Nadu",11.652,78.469,Castor,Castor-Groundnut,Income,Net Return,USD/ha,Intercropping,Intercropping (N fixing mixed),Monoculture,383.5,,3.0,819.5,,3.0,0.7594,,113.7,2.0
"MD_Paut,_24_A glo_Sc_334",JA_Veera_24_EFFEC_Ap,"MD_Paut,_24_A glo_Sc",Veeramani et al. 2024,2024,10.15666/aeer/2202_11391148,Appl. Ecol. Env. Res.,EFFECT OF DIFFERENT TILLAGE PRACTISES ON CASTOR (RICINUS COMMUNIS L.) CULTIVATION IN LEGUME-BASED INTERCROPPING SYSTEM,India,Southern Asia,"Tapioca and Castor Research Station (TCRS) farm, Tamil Nadu Agricultural University, Yethapur, Tamil Nadu",11.652,78.469,Castor,Castor-Green Gram,Economic Performance,Benefit Cost Ratio (GRTC),ratio,Intercropping,Intercropping (N fixing mixed),Monoculture,2.19,,3.0,2.44,,3.0,0.1081,,11.4,2.0
"MD_Paut,_24_A glo_Sc_335",JA_Veera_24_EFFEC_Ap,"MD_Paut,_24_A glo_Sc",Veeramani et al. 2024,2024,10.15666/aeer/2202_11391148,Appl. Ecol. Env. Res.,EFFECT OF DIFFERENT TILLAGE PRACTISES ON CASTOR (RICINUS COMMUNIS L.) CULTIVATION IN LEGUME-BASED INTERCROPPING SYSTEM,India,Southern Asia,"Tapioca and Castor Research Station (TCRS) farm, Tamil Nadu Agricultural University, Yethapur, Tamil Nadu",11.652,78.469,Castor,Castor-Cowpea,Economic Performance,Benefit Cost Ratio (GRTC),ratio,Intercropping,Intercropping (N fixing mixed),Monoculture,2.19,,3.0,2.38,,3.0,0.0832,,8.7,2.0
"MD_Paut,_24_A glo_Sc_336",JA_Veera_24_EFFEC_Ap,"MD_Paut,_24_A glo_Sc",Veeramani et al. 2024,2024,10.15666/aeer/2202_11391148,Appl. Ecol. Env. Res.,EFFECT OF DIFFERENT TILLAGE PRACTISES ON CASTOR (RICINUS COMMUNIS L.) CULTIVATION IN LEGUME-BASED INTERCROPPING SYSTEM,India,Southern Asia,"Tapioca and Castor Research Station (TCRS) farm, Tamil Nadu Agricultural University, Yethapur, Tamil Nadu",11.652,78.469,Castor,Castor-Groundnut,Economic Performance,Benefit Cost Ratio (GRTC),ratio,Intercropping,Intercropping (N fixing mixed),Monoculture,2.19,,3.0,2.65,,3.0,0.1907,,21.0,2.0
"MD_Paut,_24_A glo_Sc_337",JA_Biswa_22_Agrof_Jo,"MD_Paut,_24_A glo_Sc",Biswas et al. 2022,2022,10.1016/j.jclepro.2022.132768,Journal of Cleaner Production,Agroforestry offers multiple ecosystem services in degraded lateritic soils,India,Southern Asia,"Regional Research Station, Jhargram, West Bengal",22.75,87.0167,Gmelina arborea,Gmelina arborea-Mango,Efficiency,Energy Use Efficiency,USD/KJ,Agroforestry,Alleycropping + Agroforestry (low diversity) + Agroforestry (moderate shaded),Timber plantation,3.42,,3.0,5.46,,3.0,0.4678,,59.6,10.0
"MD_Paut,_24_A glo_Sc_338",JA_Biswa_22_Agrof_Jo,"MD_Paut,_24_A glo_Sc",Biswas et al. 2022,2022,10.1016/j.jclepro.2022.132768,Journal of Cleaner Production,Agroforestry offers multiple ecosystem services in degraded lateritic soils,India,Southern Asia,"Regional Research Station, Jhargram, West Bengal",22.75,87.0167,Gmelina arborea,Gmelina arborea-Pigeon Pea,Efficiency,Energy Use Efficiency,USD/KJ,Agroforestry,Alleycropping + Agroforestry (low diversity) + Agroforestry (moderate shaded),Timber plantation,3.42,,3.0,3.96,,3.0,0.1466,,15.8,10.0
"MD_Paut,_24_A glo_Sc_339",JA_Biswa_22_Agrof_Jo,"MD_Paut,_24_A glo_Sc",Biswas et al. 2022,2022,10.1016/j.jclepro.2022.132768,Journal of Cleaner Production,Agroforestry offers multiple ecosystem services in degraded lateritic soils,India,Southern Asia,"Regional Research Station, Jhargram, West Bengal",22.75,87.0167,Gmelina arborea,Gmelina arborea-Mango-Pigeon Pea,Efficiency,Energy Use Efficiency,USD/KJ,Agroforestry,Alleycropping + Agroforestry (low diversity) + Agroforestry (moderate shaded),Timber plantation,3.42,,3.0,5.9,,3.0,0.5453,,72.5,10.0
"MD_Paut,_24_A glo_Sc_340",JA_Biswa_22_Agrof_Jo,"MD_Paut,_24_A glo_Sc",Biswas et al. 2022,2022,10.1016/j.jclepro.2022.132768,Journal of Cleaner Production,Agroforestry offers multiple ecosystem services in degraded lateritic soils,India,Southern Asia,"Regional Research Station, Jhargram, West Bengal",22.75,87.0167,Gmelina arborea,Gmelina arborea-Mango,Efficiency,Energy Use Efficiency,USD/KJ,Agroforestry,Alleycropping + Agroforestry (low diversity) + Agroforestry (moderate shaded),Monoculture,8.13,,3.0,5.46,,3.0,-0.3981,,-32.8,10.0
"MD_Paut,_24_A glo_Sc_341",JA_Biswa_22_Agrof_Jo,"MD_Paut,_24_A glo_Sc",Biswas et al. 2022,2022,10.1016/j.jclepro.2022.132768,Journal of Cleaner Production,Agroforestry offers multiple ecosystem services in degraded lateritic soils,India,Southern Asia,"Regional Research Station, Jhargram, West Bengal",22.75,87.0167,Mango,Mango-Pigeon Pea,Efficiency,Energy Use Efficiency,USD/KJ,Agroforestry,Alleycropping + Agroforestry (low diversity) + Agroforestry (moderate shaded),Monoculture,8.13,,3.0,7.26,,3.0,-0.1132,,-10.7,10.0
"MD_Paut,_24_A glo_Sc_342",JA_Biswa_22_Agrof_Jo,"MD_Paut,_24_A glo_Sc",Biswas et al. 2022,2022,10.1016/j.jclepro.2022.132768,Journal of Cleaner Production,Agroforestry offers multiple ecosystem services in degraded lateritic soils,India,Southern Asia,"Regional Research Station, Jhargram, West Bengal",22.75,87.0167,Gmelina arborea,Gmelina arborea-Mango-Pigeon Pea,Efficiency,Energy Use Efficiency,USD/KJ,Agroforestry,Alleycropping + Agroforestry (low diversity) + Agroforestry (moderate shaded),Monoculture,8.13,,3.0,5.9,,3.0,-0.3206,,-27.4,10.0
"MD_Paut,_24_A glo_Sc_343",JA_Biswa_22_Agrof_Jo,"MD_Paut,_24_A glo_Sc",Biswas et al. 2022,2022,10.1016/j.jclepro.2022.132768,Journal of Cleaner Production,Agroforestry offers multiple ecosystem services in degraded lateritic soils,India,Southern Asia,"Regional Research Station, Jhargram, West Bengal",22.75,87.0167,Gmelina arborea,Gmelina arborea-Pigeon Pea,Efficiency,Energy Use Efficiency,USD/KJ,Agroforestry,Alleycropping + Agroforestry (low diversity) + Agroforestry (moderate shaded),Monoculture,7.43,,3.0,3.96,,3.0,-0.6293,,-46.7,10.0
"MD_Paut,_24_A glo_Sc_344",JA_Biswa_22_Agrof_Jo,"MD_Paut,_24_A glo_Sc",Biswas et al. 2022,2022,10.1016/j.jclepro.2022.132768,Journal of Cleaner Production,Agroforestry offers multiple ecosystem services in degraded lateritic soils,India,Southern Asia,"Regional Research Station, Jhargram, West Bengal",22.75,87.0167,Mango,Mango-Pigeon Pea,Efficiency,Energy Use Efficiency,USD/KJ,Agroforestry,Alleycropping + Agroforestry (low diversity) + Agroforestry (moderate shaded),Monoculture,7.43,,3.0,7.26,,3.0,-0.0231,,-2.3,10.0
"MD_Paut,_24_A glo_Sc_345",JA_Biswa_22_Agrof_Jo,"MD_Paut,_24_A glo_Sc",Biswas et al. 2022,2022,10.1016/j.jclepro.2022.132768,Journal of Cleaner Production,Agroforestry offers multiple ecosystem services in degraded lateritic soils,India,Southern Asia,"Regional Research Station, Jhargram, West Bengal",22.75,87.0167,Gmelina arborea,Gmelina arborea-Mango-Pigeon Pea,Efficiency,Energy Use Efficiency,USD/KJ,Agroforestry,Alleycropping + Agroforestry (low diversity) + Agroforestry (moderate shaded),Monoculture,7.43,,3.0,5.9,,3.0,-0.2306,,-20.6,10.0
"MD_Paut,_24_A glo_Sc_346",JA_Ranja_21_Evalu_Ex,"MD_Paut,_24_A glo_Sc",Ranjan et al. 2021,2021,10.1017/S0014479721000053,Ex. Agric.,"Evaluation of maize-based intercropping on runoff, soil loss, and yield in foothills of the Indian sub-Himalayas",India,Southern Asia,"ICAR, Dehradun",30.3453,78.0131,Maize,Maize-Cowpea/Wheat,Efficiency,Water Use Efficiency,kg/ha/mm,Intercropping,Intercropping (N fixing mixed),Monoculture,4.25818882466281,0.7342026544607994,3.0,5.47206165703275,0.30035563137033056,3.0,0.2508,0.1045,28.5,3.0
"MD_Paut,_24_A glo_Sc_347",JA_Ranja_21_Evalu_Ex,"MD_Paut,_24_A glo_Sc",Ranjan et al. 2021,2021,10.1017/S0014479721000053,Ex. Agric.,"Evaluation of maize-based intercropping on runoff, soil loss, and yield in foothills of the Indian sub-Himalayas",India,Southern Asia,"ICAR, Dehradun",30.3453,78.0131,Maize,Maize-Soybean/Wheat,Efficiency,Water Use Efficiency,kg/ha/mm,Intercropping,Intercropping (N fixing mixed),Monoculture,5.52986512524084,0.8009483503208676,3.0,6.30057803468208,0.5005927189505386,3.0,0.1305,0.0954,13.9,3.0
"MD_Paut,_24_A glo_Sc_348",JA_Ranja_21_Evalu_Ex,"MD_Paut,_24_A glo_Sc",Ranjan et al. 2021,2021,10.1017/S0014479721000053,Ex. Agric.,"Evaluation of maize-based intercropping on runoff, soil loss, and yield in foothills of the Indian sub-Himalayas",India,Southern Asia,"ICAR, Dehradun",30.3453,78.0131,Maize,Maize-Cowpea/Wheat,Efficiency,Water Use Efficiency,kg/ha/mm,Intercropping,Intercropping (N fixing mixed),Monoculture,3.52601156069364,0.20023708758020883,3.0,4.8747591522158,0.5339655668805728,3.0,0.3239,0.0712,38.3,3.0
"MD_Paut,_24_A glo_Sc_349",JA_Ranja_21_Evalu_Ex,"MD_Paut,_24_A glo_Sc",Ranjan et al. 2021,2021,10.1017/S0014479721000053,Ex. Agric.,"Evaluation of maize-based intercropping on runoff, soil loss, and yield in foothills of the Indian sub-Himalayas",India,Southern Asia,"ICAR, Dehradun",30.3453,78.0131,Maize,Maize-Soybean/Wheat,Efficiency,Water Use Efficiency,kg/ha/mm,Intercropping,Intercropping (N fixing mixed),Monoculture,4.47013487475915,0.20023708758020808,3.0,4.45086705202312,0.33372847930036476,3.0,-0.0043,0.0504,-0.4,3.0
"MD_Paut,_24_A glo_Sc_350",JA_Ranja_21_Evalu_Ex,"MD_Paut,_24_A glo_Sc",Ranjan et al. 2021,2021,10.1017/S0014479721000053,Ex. Agric.,"Evaluation of maize-based intercropping on runoff, soil loss, and yield in foothills of the Indian sub-Himalayas",India,Southern Asia,"ICAR, Dehradun",30.3453,78.0131,Maize,Maize-Cowpea/Wheat,Efficiency,Water Use Efficiency,kg/ha/mm,Intercropping,Intercropping (N fixing mixed),Monoculture,5.43352601156069,0.7342026544607994,3.0,9.26782273603083,0.9678125899710431,3.0,0.534,0.0986,70.6,3.0
"MD_Paut,_24_A glo_Sc_351",JA_Ranja_21_Evalu_Ex,"MD_Paut,_24_A glo_Sc",Ranjan et al. 2021,2021,10.1017/S0014479721000053,Ex. Agric.,"Evaluation of maize-based intercropping on runoff, soil loss, and yield in foothills of the Indian sub-Himalayas",India,Southern Asia,"ICAR, Dehradun",30.3453,78.0131,Maize,Maize-Soybean/Wheat,Efficiency,Water Use Efficiency,kg/ha/mm,Intercropping,Intercropping (N fixing mixed),Monoculture,7.10982658959537,0.7342026544607994,3.0,7.82273603082851,1.334913917201459,3.0,0.0956,0.1152,10.0,3.0
"MD_Paut,_24_A glo_Sc_352",JA_ADHIK_91_STUDI_J,"MD_Paut,_24_A glo_Sc",ADHIKARY et al. 1991,1991,10.1111/j.1439-037X.1991.tb00959.x,J Agronomy Crop Science,STUDIES ON MAIZE-LEGUME INTERCROPPING AND THEIR RESIDUAL EFFECTS ON SOIL FERTILITY STATUS AND SUCCEEDING CROP IN UPLAND SITUATION,India,Southern Asia,Agricultural Experimental Farm of Indian Statistical Institute at Giridih,24.1912,86.3054,Maize,Maize-Groundnut/Wheat,Soil Quality,Soil Organic Carbon,% carbon,Intercropping,Intercropping (N fixing mixed),Monoculture,0.503,,,0.517,,,0.0275,,2.8,2.0
"MD_Paut,_24_A glo_Sc_353",JA_ADHIK_91_STUDI_J,"MD_Paut,_24_A glo_Sc",ADHIKARY et al. 1991,1991,10.1111/j.1439-037X.1991.tb00959.x,J Agronomy Crop Science,STUDIES ON MAIZE-LEGUME INTERCROPPING AND THEIR RESIDUAL EFFECTS ON SOIL FERTILITY STATUS AND SUCCEEDING CROP IN UPLAND SITUATION,India,Southern Asia,Agricultural Experimental Farm of Indian Statistical Institute at Giridih,24.1912,86.3054,Maize,Maize-Cowpea/Wheat,Soil Quality,Soil Organic Carbon,% carbon,Intercropping,Intercropping (N fixing mixed),Monoculture,0.503,,,0.52,,,0.0332,,3.4,2.0
"MD_Paut,_24_A glo_Sc_354",JA_ADHIK_91_STUDI_J,"MD_Paut,_24_A glo_Sc",ADHIKARY et al. 1991,1991,10.1111/j.1439-037X.1991.tb00959.x,J Agronomy Crop Science,STUDIES ON MAIZE-LEGUME INTERCROPPING AND THEIR RESIDUAL EFFECTS ON SOIL FERTILITY STATUS AND SUCCEEDING CROP IN UPLAND SITUATION,India,Southern Asia,Agricultural Experimental Farm of Indian Statistical Institute at Giridih,24.1912,86.3054,Maize,Maize-Mung Bean/Wheat,Soil Quality,Soil Organic Carbon,% carbon,Intercropping,Intercropping (N fixing mixed),Monoculture,0.503,,,0.667,,,0.2822,,32.6,2.0
"MD_Paut,_24_A glo_Sc_355",JA_ADHIK_91_STUDI_J,"MD_Paut,_24_A glo_Sc",ADHIKARY et al. 1991,1991,10.1111/j.1439-037X.1991.tb00959.x,J Agronomy Crop Science,STUDIES ON MAIZE-LEGUME INTERCROPPING AND THEIR RESIDUAL EFFECTS ON SOIL FERTILITY STATUS AND SUCCEEDING CROP IN UPLAND SITUATION,India,Southern Asia,Agricultural Experimental Farm of Indian Statistical Institute at Giridih,24.1912,86.3054,Maize,Maize-Soybean/Wheat,Soil Quality,Soil Organic Carbon,% carbon,Intercropping,Intercropping (N fixing mixed),Monoculture,0.503,,,0.735,,,0.3793,,46.1,2.0
"MD_Paut,_24_A glo_Sc_356",JA_ADHIK_91_STUDI_J,"MD_Paut,_24_A glo_Sc",ADHIKARY et al. 1991,1991,10.1111/j.1439-037X.1991.tb00959.x,J Agronomy Crop Science,STUDIES ON MAIZE-LEGUME INTERCROPPING AND THEIR RESIDUAL EFFECTS ON SOIL FERTILITY STATUS AND SUCCEEDING CROP IN UPLAND SITUATION,India,Southern Asia,Agricultural Experimental Farm of Indian Statistical Institute at Giridih,24.1912,86.3054,Maize,Maize-Groundnut/Wheat,Soil Quality,Soil Organic Carbon,% carbon,Intercropping,Intercropping (N fixing mixed),Monoculture,0.565,,,0.517,,,-0.0888,,-8.5,2.0
"MD_Paut,_24_A glo_Sc_357",JA_ADHIK_91_STUDI_J,"MD_Paut,_24_A glo_Sc",ADHIKARY et al. 1991,1991,10.1111/j.1439-037X.1991.tb00959.x,J Agronomy Crop Science,STUDIES ON MAIZE-LEGUME INTERCROPPING AND THEIR RESIDUAL EFFECTS ON SOIL FERTILITY STATUS AND SUCCEEDING CROP IN UPLAND SITUATION,India,Southern Asia,Agricultural Experimental Farm of Indian Statistical Institute at Giridih,24.1912,86.3054,Maize,Maize-Cowpea/Wheat,Soil Quality,Soil Organic Carbon,% carbon,Intercropping,Intercropping (N fixing mixed),Monoculture,0.66,,,0.52,,,-0.2384,,-21.2,2.0
"MD_Paut,_24_A glo_Sc_358",JA_ADHIK_91_STUDI_J,"MD_Paut,_24_A glo_Sc",ADHIKARY et al. 1991,1991,10.1111/j.1439-037X.1991.tb00959.x,J Agronomy Crop Science,STUDIES ON MAIZE-LEGUME INTERCROPPING AND THEIR RESIDUAL EFFECTS ON SOIL FERTILITY STATUS AND SUCCEEDING CROP IN UPLAND SITUATION,India,Southern Asia,Agricultural Experimental Farm of Indian Statistical Institute at Giridih,24.1912,86.3054,Maize,Maize-Mung Bean/Wheat,Soil Quality,Soil Organic Carbon,% carbon,Intercropping,Intercropping (N fixing mixed),Monoculture,0.587,,,0.667,,,0.1278,,13.6,2.0
"MD_Paut,_24_A glo_Sc_359",JA_ADHIK_91_STUDI_J,"MD_Paut,_24_A glo_Sc",ADHIKARY et al. 1991,1991,10.1111/j.1439-037X.1991.tb00959.x,J Agronomy Crop Science,STUDIES ON MAIZE-LEGUME INTERCROPPING AND THEIR RESIDUAL EFFECTS ON SOIL FERTILITY STATUS AND SUCCEEDING CROP IN UPLAND SITUATION,India,Southern Asia,Agricultural Experimental Farm of Indian Statistical Institute at Giridih,24.1912,86.3054,Maize,Maize-Soybean/Wheat,Soil Quality,Soil Organic Carbon,% carbon,Intercropping,Intercropping (N fixing mixed),Monoculture,0.573,,,0.735,,,0.249,,28.3,2.0
"MD_Paut,_24_A glo_Sc_360",JA_ADHIK_91_STUDI_J,"MD_Paut,_24_A glo_Sc",ADHIKARY et al. 1991,1991,10.1111/j.1439-037X.1991.tb00959.x,J Agronomy Crop Science,STUDIES ON MAIZE-LEGUME INTERCROPPING AND THEIR RESIDUAL EFFECTS ON SOIL FERTILITY STATUS AND SUCCEEDING CROP IN UPLAND SITUATION,India,Southern Asia,Agricultural Experimental Farm of Indian Statistical Institute at Giridih,24.1912,86.3054,Maize,Maize-Groundnut/Wheat,Soil Quality,Soil Available Phosphorus,kg/ha,Intercropping,Intercropping (N fixing mixed),Monoculture,15.35,,,16.1,,,0.0477,,4.9,2.0
"MD_Paut,_24_A glo_Sc_361",JA_ADHIK_91_STUDI_J,"MD_Paut,_24_A glo_Sc",ADHIKARY et al. 1991,1991,10.1111/j.1439-037X.1991.tb00959.x,J Agronomy Crop Science,STUDIES ON MAIZE-LEGUME INTERCROPPING AND THEIR RESIDUAL EFFECTS ON SOIL FERTILITY STATUS AND SUCCEEDING CROP IN UPLAND SITUATION,India,Southern Asia,Agricultural Experimental Farm of Indian Statistical Institute at Giridih,24.1912,86.3054,Maize,Maize-Cowpea/Wheat,Soil Quality,Soil Available Phosphorus,kg/ha,Intercropping,Intercropping (N fixing mixed),Monoculture,15.35,,,16.15,,,0.0508,,5.2,2.0
"MD_Paut,_24_A glo_Sc_362",JA_ADHIK_91_STUDI_J,"MD_Paut,_24_A glo_Sc",ADHIKARY et al. 1991,1991,10.1111/j.1439-037X.1991.tb00959.x,J Agronomy Crop Science,STUDIES ON MAIZE-LEGUME INTERCROPPING AND THEIR RESIDUAL EFFECTS ON SOIL FERTILITY STATUS AND SUCCEEDING CROP IN UPLAND SITUATION,India,Southern Asia,Agricultural Experimental Farm of Indian Statistical Institute at Giridih,24.1912,86.3054,Maize,Maize-Mung Bean/Wheat,Soil Quality,Soil Available Phosphorus,kg/ha,Intercropping,Intercropping (N fixing mixed),Monoculture,15.35,,,17.7,,,0.1424,,15.3,2.0
"MD_Paut,_24_A glo_Sc_363",JA_ADHIK_91_STUDI_J,"MD_Paut,_24_A glo_Sc",ADHIKARY et al. 1991,1991,10.1111/j.1439-037X.1991.tb00959.x,J Agronomy Crop Science,STUDIES ON MAIZE-LEGUME INTERCROPPING AND THEIR RESIDUAL EFFECTS ON SOIL FERTILITY STATUS AND SUCCEEDING CROP IN UPLAND SITUATION,India,Southern Asia,Agricultural Experimental Farm of Indian Statistical Institute at Giridih,24.1912,86.3054,Maize,Maize-Soybean/Wheat,Soil Quality,Soil Available Phosphorus,kg/ha,Intercropping,Intercropping (N fixing mixed),Monoculture,15.35,,,17.3,,,0.1196,,12.7,2.0
"MD_Paut,_24_A glo_Sc_364",JA_ADHIK_91_STUDI_J,"MD_Paut,_24_A glo_Sc",ADHIKARY et al. 1991,1991,10.1111/j.1439-037X.1991.tb00959.x,J Agronomy Crop Science,STUDIES ON MAIZE-LEGUME INTERCROPPING AND THEIR RESIDUAL EFFECTS ON SOIL FERTILITY STATUS AND SUCCEEDING CROP IN UPLAND SITUATION,India,Southern Asia,Agricultural Experimental Farm of Indian Statistical Institute at Giridih,24.1912,86.3054,Maize,Maize-Groundnut/Wheat,Soil Quality,Soil Available Phosphorus,kg/ha,Intercropping,Intercropping (N fixing mixed),Monoculture,15.6,,,16.1,,,0.0315,,3.2,2.0
"MD_Paut,_24_A glo_Sc_365",JA_ADHIK_91_STUDI_J,"MD_Paut,_24_A glo_Sc",ADHIKARY et al. 1991,1991,10.1111/j.1439-037X.1991.tb00959.x,J Agronomy Crop Science,STUDIES ON MAIZE-LEGUME INTERCROPPING AND THEIR RESIDUAL EFFECTS ON SOIL FERTILITY STATUS AND SUCCEEDING CROP IN UPLAND SITUATION,India,Southern Asia,Agricultural Experimental Farm of Indian Statistical Institute at Giridih,24.1912,86.3054,Maize,Maize-Cowpea/Wheat,Soil Quality,Soil Available Phosphorus,kg/ha,Intercropping,Intercropping (N fixing mixed),Monoculture,16.4,,,16.15,,,-0.0154,,-1.5,2.0
"MD_Paut,_24_A glo_Sc_366",JA_ADHIK_91_STUDI_J,"MD_Paut,_24_A glo_Sc",ADHIKARY et al. 1991,1991,10.1111/j.1439-037X.1991.tb00959.x,J Agronomy Crop Science,STUDIES ON MAIZE-LEGUME INTERCROPPING AND THEIR RESIDUAL EFFECTS ON SOIL FERTILITY STATUS AND SUCCEEDING CROP IN UPLAND SITUATION,India,Southern Asia,Agricultural Experimental Farm of Indian Statistical Institute at Giridih,24.1912,86.3054,Maize,Maize-Mung Bean/Wheat,Soil Quality,Soil Available Phosphorus,kg/ha,Intercropping,Intercropping (N fixing mixed),Monoculture,16.6,,,17.7,,,0.0642,,6.6,2.0
"MD_Paut,_24_A glo_Sc_367",JA_ADHIK_91_STUDI_J,"MD_Paut,_24_A glo_Sc",ADHIKARY et al. 1991,1991,10.1111/j.1439-037X.1991.tb00959.x,J Agronomy Crop Science,STUDIES ON MAIZE-LEGUME INTERCROPPING AND THEIR RESIDUAL EFFECTS ON SOIL FERTILITY STATUS AND SUCCEEDING CROP IN UPLAND SITUATION,India,Southern Asia,Agricultural Experimental Farm of Indian Statistical Institute at Giridih,24.1912,86.3054,Maize,Maize-Soybean/Wheat,Soil Quality,Soil Available Phosphorus,kg/ha,Intercropping,Intercropping (N fixing mixed),Monoculture,16.75,,,17.3,,,0.0323,,3.3,2.0
"MD_Paut,_24_A glo_Sc_368",JA_ADHIK_91_STUDI_J,"MD_Paut,_24_A glo_Sc",ADHIKARY et al. 1991,1991,10.1111/j.1439-037X.1991.tb00959.x,J Agronomy Crop Science,STUDIES ON MAIZE-LEGUME INTERCROPPING AND THEIR RESIDUAL EFFECTS ON SOIL FERTILITY STATUS AND SUCCEEDING CROP IN UPLAND SITUATION,India,Southern Asia,Agricultural Experimental Farm of Indian Statistical Institute at Giridih,24.1912,86.3054,Maize,Maize-Groundnut/Wheat,Soil Quality,Soil Available Potassium,kg/ha,Intercropping,Intercropping (N fixing mixed),Monoculture,91.8,,,111.7,,,0.1962,,21.7,2.0
"MD_Paut,_24_A glo_Sc_369",JA_ADHIK_91_STUDI_J,"MD_Paut,_24_A glo_Sc",ADHIKARY et al. 1991,1991,10.1111/j.1439-037X.1991.tb00959.x,J Agronomy Crop Science,STUDIES ON MAIZE-LEGUME INTERCROPPING AND THEIR RESIDUAL EFFECTS ON SOIL FERTILITY STATUS AND SUCCEEDING CROP IN UPLAND SITUATION,India,Southern Asia,Agricultural Experimental Farm of Indian Statistical Institute at Giridih,24.1912,86.3054,Maize,Maize-Cowpea/Wheat,Soil Quality,Soil Available Potassium,kg/ha,Intercropping,Intercropping (N fixing mixed),Monoculture,91.8,,,100.1,,,0.0866,,9.0,2.0
"MD_Paut,_24_A glo_Sc_370",JA_ADHIK_91_STUDI_J,"MD_Paut,_24_A glo_Sc",ADHIKARY et al. 1991,1991,10.1111/j.1439-037X.1991.tb00959.x,J Agronomy Crop Science,STUDIES ON MAIZE-LEGUME INTERCROPPING AND THEIR RESIDUAL EFFECTS ON SOIL FERTILITY STATUS AND SUCCEEDING CROP IN UPLAND SITUATION,India,Southern Asia,Agricultural Experimental Farm of Indian Statistical Institute at Giridih,24.1912,86.3054,Maize,Maize-Mung Bean/Wheat,Soil Quality,Soil Available Potassium,kg/ha,Intercropping,Intercropping (N fixing mixed),Monoculture,91.8,,,114.0,,,0.2166,,24.2,2.0
"MD_Paut,_24_A glo_Sc_371",JA_ADHIK_91_STUDI_J,"MD_Paut,_24_A glo_Sc",ADHIKARY et al. 1991,1991,10.1111/j.1439-037X.1991.tb00959.x,J Agronomy Crop Science,STUDIES ON MAIZE-LEGUME INTERCROPPING AND THEIR RESIDUAL EFFECTS ON SOIL FERTILITY STATUS AND SUCCEEDING CROP IN UPLAND SITUATION,India,Southern Asia,Agricultural Experimental Farm of Indian Statistical Institute at Giridih,24.1912,86.3054,Maize,Maize-Soybean/Wheat,Soil Quality,Soil Available Potassium,kg/ha,Intercropping,Intercropping (N fixing mixed),Monoculture,91.8,,,116.9,,,0.2417,,27.3,2.0
"MD_Paut,_24_A glo_Sc_372",JA_ADHIK_91_STUDI_J,"MD_Paut,_24_A glo_Sc",ADHIKARY et al. 1991,1991,10.1111/j.1439-037X.1991.tb00959.x,J Agronomy Crop Science,STUDIES ON MAIZE-LEGUME INTERCROPPING AND THEIR RESIDUAL EFFECTS ON SOIL FERTILITY STATUS AND SUCCEEDING CROP IN UPLAND SITUATION,India,Southern Asia,Agricultural Experimental Farm of Indian Statistical Institute at Giridih,24.1912,86.3054,Maize,Maize-Groundnut/Wheat,Soil Quality,Soil Available Potassium,kg/ha,Intercropping,Intercropping (N fixing mixed),Monoculture,99.4,,,111.7,,,0.1167,,12.4,2.0
"MD_Paut,_24_A glo_Sc_373",JA_ADHIK_91_STUDI_J,"MD_Paut,_24_A glo_Sc",ADHIKARY et al. 1991,1991,10.1111/j.1439-037X.1991.tb00959.x,J Agronomy Crop Science,STUDIES ON MAIZE-LEGUME INTERCROPPING AND THEIR RESIDUAL EFFECTS ON SOIL FERTILITY STATUS AND SUCCEEDING CROP IN UPLAND SITUATION,India,Southern Asia,Agricultural Experimental Farm of Indian Statistical Institute at Giridih,24.1912,86.3054,Maize,Maize-Cowpea/Wheat,Soil Quality,Soil Available Potassium,kg/ha,Intercropping,Intercropping (N fixing mixed),Monoculture,105.1,,,100.1,,,-0.0487,,-4.8,2.0
"MD_Paut,_24_A glo_Sc_374",JA_ADHIK_91_STUDI_J,"MD_Paut,_24_A glo_Sc",ADHIKARY et al. 1991,1991,10.1111/j.1439-037X.1991.tb00959.x,J Agronomy Crop Science,STUDIES ON MAIZE-LEGUME INTERCROPPING AND THEIR RESIDUAL EFFECTS ON SOIL FERTILITY STATUS AND SUCCEEDING CROP IN UPLAND SITUATION,India,Southern Asia,Agricultural Experimental Farm of Indian Statistical Institute at Giridih,24.1912,86.3054,Maize,Maize-Mung Bean/Wheat,Soil Quality,Soil Available Potassium,kg/ha,Intercropping,Intercropping (N fixing mixed),Monoculture,87.8,,,114.0,,,0.2611,,29.8,2.0
"MD_Paut,_24_A glo_Sc_375",JA_ADHIK_91_STUDI_J,"MD_Paut,_24_A glo_Sc",ADHIKARY et al. 1991,1991,10.1111/j.1439-037X.1991.tb00959.x,J Agronomy Crop Science,STUDIES ON MAIZE-LEGUME INTERCROPPING AND THEIR RESIDUAL EFFECTS ON SOIL FERTILITY STATUS AND SUCCEEDING CROP IN UPLAND SITUATION,India,Southern Asia,Agricultural Experimental Farm of Indian Statistical Institute at Giridih,24.1912,86.3054,Maize,Maize-Soybean/Wheat,Soil Quality,Soil Available Potassium,kg/ha,Intercropping,Intercropping (N fixing mixed),Monoculture,100.6,,,116.9,,,0.1502,,16.2,2.0
"MD_Paut,_24_A glo_Sc_376",JA_Biswa_22_Agrof_Jo,"MD_Paut,_24_A glo_Sc",Biswas et al. 2022,2022,10.1016/j.jclepro.2022.132768,Journal of Cleaner Production,Agroforestry offers multiple ecosystem services in degraded lateritic soils,India,Southern Asia,"Regional Research Station, Jhargram, West Bengal",22.75,87.0167,Gmelina arborea,Gmelina arborea-Mango,Soil Quality,Soil Organic Carbon,%,Agroforestry,Alleycropping + Agroforestry (low diversity) + Agroforestry (moderate shaded),Timber plantation,0.39,,3.0,0.4,,3.0,0.0253,,2.6,10.0
"MD_Paut,_24_A glo_Sc_377",JA_Biswa_22_Agrof_Jo,"MD_Paut,_24_A glo_Sc",Biswas et al. 2022,2022,10.1016/j.jclepro.2022.132768,Journal of Cleaner Production,Agroforestry offers multiple ecosystem services in degraded lateritic soils,India,Southern Asia,"Regional Research Station, Jhargram, West Bengal",22.75,87.0167,Gmelina arborea,Gmelina arborea-Pigeon Pea,Soil Quality,Soil Organic Carbon,%,Agroforestry,Alleycropping + Agroforestry (low diversity) + Agroforestry (moderate shaded),Timber plantation,0.39,,3.0,0.51,,3.0,0.2683,,30.8,10.0
"MD_Paut,_24_A glo_Sc_378",JA_Biswa_22_Agrof_Jo,"MD_Paut,_24_A glo_Sc",Biswas et al. 2022,2022,10.1016/j.jclepro.2022.132768,Journal of Cleaner Production,Agroforestry offers multiple ecosystem services in degraded lateritic soils,India,Southern Asia,"Regional Research Station, Jhargram, West Bengal",22.75,87.0167,Gmelina arborea,Gmelina arborea-Mango-Pigeon Pea,Soil Quality,Soil Organic Carbon,%,Agroforestry,Alleycropping + Agroforestry (low diversity) + Agroforestry (moderate shaded),Timber plantation,0.39,,3.0,0.59,,3.0,0.414,,51.3,10.0
"MD_Paut,_24_A glo_Sc_379",JA_Biswa_22_Agrof_Jo,"MD_Paut,_24_A glo_Sc",Biswas et al. 2022,2022,10.1016/j.jclepro.2022.132768,Journal of Cleaner Production,Agroforestry offers multiple ecosystem services in degraded lateritic soils,India,Southern Asia,"Regional Research Station, Jhargram, West Bengal",22.75,87.0167,Gmelina arborea,Gmelina arborea-Mango,Soil Quality,Soil Organic Carbon,%,Agroforestry,Alleycropping + Agroforestry (low diversity) + Agroforestry (moderate shaded),Monoculture,0.36,,3.0,0.4,,3.0,0.1054,,11.1,10.0
"MD_Paut,_24_A glo_Sc_380",JA_Biswa_22_Agrof_Jo,"MD_Paut,_24_A glo_Sc",Biswas et al. 2022,2022,10.1016/j.jclepro.2022.132768,Journal of Cleaner Production,Agroforestry offers multiple ecosystem services in degraded lateritic soils,India,Southern Asia,"Regional Research Station, Jhargram, West Bengal",22.75,87.0167,Mango,Mango-Pigeon Pea,Soil Quality,Soil Organic Carbon,%,Agroforestry,Alleycropping + Agroforestry (low diversity) + Agroforestry (moderate shaded),Monoculture,0.36,,3.0,0.49,,3.0,0.3083,,36.1,10.0
"MD_Paut,_24_A glo_Sc_381",JA_Biswa_22_Agrof_Jo,"MD_Paut,_24_A glo_Sc",Biswas et al. 2022,2022,10.1016/j.jclepro.2022.132768,Journal of Cleaner Production,Agroforestry offers multiple ecosystem services in degraded lateritic soils,India,Southern Asia,"Regional Research Station, Jhargram, West Bengal",22.75,87.0167,Gmelina arborea,Gmelina arborea-Mango-Pigeon Pea,Soil Quality,Soil Organic Carbon,%,Agroforestry,Alleycropping + Agroforestry (low diversity) + Agroforestry (moderate shaded),Monoculture,0.36,,3.0,0.59,,3.0,0.494,,63.9,10.0
"MD_Paut,_24_A glo_Sc_382",JA_Biswa_22_Agrof_Jo,"MD_Paut,_24_A glo_Sc",Biswas et al. 2022,2022,10.1016/j.jclepro.2022.132768,Journal of Cleaner Production,Agroforestry offers multiple ecosystem services in degraded lateritic soils,India,Southern Asia,"Regional Research Station, Jhargram, West Bengal",22.75,87.0167,Gmelina arborea,Gmelina arborea-Pigeon Pea,Soil Quality,Soil Organic Carbon,%,Agroforestry,Alleycropping + Agroforestry (low diversity) + Agroforestry (moderate shaded),Monoculture,0.34,,3.0,0.51,,3.0,0.4055,,50.0,10.0
"MD_Paut,_24_A glo_Sc_383",JA_Biswa_22_Agrof_Jo,"MD_Paut,_24_A glo_Sc",Biswas et al. 2022,2022,10.1016/j.jclepro.2022.132768,Journal of Cleaner Production,Agroforestry offers multiple ecosystem services in degraded lateritic soils,India,Southern Asia,"Regional Research Station, Jhargram, West Bengal",22.75,87.0167,Mango,Mango-Pigeon Pea,Soil Quality,Soil Organic Carbon,%,Agroforestry,Alleycropping + Agroforestry (low diversity) + Agroforestry (moderate shaded),Monoculture,0.34,,3.0,0.49,,3.0,0.3655,,44.1,10.0
"MD_Paut,_24_A glo_Sc_384",JA_Biswa_22_Agrof_Jo,"MD_Paut,_24_A glo_Sc",Biswas et al. 2022,2022,10.1016/j.jclepro.2022.132768,Journal of Cleaner Production,Agroforestry offers multiple ecosystem services in degraded lateritic soils,India,Southern Asia,"Regional Research Station, Jhargram, West Bengal",22.75,87.0167,Gmelina arborea,Gmelina arborea-Mango-Pigeon Pea,Soil Quality,Soil Organic Carbon,%,Agroforestry,Alleycropping + Agroforestry (low diversity) + Agroforestry (moderate shaded),Monoculture,0.34,,3.0,0.59,,3.0,0.5512,,73.5,10.0
"MD_Paut,_24_A glo_Sc_385",JA_Biswa_22_Agrof_Jo,"MD_Paut,_24_A glo_Sc",Biswas et al. 2022,2022,10.1016/j.jclepro.2022.132768,Journal of Cleaner Production,Agroforestry offers multiple ecosystem services in degraded lateritic soils,India,Southern Asia,"Regional Research Station, Jhargram, West Bengal",22.75,87.0167,Gmelina arborea,Gmelina arborea-Mango,Soil Quality,Soil Available Nitrogen,kg/ha,Agroforestry,Alleycropping + Agroforestry (low diversity) + Agroforestry (moderate shaded),Timber plantation,162.0,,3.0,180.0,,3.0,0.1054,,11.1,10.0
"MD_Paut,_24_A glo_Sc_386",JA_Biswa_22_Agrof_Jo,"MD_Paut,_24_A glo_Sc",Biswas et al. 2022,2022,10.1016/j.jclepro.2022.132768,Journal of Cleaner Production,Agroforestry offers multiple ecosystem services in degraded lateritic soils,India,Southern Asia,"Regional Research Station, Jhargram, West Bengal",22.75,87.0167,Gmelina arborea,Gmelina arborea-Pigeon Pea,Soil Quality,Soil Available Nitrogen,kg/ha,Agroforestry,Alleycropping + Agroforestry (low diversity) + Agroforestry (moderate shaded),Timber plantation,162.0,,3.0,189.0,,3.0,0.1542,,16.7,10.0
"MD_Paut,_24_A glo_Sc_387",JA_Biswa_22_Agrof_Jo,"MD_Paut,_24_A glo_Sc",Biswas et al. 2022,2022,10.1016/j.jclepro.2022.132768,Journal of Cleaner Production,Agroforestry offers multiple ecosystem services in degraded lateritic soils,India,Southern Asia,"Regional Research Station, Jhargram, West Bengal",22.75,87.0167,Gmelina arborea,Gmelina arborea-Mango-Pigeon Pea,Soil Quality,Soil Available Nitrogen,kg/ha,Agroforestry,Alleycropping + Agroforestry (low diversity) + Agroforestry (moderate shaded),Timber plantation,162.0,,3.0,250.0,,3.0,0.4339,,54.3,10.0
"MD_Paut,_24_A glo_Sc_388",JA_Biswa_22_Agrof_Jo,"MD_Paut,_24_A glo_Sc",Biswas et al. 2022,2022,10.1016/j.jclepro.2022.132768,Journal of Cleaner Production,Agroforestry offers multiple ecosystem services in degraded lateritic soils,India,Southern Asia,"Regional Research Station, Jhargram, West Bengal",22.75,87.0167,Gmelina arborea,Gmelina arborea-Mango,Soil Quality,Soil Available Nitrogen,kg/ha,Agroforestry,Alleycropping + Agroforestry (low diversity) + Agroforestry (moderate shaded),Monoculture,150.0,,3.0,180.0,,3.0,0.1823,,20.0,10.0
"MD_Paut,_24_A glo_Sc_389",JA_Biswa_22_Agrof_Jo,"MD_Paut,_24_A glo_Sc",Biswas et al. 2022,2022,10.1016/j.jclepro.2022.132768,Journal of Cleaner Production,Agroforestry offers multiple ecosystem services in degraded lateritic soils,India,Southern Asia,"Regional Research Station, Jhargram, West Bengal",22.75,87.0167,Mango,Mango-Pigeon Pea,Soil Quality,Soil Available Nitrogen,kg/ha,Agroforestry,Alleycropping + Agroforestry (low diversity) + Agroforestry (moderate shaded),Monoculture,150.0,,3.0,226.0,,3.0,0.4099,,50.7,10.0
"MD_Paut,_24_A glo_Sc_390",JA_Biswa_22_Agrof_Jo,"MD_Paut,_24_A glo_Sc",Biswas et al. 2022,2022,10.1016/j.jclepro.2022.132768,Journal of Cleaner Production,Agroforestry offers multiple ecosystem services in degraded lateritic soils,India,Southern Asia,"Regional Research Station, Jhargram, West Bengal",22.75,87.0167,Gmelina arborea,Gmelina arborea-Mango-Pigeon Pea,Soil Quality,Soil Available Nitrogen,kg/ha,Agroforestry,Alleycropping + Agroforestry (low diversity) + Agroforestry (moderate shaded),Monoculture,150.0,,3.0,250.0,,3.0,0.5108,,66.7,10.0
"MD_Paut,_24_A glo_Sc_391",JA_Biswa_22_Agrof_Jo,"MD_Paut,_24_A glo_Sc",Biswas et al. 2022,2022,10.1016/j.jclepro.2022.132768,Journal of Cleaner Production,Agroforestry offers multiple ecosystem services in degraded lateritic soils,India,Southern Asia,"Regional Research Station, Jhargram, West Bengal",22.75,87.0167,Gmelina arborea,Gmelina arborea-Pigeon Pea,Soil Quality,Soil Available Nitrogen,kg/ha,Agroforestry,Alleycropping + Agroforestry (low diversity) + Agroforestry (moderate shaded),Monoculture,143.0,,3.0,189.0,,3.0,0.2789,,32.2,10.0
"MD_Paut,_24_A glo_Sc_392",JA_Biswa_22_Agrof_Jo,"MD_Paut,_24_A glo_Sc",Biswas et al. 2022,2022,10.1016/j.jclepro.2022.132768,Journal of Cleaner Production,Agroforestry offers multiple ecosystem services in degraded lateritic soils,India,Southern Asia,"Regional Research Station, Jhargram, West Bengal",22.75,87.0167,Mango,Mango-Pigeon Pea,Soil Quality,Soil Available Nitrogen,kg/ha,Agroforestry,Alleycropping + Agroforestry (low diversity) + Agroforestry (moderate shaded),Monoculture,143.0,,3.0,226.0,,3.0,0.4577,,58.0,10.0
"MD_Paut,_24_A glo_Sc_393",JA_Biswa_22_Agrof_Jo,"MD_Paut,_24_A glo_Sc",Biswas et al. 2022,2022,10.1016/j.jclepro.2022.132768,Journal of Cleaner Production,Agroforestry offers multiple ecosystem services in degraded lateritic soils,India,Southern Asia,"Regional Research Station, Jhargram, West Bengal",22.75,87.0167,Gmelina arborea,Gmelina arborea-Mango-Pigeon Pea,Soil Quality,Soil Available Nitrogen,kg/ha,Agroforestry,Alleycropping + Agroforestry (low diversity) + Agroforestry (moderate shaded),Monoculture,143.0,,3.0,250.0,,3.0,0.5586,,74.8,10.0
"MD_Paut,_24_A glo_Sc_394",JA_Biswa_22_Agrof_Jo,"MD_Paut,_24_A glo_Sc",Biswas et al. 2022,2022,10.1016/j.jclepro.2022.132768,Journal of Cleaner Production,Agroforestry offers multiple ecosystem services in degraded lateritic soils,India,Southern Asia,"Regional Research Station, Jhargram, West Bengal",22.75,87.0167,Gmelina arborea,Gmelina arborea-Mango,Soil Quality,Soil Available Phosphorus,kg/ha,Agroforestry,Alleycropping + Agroforestry (low diversity) + Agroforestry (moderate shaded),Timber plantation,18.5,,3.0,22.4,,3.0,0.1913,,21.1,10.0
"MD_Paut,_24_A glo_Sc_395",JA_Biswa_22_Agrof_Jo,"MD_Paut,_24_A glo_Sc",Biswas et al. 2022,2022,10.1016/j.jclepro.2022.132768,Journal of Cleaner Production,Agroforestry offers multiple ecosystem services in degraded lateritic soils,India,Southern Asia,"Regional Research Station, Jhargram, West Bengal",22.75,87.0167,Gmelina arborea,Gmelina arborea-Pigeon Pea,Soil Quality,Soil Available Phosphorus,kg/ha,Agroforestry,Alleycropping + Agroforestry (low diversity) + Agroforestry (moderate shaded),Timber plantation,18.5,,3.0,25.7,,3.0,0.3287,,38.9,10.0
"MD_Paut,_24_A glo_Sc_396",JA_Biswa_22_Agrof_Jo,"MD_Paut,_24_A glo_Sc",Biswas et al. 2022,2022,10.1016/j.jclepro.2022.132768,Journal of Cleaner Production,Agroforestry offers multiple ecosystem services in degraded lateritic soils,India,Southern Asia,"Regional Research Station, Jhargram, West Bengal",22.75,87.0167,Gmelina arborea,Gmelina arborea-Mango-Pigeon Pea,Soil Quality,Soil Available Phosphorus,kg/ha,Agroforestry,Alleycropping + Agroforestry (low diversity) + Agroforestry (moderate shaded),Timber plantation,18.5,,3.0,32.5,,3.0,0.5635,,75.7,10.0
"MD_Paut,_24_A glo_Sc_397",JA_Biswa_22_Agrof_Jo,"MD_Paut,_24_A glo_Sc",Biswas et al. 2022,2022,10.1016/j.jclepro.2022.132768,Journal of Cleaner Production,Agroforestry offers multiple ecosystem services in degraded lateritic soils,India,Southern Asia,"Regional Research Station, Jhargram, West Bengal",22.75,87.0167,Gmelina arborea,Gmelina arborea-Mango,Soil Quality,Soil Available Phosphorus,kg/ha,Agroforestry,Alleycropping + Agroforestry (low diversity) + Agroforestry (moderate shaded),Monoculture,16.8,,3.0,22.4,,3.0,0.2877,,33.3,10.0
"MD_Paut,_24_A glo_Sc_398",JA_Biswa_22_Agrof_Jo,"MD_Paut,_24_A glo_Sc",Biswas et al. 2022,2022,10.1016/j.jclepro.2022.132768,Journal of Cleaner Production,Agroforestry offers multiple ecosystem services in degraded lateritic soils,India,Southern Asia,"Regional Research Station, Jhargram, West Bengal",22.75,87.0167,Mango,Mango-Pigeon Pea,Soil Quality,Soil Available Phosphorus,kg/ha,Agroforestry,Alleycropping + Agroforestry (low diversity) + Agroforestry (moderate shaded),Monoculture,16.8,,3.0,21.2,,3.0,0.2326,,26.2,10.0
"MD_Paut,_24_A glo_Sc_399",JA_Biswa_22_Agrof_Jo,"MD_Paut,_24_A glo_Sc",Biswas et al. 2022,2022,10.1016/j.jclepro.2022.132768,Journal of Cleaner Production,Agroforestry offers multiple ecosystem services in degraded lateritic soils,India,Southern Asia,"Regional Research Station, Jhargram, West Bengal",22.75,87.0167,Gmelina arborea,Gmelina arborea-Mango-Pigeon Pea,Soil Quality,Soil Available Phosphorus,kg/ha,Agroforestry,Alleycropping + Agroforestry (low diversity) + Agroforestry (moderate shaded),Monoculture,16.8,,3.0,32.5,,3.0,0.6599,,93.5,10.0
"MD_Paut,_24_A glo_Sc_400",JA_Biswa_22_Agrof_Jo,"MD_Paut,_24_A glo_Sc",Biswas et al. 2022,2022,10.1016/j.jclepro.2022.132768,Journal of Cleaner Production,Agroforestry offers multiple ecosystem services in degraded lateritic soils,India,Southern Asia,"Regional Research Station, Jhargram, West Bengal",22.75,87.0167,Gmelina arborea,Gmelina arborea-Pigeon Pea,Soil Quality,Soil Available Phosphorus,kg/ha,Agroforestry,Alleycropping + Agroforestry (low diversity) + Agroforestry (moderate shaded),Monoculture,15.6,,3.0,25.7,,3.0,0.4992,,64.7,10.0
"MD_Paut,_24_A glo_Sc_401",JA_Biswa_22_Agrof_Jo,"MD_Paut,_24_A glo_Sc",Biswas et al. 2022,2022,10.1016/j.jclepro.2022.132768,Journal of Cleaner Production,Agroforestry offers multiple ecosystem services in degraded lateritic soils,India,Southern Asia,"Regional Research Station, Jhargram, West Bengal",22.75,87.0167,Mango,Mango-Pigeon Pea,Soil Quality,Soil Available Phosphorus,kg/ha,Agroforestry,Alleycropping + Agroforestry (low diversity) + Agroforestry (moderate shaded),Monoculture,15.6,,3.0,21.2,,3.0,0.3067,,35.9,10.0
"MD_Paut,_24_A glo_Sc_402",JA_Biswa_22_Agrof_Jo,"MD_Paut,_24_A glo_Sc",Biswas et al. 2022,2022,10.1016/j.jclepro.2022.132768,Journal of Cleaner Production,Agroforestry offers multiple ecosystem services in degraded lateritic soils,India,Southern Asia,"Regional Research Station, Jhargram, West Bengal",22.75,87.0167,Gmelina arborea,Gmelina arborea-Mango-Pigeon Pea,Soil Quality,Soil Available Phosphorus,kg/ha,Agroforestry,Alleycropping + Agroforestry (low diversity) + Agroforestry (moderate shaded),Monoculture,15.6,,3.0,32.5,,3.0,0.734,,108.3,10.0
"MD_Paut,_24_A glo_Sc_403",JA_Biswa_22_Agrof_Jo,"MD_Paut,_24_A glo_Sc",Biswas et al. 2022,2022,10.1016/j.jclepro.2022.132768,Journal of Cleaner Production,Agroforestry offers multiple ecosystem services in degraded lateritic soils,India,Southern Asia,"Regional Research Station, Jhargram, West Bengal",22.75,87.0167,Gmelina arborea,Gmelina arborea-Mango,Soil Quality,Soil Available Potassium,kg/ha,Agroforestry,Alleycropping + Agroforestry (low diversity) + Agroforestry (moderate shaded),Timber plantation,183.0,,3.0,194.0,,3.0,0.0584,,6.0,10.0
"MD_Paut,_24_A glo_Sc_404",JA_Biswa_22_Agrof_Jo,"MD_Paut,_24_A glo_Sc",Biswas et al. 2022,2022,10.1016/j.jclepro.2022.132768,Journal of Cleaner Production,Agroforestry offers multiple ecosystem services in degraded lateritic soils,India,Southern Asia,"Regional Research Station, Jhargram, West Bengal",22.75,87.0167,Gmelina arborea,Gmelina arborea-Pigeon Pea,Soil Quality,Soil Available Potassium,kg/ha,Agroforestry,Alleycropping + Agroforestry (low diversity) + Agroforestry (moderate shaded),Timber plantation,183.0,,3.0,195.0,,3.0,0.0635,,6.6,10.0
"MD_Paut,_24_A glo_Sc_405",JA_Biswa_22_Agrof_Jo,"MD_Paut,_24_A glo_Sc",Biswas et al. 2022,2022,10.1016/j.jclepro.2022.132768,Journal of Cleaner Production,Agroforestry offers multiple ecosystem services in degraded lateritic soils,India,Southern Asia,"Regional Research Station, Jhargram, West Bengal",22.75,87.0167,Gmelina arborea,Gmelina arborea-Mango-Pigeon Pea,Soil Quality,Soil Available Potassium,kg/ha,Agroforestry,Alleycropping + Agroforestry (low diversity) + Agroforestry (moderate shaded),Timber plantation,183.0,,3.0,215.0,,3.0,0.1612,,17.5,10.0
"MD_Paut,_24_A glo_Sc_406",JA_Biswa_22_Agrof_Jo,"MD_Paut,_24_A glo_Sc",Biswas et al. 2022,2022,10.1016/j.jclepro.2022.132768,Journal of Cleaner Production,Agroforestry offers multiple ecosystem services in degraded lateritic soils,India,Southern Asia,"Regional Research Station, Jhargram, West Bengal",22.75,87.0167,Gmelina arborea,Gmelina arborea-Mango,Soil Quality,Soil Available Potassium,kg/ha,Agroforestry,Alleycropping + Agroforestry (low diversity) + Agroforestry (moderate shaded),Monoculture,171.0,,3.0,194.0,,3.0,0.1262,,13.5,10.0
"MD_Paut,_24_A glo_Sc_407",JA_Biswa_22_Agrof_Jo,"MD_Paut,_24_A glo_Sc",Biswas et al. 2022,2022,10.1016/j.jclepro.2022.132768,Journal of Cleaner Production,Agroforestry offers multiple ecosystem services in degraded lateritic soils,India,Southern Asia,"Regional Research Station, Jhargram, West Bengal",22.75,87.0167,Mango,Mango-Pigeon Pea,Soil Quality,Soil Available Potassium,kg/ha,Agroforestry,Alleycropping + Agroforestry (low diversity) + Agroforestry (moderate shaded),Monoculture,171.0,,3.0,201.0,,3.0,0.1616,,17.5,10.0
"MD_Paut,_24_A glo_Sc_408",JA_Biswa_22_Agrof_Jo,"MD_Paut,_24_A glo_Sc",Biswas et al. 2022,2022,10.1016/j.jclepro.2022.132768,Journal of Cleaner Production,Agroforestry offers multiple ecosystem services in degraded lateritic soils,India,Southern Asia,"Regional Research Station, Jhargram, West Bengal",22.75,87.0167,Gmelina arborea,Gmelina arborea-Mango-Pigeon Pea,Soil Quality,Soil Available Potassium,kg/ha,Agroforestry,Alleycropping + Agroforestry (low diversity) + Agroforestry (moderate shaded),Monoculture,171.0,,3.0,215.0,,3.0,0.229,,25.7,10.0
"MD_Paut,_24_A glo_Sc_409",JA_Biswa_22_Agrof_Jo,"MD_Paut,_24_A glo_Sc",Biswas et al. 2022,2022,10.1016/j.jclepro.2022.132768,Journal of Cleaner Production,Agroforestry offers multiple ecosystem services in degraded lateritic soils,India,Southern Asia,"Regional Research Station, Jhargram, West Bengal",22.75,87.0167,Gmelina arborea,Gmelina arborea-Pigeon Pea,Soil Quality,Soil Available Potassium,kg/ha,Agroforestry,Alleycropping + Agroforestry (low diversity) + Agroforestry (moderate shaded),Monoculture,163.0,,3.0,195.0,,3.0,0.1792,,19.6,10.0
"MD_Paut,_24_A glo_Sc_410",JA_Biswa_22_Agrof_Jo,"MD_Paut,_24_A glo_Sc",Biswas et al. 2022,2022,10.1016/j.jclepro.2022.132768,Journal of Cleaner Production,Agroforestry offers multiple ecosystem services in degraded lateritic soils,India,Southern Asia,"Regional Research Station, Jhargram, West Bengal",22.75,87.0167,Mango,Mango-Pigeon Pea,Soil Quality,Soil Available Potassium,kg/ha,Agroforestry,Alleycropping + Agroforestry (low diversity) + Agroforestry (moderate shaded),Monoculture,163.0,,3.0,201.0,,3.0,0.2096,,23.3,10.0
"MD_Paut,_24_A glo_Sc_411",JA_Biswa_22_Agrof_Jo,"MD_Paut,_24_A glo_Sc",Biswas et al. 2022,2022,10.1016/j.jclepro.2022.132768,Journal of Cleaner Production,Agroforestry offers multiple ecosystem services in degraded lateritic soils,India,Southern Asia,"Regional Research Station, Jhargram, West Bengal",22.75,87.0167,Gmelina arborea,Gmelina arborea-Mango-Pigeon Pea,Soil Quality,Soil Available Potassium,kg/ha,Agroforestry,Alleycropping + Agroforestry (low diversity) + Agroforestry (moderate shaded),Monoculture,163.0,,3.0,215.0,,3.0,0.2769,,31.9,10.0
"MD_Paut,_24_A glo_Sc_412",JA_Biswa_22_Agrof_Jo,"MD_Paut,_24_A glo_Sc",Biswas et al. 2022,2022,10.1016/j.jclepro.2022.132768,Journal of Cleaner Production,Agroforestry offers multiple ecosystem services in degraded lateritic soils,India,Southern Asia,"Regional Research Station, Jhargram, West Bengal",22.75,87.0167,Gmelina arborea,Gmelina arborea-Mango,Soil Quality,Soil Moisture,%,Agroforestry,Alleycropping + Agroforestry (low diversity) + Agroforestry (moderate shaded),Timber plantation,32.2,,3.0,36.4,,3.0,0.1226,,13.0,10.0
"MD_Paut,_24_A glo_Sc_413",JA_Biswa_22_Agrof_Jo,"MD_Paut,_24_A glo_Sc",Biswas et al. 2022,2022,10.1016/j.jclepro.2022.132768,Journal of Cleaner Production,Agroforestry offers multiple ecosystem services in degraded lateritic soils,India,Southern Asia,"Regional Research Station, Jhargram, West Bengal",22.75,87.0167,Gmelina arborea,Gmelina arborea-Pigeon Pea,Soil Quality,Soil Moisture,%,Agroforestry,Alleycropping + Agroforestry (low diversity) + Agroforestry (moderate shaded),Timber plantation,32.2,,3.0,39.2,,3.0,0.1967,,21.7,10.0
"MD_Paut,_24_A glo_Sc_414",JA_Biswa_22_Agrof_Jo,"MD_Paut,_24_A glo_Sc",Biswas et al. 2022,2022,10.1016/j.jclepro.2022.132768,Journal of Cleaner Production,Agroforestry offers multiple ecosystem services in degraded lateritic soils,India,Southern Asia,"Regional Research Station, Jhargram, West Bengal",22.75,87.0167,Gmelina arborea,Gmelina arborea-Mango-Pigeon Pea,Soil Quality,Soil Moisture,%,Agroforestry,Alleycropping + Agroforestry (low diversity) + Agroforestry (moderate shaded),Timber plantation,32.2,,3.0,45.2,,3.0,0.3391,,40.4,10.0
"MD_Paut,_24_A glo_Sc_415",JA_Biswa_22_Agrof_Jo,"MD_Paut,_24_A glo_Sc",Biswas et al. 2022,2022,10.1016/j.jclepro.2022.132768,Journal of Cleaner Production,Agroforestry offers multiple ecosystem services in degraded lateritic soils,India,Southern Asia,"Regional Research Station, Jhargram, West Bengal",22.75,87.0167,Gmelina arborea,Gmelina arborea-Mango,Soil Quality,Soil Moisture,%,Agroforestry,Alleycropping + Agroforestry (low diversity) + Agroforestry (moderate shaded),Monoculture,28.7,,3.0,36.4,,3.0,0.2377,,26.8,10.0
"MD_Paut,_24_A glo_Sc_416",JA_Biswa_22_Agrof_Jo,"MD_Paut,_24_A glo_Sc",Biswas et al. 2022,2022,10.1016/j.jclepro.2022.132768,Journal of Cleaner Production,Agroforestry offers multiple ecosystem services in degraded lateritic soils,India,Southern Asia,"Regional Research Station, Jhargram, West Bengal",22.75,87.0167,Mango,Mango-Pigeon Pea,Soil Quality,Soil Moisture,%,Agroforestry,Alleycropping + Agroforestry (low diversity) + Agroforestry (moderate shaded),Monoculture,28.7,,3.0,34.8,,3.0,0.1927,,21.3,10.0
"MD_Paut,_24_A glo_Sc_417",JA_Biswa_22_Agrof_Jo,"MD_Paut,_24_A glo_Sc",Biswas et al. 2022,2022,10.1016/j.jclepro.2022.132768,Journal of Cleaner Production,Agroforestry offers multiple ecosystem services in degraded lateritic soils,India,Southern Asia,"Regional Research Station, Jhargram, West Bengal",22.75,87.0167,Gmelina arborea,Gmelina arborea-Mango-Pigeon Pea,Soil Quality,Soil Moisture,%,Agroforestry,Alleycropping + Agroforestry (low diversity) + Agroforestry (moderate shaded),Monoculture,28.7,,3.0,45.2,,3.0,0.4542,,57.5,10.0
"MD_Paut,_24_A glo_Sc_418",JA_Biswa_22_Agrof_Jo,"MD_Paut,_24_A glo_Sc",Biswas et al. 2022,2022,10.1016/j.jclepro.2022.132768,Journal of Cleaner Production,Agroforestry offers multiple ecosystem services in degraded lateritic soils,India,Southern Asia,"Regional Research Station, Jhargram, West Bengal",22.75,87.0167,Gmelina arborea,Gmelina arborea-Pigeon Pea,Soil Quality,Soil Moisture,%,Agroforestry,Alleycropping + Agroforestry (low diversity) + Agroforestry (moderate shaded),Monoculture,22.6,,3.0,39.2,,3.0,0.5507,,73.5,10.0
"MD_Paut,_24_A glo_Sc_419",JA_Biswa_22_Agrof_Jo,"MD_Paut,_24_A glo_Sc",Biswas et al. 2022,2022,10.1016/j.jclepro.2022.132768,Journal of Cleaner Production,Agroforestry offers multiple ecosystem services in degraded lateritic soils,India,Southern Asia,"Regional Research Station, Jhargram, West Bengal",22.75,87.0167,Mango,Mango-Pigeon Pea,Soil Quality,Soil Moisture,%,Agroforestry,Alleycropping + Agroforestry (low diversity) + Agroforestry (moderate shaded),Monoculture,22.6,,3.0,34.8,,3.0,0.4317,,54.0,10.0
"MD_Paut,_24_A glo_Sc_420",JA_Biswa_22_Agrof_Jo,"MD_Paut,_24_A glo_Sc",Biswas et al. 2022,2022,10.1016/j.jclepro.2022.132768,Journal of Cleaner Production,Agroforestry offers multiple ecosystem services in degraded lateritic soils,India,Southern Asia,"Regional Research Station, Jhargram, West Bengal",22.75,87.0167,Gmelina arborea,Gmelina arborea-Mango-Pigeon Pea,Soil Quality,Soil Moisture,%,Agroforestry,Alleycropping + Agroforestry (low diversity) + Agroforestry (moderate shaded),Monoculture,22.6,,3.0,45.2,,3.0,0.6931,,100.0,10.0
"MD_Paut,_24_A glo_Sc_421",JA_Choud_16_Resou_Cr,"MD_Paut,_24_A glo_Sc",Choudhary et al. 2016,2016,10.1071/CP15233,Crop and Pasture Science,Resource-use maximisation through legume intercropping with maize in the eastern Himalayan region of India,India,Southern Asia,"Research Farm of the Indian Council of Agricultural Research, Research Complex for North East Hilly Region, Basar, Arunachal Pradesh",27.9802,94.6912,Maize,Maize-Soybean,Soil Quality,Soil Moisture,% soil moisture content,Intercropping,Intercropping (N fixing mixed),Monoculture,26.2,,3.0,29.5,,3.0,0.1186,,12.6,2.0
"MD_Paut,_24_A glo_Sc_422",JA_Choud_16_Resou_Cr,"MD_Paut,_24_A glo_Sc",Choudhary et al. 2016,2016,10.1071/CP15233,Crop and Pasture Science,Resource-use maximisation through legume intercropping with maize in the eastern Himalayan region of India,India,Southern Asia,"Research Farm of the Indian Council of Agricultural Research, Research Complex for North East Hilly Region, Basar, Arunachal Pradesh",27.9802,94.6912,Maize,Maize-Soybean,Soil Quality,Soil Moisture,% soil moisture content,Intercropping,Intercropping (N fixing mixed),Monoculture,26.2,,3.0,30.5,,3.0,0.152,,16.4,2.0
"MD_Paut,_24_A glo_Sc_423",JA_Choud_16_Resou_Cr,"MD_Paut,_24_A glo_Sc",Choudhary et al. 2016,2016,10.1071/CP15233,Crop and Pasture Science,Resource-use maximisation through legume intercropping with maize in the eastern Himalayan region of India,India,Southern Asia,"Research Farm of the Indian Council of Agricultural Research, Research Complex for North East Hilly Region, Basar, Arunachal Pradesh",27.9802,94.6912,Maize,Maize-Soybean,Soil Quality,Soil Moisture,% soil moisture content,Intercropping,Intercropping (N fixing mixed),Monoculture,26.2,,3.0,32.1,,3.0,0.2031,,22.5,2.0
"MD_Paut,_24_A glo_Sc_424",JA_Choud_16_Resou_Cr,"MD_Paut,_24_A glo_Sc",Choudhary et al. 2016,2016,10.1071/CP15233,Crop and Pasture Science,Resource-use maximisation through legume intercropping with maize in the eastern Himalayan region of India,India,Southern Asia,"Research Farm of the Indian Council of Agricultural Research, Research Complex for North East Hilly Region, Basar, Arunachal Pradesh",27.9802,94.6912,Maize,Maize-Groundnut,Soil Quality,Soil Moisture,% soil moisture content,Intercropping,Intercropping (N fixing mixed),Monoculture,26.2,,3.0,28.2,,3.0,0.0736,,7.6,2.0
"MD_Paut,_24_A glo_Sc_425",JA_Choud_16_Resou_Cr,"MD_Paut,_24_A glo_Sc",Choudhary et al. 2016,2016,10.1071/CP15233,Crop and Pasture Science,Resource-use maximisation through legume intercropping with maize in the eastern Himalayan region of India,India,Southern Asia,"Research Farm of the Indian Council of Agricultural Research, Research Complex for North East Hilly Region, Basar, Arunachal Pradesh",27.9802,94.6912,Maize,Maize-Groundnut,Soil Quality,Soil Moisture,% soil moisture content,Intercropping,Intercropping (N fixing mixed),Monoculture,26.2,,3.0,29.0,,3.0,0.1015,,10.7,2.0
"MD_Paut,_24_A glo_Sc_426",JA_Choud_16_Resou_Cr,"MD_Paut,_24_A glo_Sc",Choudhary et al. 2016,2016,10.1071/CP15233,Crop and Pasture Science,Resource-use maximisation through legume intercropping with maize in the eastern Himalayan region of India,India,Southern Asia,"Research Farm of the Indian Council of Agricultural Research, Research Complex for North East Hilly Region, Basar, Arunachal Pradesh",27.9802,94.6912,Maize,Maize-Groundnut,Soil Quality,Soil Moisture,% soil moisture content,Intercropping,Intercropping (N fixing mixed),Monoculture,26.2,,3.0,31.0,,3.0,0.1682,,18.3,2.0
"MD_Paut,_24_A glo_Sc_427",JA_Choud_16_Resou_Cr,"MD_Paut,_24_A glo_Sc",Choudhary et al. 2016,2016,10.1071/CP15233,Crop and Pasture Science,Resource-use maximisation through legume intercropping with maize in the eastern Himalayan region of India,India,Southern Asia,"Research Farm of the Indian Council of Agricultural Research, Research Complex for North East Hilly Region, Basar, Arunachal Pradesh",27.9802,94.6912,Maize,Maize-Soybean,Soil Quality,Soil Moisture,% soil moisture content,Intercropping,Intercropping (N fixing mixed),Monoculture,32.5,,3.0,29.5,,3.0,-0.0968,,-9.2,2.0
"MD_Paut,_24_A glo_Sc_428",JA_Choud_16_Resou_Cr,"MD_Paut,_24_A glo_Sc",Choudhary et al. 2016,2016,10.1071/CP15233,Crop and Pasture Science,Resource-use maximisation through legume intercropping with maize in the eastern Himalayan region of India,India,Southern Asia,"Research Farm of the Indian Council of Agricultural Research, Research Complex for North East Hilly Region, Basar, Arunachal Pradesh",27.9802,94.6912,Maize,Maize-Soybean,Soil Quality,Soil Moisture,% soil moisture content,Intercropping,Intercropping (N fixing mixed),Monoculture,32.5,,3.0,30.5,,3.0,-0.0635,,-6.2,2.0
"MD_Paut,_24_A glo_Sc_429",JA_Choud_16_Resou_Cr,"MD_Paut,_24_A glo_Sc",Choudhary et al. 2016,2016,10.1071/CP15233,Crop and Pasture Science,Resource-use maximisation through legume intercropping with maize in the eastern Himalayan region of India,India,Southern Asia,"Research Farm of the Indian Council of Agricultural Research, Research Complex for North East Hilly Region, Basar, Arunachal Pradesh",27.9802,94.6912,Maize,Maize-Soybean,Soil Quality,Soil Moisture,% soil moisture content,Intercropping,Intercropping (N fixing mixed),Monoculture,32.5,,3.0,32.1,,3.0,-0.0124,,-1.2,2.0
"MD_Paut,_24_A glo_Sc_430",JA_Choud_16_Resou_Cr,"MD_Paut,_24_A glo_Sc",Choudhary et al. 2016,2016,10.1071/CP15233,Crop and Pasture Science,Resource-use maximisation through legume intercropping with maize in the eastern Himalayan region of India,India,Southern Asia,"Research Farm of the Indian Council of Agricultural Research, Research Complex for North East Hilly Region, Basar, Arunachal Pradesh",27.9802,94.6912,Maize,Maize-Groundnut,Soil Quality,Soil Moisture,% soil moisture content,Intercropping,Intercropping (N fixing mixed),Monoculture,31.0,,3.0,28.2,,3.0,-0.0947,,-9.0,2.0
"MD_Paut,_24_A glo_Sc_431",JA_Choud_16_Resou_Cr,"MD_Paut,_24_A glo_Sc",Choudhary et al. 2016,2016,10.1071/CP15233,Crop and Pasture Science,Resource-use maximisation through legume intercropping with maize in the eastern Himalayan region of India,India,Southern Asia,"Research Farm of the Indian Council of Agricultural Research, Research Complex for North East Hilly Region, Basar, Arunachal Pradesh",27.9802,94.6912,Maize,Maize-Groundnut,Soil Quality,Soil Moisture,% soil moisture content,Intercropping,Intercropping (N fixing mixed),Monoculture,31.0,,3.0,29.0,,3.0,-0.0667,,-6.5,2.0
"MD_Paut,_24_A glo_Sc_432",JA_Choud_16_Resou_Cr,"MD_Paut,_24_A glo_Sc",Choudhary et al. 2016,2016,10.1071/CP15233,Crop and Pasture Science,Resource-use maximisation through legume intercropping with maize in the eastern Himalayan region of India,India,Southern Asia,"Research Farm of the Indian Council of Agricultural Research, Research Complex for North East Hilly Region, Basar, Arunachal Pradesh",27.9802,94.6912,Maize,Maize-Groundnut,Soil Quality,Soil Moisture,% soil moisture content,Intercropping,Intercropping (N fixing mixed),Monoculture,31.0,,3.0,31.0,,3.0,0.0,,0.0,2.0
"MD_Paut,_24_A glo_Sc_433",JA_Phiri_24_Compa_Ag,"MD_Paut,_24_A glo_Sc",Phiri et al. 2024,2024,10.1002/agg2.20503,Agrosystems Geosci &amp; Env,Comparative effects of legume-based intercropping systems involving pigeon pea and cowpea under deep-bed and conventional tillage systems in Malawi,Malawi,Southern Africa,Msongwe,-11.4742,34.0581,Pigeon Pea,Pigeon Pea-Maize,Soil Quality,Soil Available Nitrogen,mg/kg,Intercropping,Intercropping (N fixing),Monoculture,31.479999999999997,,3.0,44.27,,3.0,0.341,,40.6,2.0
"MD_Paut,_24_A glo_Sc_434",JA_Phiri_24_Compa_Ag,"MD_Paut,_24_A glo_Sc",Phiri et al. 2024,2024,10.1002/agg2.20503,Agrosystems Geosci &amp; Env,Comparative effects of legume-based intercropping systems involving pigeon pea and cowpea under deep-bed and conventional tillage systems in Malawi,Malawi,Southern Africa,Msongwe,-11.4742,34.0581,Cowpea,Cowpea-Maize,Soil Quality,Soil Available Nitrogen,mg/kg,Intercropping,Intercropping (N fixing mixed),Monoculture,31.479999999999997,,3.0,44.67,,3.0,0.3499,,41.9,2.0
"MD_Paut,_24_A glo_Sc_435",JA_Phiri_24_Compa_Ag,"MD_Paut,_24_A glo_Sc",Phiri et al. 2024,2024,10.1002/agg2.20503,Agrosystems Geosci &amp; Env,Comparative effects of legume-based intercropping systems involving pigeon pea and cowpea under deep-bed and conventional tillage systems in Malawi,Malawi,Southern Africa,Msongwe,-11.4742,34.0581,Maize,Maize,Soil Quality,Soil Available Nitrogen,mg/kg,No Fertilizers Applied,No Fertilizers Applied,External input dependency,36.83,,3.0,31.479999999999997,,3.0,-0.157,,-14.5,2.0
"MD_Paut,_24_A glo_Sc_436",JA_Phiri_24_Compa_Ag,"MD_Paut,_24_A glo_Sc",Phiri et al. 2024,2024,10.1002/agg2.20503,Agrosystems Geosci &amp; Env,Comparative effects of legume-based intercropping systems involving pigeon pea and cowpea under deep-bed and conventional tillage systems in Malawi,Malawi,Southern Africa,Msongwe,-11.4742,34.0581,Pigeon Pea,Pigeon Pea-Maize,Soil Quality,Soil Available Nitrogen,mg/kg,Intercropping,Intercropping (N fixing),Monoculture,36.83,,3.0,44.27,,3.0,0.184,,20.2,2.0
"MD_Paut,_24_A glo_Sc_437",JA_Phiri_24_Compa_Ag,"MD_Paut,_24_A glo_Sc",Phiri et al. 2024,2024,10.1002/agg2.20503,Agrosystems Geosci &amp; Env,Comparative effects of legume-based intercropping systems involving pigeon pea and cowpea under deep-bed and conventional tillage systems in Malawi,Malawi,Southern Africa,Msongwe,-11.4742,34.0581,Cowpea,Cowpea-Maize,Soil Quality,Soil Available Nitrogen,mg/kg,Intercropping,Intercropping (N fixing mixed),Monoculture,36.83,,3.0,44.67,,3.0,0.193,,21.3,2.0
"MD_Paut,_24_A glo_Sc_438",JA_Phiri_24_Compa_Ag,"MD_Paut,_24_A glo_Sc",Phiri et al. 2024,2024,10.1002/agg2.20503,Agrosystems Geosci &amp; Env,Comparative effects of legume-based intercropping systems involving pigeon pea and cowpea under deep-bed and conventional tillage systems in Malawi,Malawi,Southern Africa,Msongwe,-11.4742,34.0581,Cowpea,Cowpea-Maize,Soil Quality,Soil Available Nitrogen,mg/kg,Intercropping,Intercropping (N fixing mixed),Monoculture,46.4,,3.0,44.67,,3.0,-0.038,,-3.7,2.0
"MD_Paut,_24_A glo_Sc_439",JA_Phiri_24_Compa_Ag,"MD_Paut,_24_A glo_Sc",Phiri et al. 2024,2024,10.1002/agg2.20503,Agrosystems Geosci &amp; Env,Comparative effects of legume-based intercropping systems involving pigeon pea and cowpea under deep-bed and conventional tillage systems in Malawi,Malawi,Southern Africa,Msongwe,-11.4742,34.0581,Pigeon Pea,Pigeon Pea-Cowpea,Soil Quality,Soil Available Nitrogen,mg/kg,Intercropping,Intercropping (N fixing mixed),Monoculture,46.4,,3.0,52.68,,3.0,0.1269,,13.5,2.0
"MD_Paut,_24_A glo_Sc_440",JA_Phiri_24_Compa_Ag,"MD_Paut,_24_A glo_Sc",Phiri et al. 2024,2024,10.1002/agg2.20503,Agrosystems Geosci &amp; Env,Comparative effects of legume-based intercropping systems involving pigeon pea and cowpea under deep-bed and conventional tillage systems in Malawi,Malawi,Southern Africa,Msongwe,-11.4742,34.0581,Pigeon Pea,Pigeon Pea-Maize,Soil Quality,Soil Available Nitrogen,mg/kg,Intercropping,Intercropping (N fixing),Monoculture,45.15,,3.0,44.27,,3.0,-0.0197,,-1.9,2.0
"MD_Paut,_24_A glo_Sc_441",JA_Phiri_24_Compa_Ag,"MD_Paut,_24_A glo_Sc",Phiri et al. 2024,2024,10.1002/agg2.20503,Agrosystems Geosci &amp; Env,Comparative effects of legume-based intercropping systems involving pigeon pea and cowpea under deep-bed and conventional tillage systems in Malawi,Malawi,Southern Africa,Msongwe,-11.4742,34.0581,Pigeon Pea,Pigeon Pea-Cowpea,Soil Quality,Soil Available Nitrogen,mg/kg,Intercropping,Intercropping (N fixing mixed),Monoculture,45.15,,3.0,52.68,,3.0,0.1542,,16.7,2.0
"MD_Paut,_24_A glo_Sc_442",JA_Phiri_24_Compa_Ag,"MD_Paut,_24_A glo_Sc",Phiri et al. 2024,2024,10.1002/agg2.20503,Agrosystems Geosci &amp; Env,Comparative effects of legume-based intercropping systems involving pigeon pea and cowpea under deep-bed and conventional tillage systems in Malawi,Malawi,Southern Africa,Msongwe,-11.4742,34.0581,Maize,Maize,Soil Quality,Soil Available Nitrogen,mg/kg,Reduced Tillage,Reduced Tillage,Conventional Tillage,25.770000000000003,,3.0,31.479999999999997,,3.0,0.2001,,22.2,2.0
"MD_Paut,_24_A glo_Sc_443",JA_Phiri_24_Compa_Ag,"MD_Paut,_24_A glo_Sc",Phiri et al. 2024,2024,10.1002/agg2.20503,Agrosystems Geosci &amp; Env,Comparative effects of legume-based intercropping systems involving pigeon pea and cowpea under deep-bed and conventional tillage systems in Malawi,Malawi,Southern Africa,Msongwe,-11.4742,34.0581,Maize,Maize,Soil Quality,Soil Available Nitrogen,mg/kg,Reduced Tillage,Reduced Tillage,Conventional Tillage,25.770000000000003,,3.0,36.83,,3.0,0.3571,,42.9,2.0
"MD_Paut,_24_A glo_Sc_444",JA_Phiri_24_Compa_Ag,"MD_Paut,_24_A glo_Sc",Phiri et al. 2024,2024,10.1002/agg2.20503,Agrosystems Geosci &amp; Env,Comparative effects of legume-based intercropping systems involving pigeon pea and cowpea under deep-bed and conventional tillage systems in Malawi,Malawi,Southern Africa,Msongwe,-11.4742,34.0581,Pigeon Pea,Pigeon Pea-Maize,Soil Quality,Soil Available Nitrogen,mg/kg,Intercropping,Intercropping (N fixing),Monoculture,25.770000000000003,,3.0,44.27,,3.0,0.5411,,71.8,2.0
"MD_Paut,_24_A glo_Sc_445",JA_Phiri_24_Compa_Ag,"MD_Paut,_24_A glo_Sc",Phiri et al. 2024,2024,10.1002/agg2.20503,Agrosystems Geosci &amp; Env,Comparative effects of legume-based intercropping systems involving pigeon pea and cowpea under deep-bed and conventional tillage systems in Malawi,Malawi,Southern Africa,Msongwe,-11.4742,34.0581,Cowpea,Cowpea-Maize,Soil Quality,Soil Available Nitrogen,mg/kg,Intercropping,Intercropping (N fixing mixed),Monoculture,25.770000000000003,,3.0,44.67,,3.0,0.5501,,73.3,2.0
"MD_Paut,_24_A glo_Sc_446",JA_Phiri_24_Compa_Ag,"MD_Paut,_24_A glo_Sc",Phiri et al. 2024,2024,10.1002/agg2.20503,Agrosystems Geosci &amp; Env,Comparative effects of legume-based intercropping systems involving pigeon pea and cowpea under deep-bed and conventional tillage systems in Malawi,Malawi,Southern Africa,Msongwe,-11.4742,34.0581,Pigeon Pea,Pigeon Pea-Maize,Soil Quality,Soil Available Nitrogen,mg/kg,Intercropping,Intercropping (N fixing),Monoculture,25.770000000000003,,3.0,36.79,,3.0,0.356,,42.8,2.0
"MD_Paut,_24_A glo_Sc_447",JA_Phiri_24_Compa_Ag,"MD_Paut,_24_A glo_Sc",Phiri et al. 2024,2024,10.1002/agg2.20503,Agrosystems Geosci &amp; Env,Comparative effects of legume-based intercropping systems involving pigeon pea and cowpea under deep-bed and conventional tillage systems in Malawi,Malawi,Southern Africa,Msongwe,-11.4742,34.0581,Cowpea,Cowpea-Maize,Soil Quality,Soil Available Nitrogen,mg/kg,Intercropping,Intercropping (N fixing mixed),Monoculture,25.770000000000003,,3.0,38.44,,3.0,0.3999,,49.2,2.0
"MD_Paut,_24_A glo_Sc_448",JA_Phiri_24_Compa_Ag,"MD_Paut,_24_A glo_Sc",Phiri et al. 2024,2024,10.1002/agg2.20503,Agrosystems Geosci &amp; Env,Comparative effects of legume-based intercropping systems involving pigeon pea and cowpea under deep-bed and conventional tillage systems in Malawi,Malawi,Southern Africa,Msongwe,-11.4742,34.0581,Maize,Maize,Soil Quality,Soil Available Nitrogen,mg/kg,Reduced Tillage,Reduced Tillage,Conventional Tillage,27.59,,3.0,31.479999999999997,,3.0,0.1319,,14.1,2.0
"MD_Paut,_24_A glo_Sc_449",JA_Phiri_24_Compa_Ag,"MD_Paut,_24_A glo_Sc",Phiri et al. 2024,2024,10.1002/agg2.20503,Agrosystems Geosci &amp; Env,Comparative effects of legume-based intercropping systems involving pigeon pea and cowpea under deep-bed and conventional tillage systems in Malawi,Malawi,Southern Africa,Msongwe,-11.4742,34.0581,Maize,Maize,Soil Quality,Soil Available Nitrogen,mg/kg,Reduced Tillage,Reduced Tillage,Conventional Tillage,27.59,,3.0,36.83,,3.0,0.2889,,33.5,2.0
"MD_Paut,_24_A glo_Sc_450",JA_Phiri_24_Compa_Ag,"MD_Paut,_24_A glo_Sc",Phiri et al. 2024,2024,10.1002/agg2.20503,Agrosystems Geosci &amp; Env,Comparative effects of legume-based intercropping systems involving pigeon pea and cowpea under deep-bed and conventional tillage systems in Malawi,Malawi,Southern Africa,Msongwe,-11.4742,34.0581,Maize,Maize,Soil Quality,Soil Available Nitrogen,mg/kg,No Fertilizers Applied,No Fertilizers Applied,External input dependency,27.59,,3.0,25.770000000000003,,3.0,-0.0682,,-6.6,2.0
"MD_Paut,_24_A glo_Sc_451",JA_Phiri_24_Compa_Ag,"MD_Paut,_24_A glo_Sc",Phiri et al. 2024,2024,10.1002/agg2.20503,Agrosystems Geosci &amp; Env,Comparative effects of legume-based intercropping systems involving pigeon pea and cowpea under deep-bed and conventional tillage systems in Malawi,Malawi,Southern Africa,Msongwe,-11.4742,34.0581,Pigeon Pea,Pigeon Pea-Maize,Soil Quality,Soil Available Nitrogen,mg/kg,No Fertilizers Applied,No Fertilizers Applied,External input dependency,27.59,,3.0,36.79,,3.0,0.2878,,33.3,2.0
"MD_Paut,_24_A glo_Sc_452",JA_Phiri_24_Compa_Ag,"MD_Paut,_24_A glo_Sc",Phiri et al. 2024,2024,10.1002/agg2.20503,Agrosystems Geosci &amp; Env,Comparative effects of legume-based intercropping systems involving pigeon pea and cowpea under deep-bed and conventional tillage systems in Malawi,Malawi,Southern Africa,Msongwe,-11.4742,34.0581,Cowpea,Cowpea-Maize,Soil Quality,Soil Available Nitrogen,mg/kg,No Fertilizers Applied,No Fertilizers Applied,External input dependency,27.59,,3.0,38.44,,3.0,0.3316,,39.3,2.0
"MD_Paut,_24_A glo_Sc_453",JA_Phiri_24_Compa_Ag,"MD_Paut,_24_A glo_Sc",Phiri et al. 2024,2024,10.1002/agg2.20503,Agrosystems Geosci &amp; Env,Comparative effects of legume-based intercropping systems involving pigeon pea and cowpea under deep-bed and conventional tillage systems in Malawi,Malawi,Southern Africa,Msongwe,-11.4742,34.0581,Cowpea,Cowpea,Soil Quality,Soil Available Nitrogen,mg/kg,Reduced Tillage,Reduced Tillage,Conventional Tillage,38.03,,3.0,46.4,,3.0,0.1989,,22.0,2.0
"MD_Paut,_24_A glo_Sc_454",JA_Phiri_24_Compa_Ag,"MD_Paut,_24_A glo_Sc",Phiri et al. 2024,2024,10.1002/agg2.20503,Agrosystems Geosci &amp; Env,Comparative effects of legume-based intercropping systems involving pigeon pea and cowpea under deep-bed and conventional tillage systems in Malawi,Malawi,Southern Africa,Msongwe,-11.4742,34.0581,Cowpea,Cowpea-Maize,Soil Quality,Soil Available Nitrogen,mg/kg,Intercropping,Intercropping (N fixing mixed),Monoculture,38.03,,3.0,44.67,,3.0,0.1609,,17.5,2.0
"MD_Paut,_24_A glo_Sc_455",JA_Phiri_24_Compa_Ag,"MD_Paut,_24_A glo_Sc",Phiri et al. 2024,2024,10.1002/agg2.20503,Agrosystems Geosci &amp; Env,Comparative effects of legume-based intercropping systems involving pigeon pea and cowpea under deep-bed and conventional tillage systems in Malawi,Malawi,Southern Africa,Msongwe,-11.4742,34.0581,Pigeon Pea,Pigeon Pea-Cowpea,Soil Quality,Soil Available Nitrogen,mg/kg,Intercropping,Intercropping (N fixing mixed),Monoculture,38.03,,3.0,52.68,,3.0,0.3259,,38.5,2.0
"MD_Paut,_24_A glo_Sc_456",JA_Phiri_24_Compa_Ag,"MD_Paut,_24_A glo_Sc",Phiri et al. 2024,2024,10.1002/agg2.20503,Agrosystems Geosci &amp; Env,Comparative effects of legume-based intercropping systems involving pigeon pea and cowpea under deep-bed and conventional tillage systems in Malawi,Malawi,Southern Africa,Msongwe,-11.4742,34.0581,Cowpea,Cowpea-Maize,Soil Quality,Soil Available Nitrogen,mg/kg,Intercropping,Intercropping (N fixing mixed),Monoculture,38.03,,3.0,38.44,,3.0,0.0107,,1.1,2.0
"MD_Paut,_24_A glo_Sc_457",JA_Phiri_24_Compa_Ag,"MD_Paut,_24_A glo_Sc",Phiri et al. 2024,2024,10.1002/agg2.20503,Agrosystems Geosci &amp; Env,Comparative effects of legume-based intercropping systems involving pigeon pea and cowpea under deep-bed and conventional tillage systems in Malawi,Malawi,Southern Africa,Msongwe,-11.4742,34.0581,Pigeon Pea,Pigeon Pea-Cowpea,Soil Quality,Soil Available Nitrogen,mg/kg,Intercropping,Intercropping (N fixing mixed),Monoculture,38.03,,3.0,47.61,,3.0,0.2247,,25.2,2.0
"MD_Paut,_24_A glo_Sc_458",JA_Phiri_24_Compa_Ag,"MD_Paut,_24_A glo_Sc",Phiri et al. 2024,2024,10.1002/agg2.20503,Agrosystems Geosci &amp; Env,Comparative effects of legume-based intercropping systems involving pigeon pea and cowpea under deep-bed and conventional tillage systems in Malawi,Malawi,Southern Africa,Msongwe,-11.4742,34.0581,Pigeon Pea,Pigeon Pea,Soil Quality,Soil Available Nitrogen,mg/kg,Reduced Tillage,Reduced Tillage,Conventional Tillage,38.120000000000005,,3.0,45.15,,3.0,0.1693,,18.4,2.0
"MD_Paut,_24_A glo_Sc_459",JA_Phiri_24_Compa_Ag,"MD_Paut,_24_A glo_Sc",Phiri et al. 2024,2024,10.1002/agg2.20503,Agrosystems Geosci &amp; Env,Comparative effects of legume-based intercropping systems involving pigeon pea and cowpea under deep-bed and conventional tillage systems in Malawi,Malawi,Southern Africa,Msongwe,-11.4742,34.0581,Pigeon Pea,Pigeon Pea-Maize,Soil Quality,Soil Available Nitrogen,mg/kg,Intercropping,Intercropping (N fixing),Monoculture,38.120000000000005,,3.0,44.27,,3.0,0.1496,,16.1,2.0
"MD_Paut,_24_A glo_Sc_460",JA_Phiri_24_Compa_Ag,"MD_Paut,_24_A glo_Sc",Phiri et al. 2024,2024,10.1002/agg2.20503,Agrosystems Geosci &amp; Env,Comparative effects of legume-based intercropping systems involving pigeon pea and cowpea under deep-bed and conventional tillage systems in Malawi,Malawi,Southern Africa,Msongwe,-11.4742,34.0581,Pigeon Pea,Pigeon Pea-Cowpea,Soil Quality,Soil Available Nitrogen,mg/kg,Intercropping,Intercropping (N fixing mixed),Monoculture,38.120000000000005,,3.0,52.68,,3.0,0.3235,,38.2,2.0
"MD_Paut,_24_A glo_Sc_461",JA_Phiri_24_Compa_Ag,"MD_Paut,_24_A glo_Sc",Phiri et al. 2024,2024,10.1002/agg2.20503,Agrosystems Geosci &amp; Env,Comparative effects of legume-based intercropping systems involving pigeon pea and cowpea under deep-bed and conventional tillage systems in Malawi,Malawi,Southern Africa,Msongwe,-11.4742,34.0581,Pigeon Pea,Pigeon Pea-Maize,Soil Quality,Soil Available Nitrogen,mg/kg,Intercropping,Intercropping (N fixing),Monoculture,38.120000000000005,,3.0,36.79,,3.0,-0.0355,,-3.5,2.0
"MD_Paut,_24_A glo_Sc_462",JA_Phiri_24_Compa_Ag,"MD_Paut,_24_A glo_Sc",Phiri et al. 2024,2024,10.1002/agg2.20503,Agrosystems Geosci &amp; Env,Comparative effects of legume-based intercropping systems involving pigeon pea and cowpea under deep-bed and conventional tillage systems in Malawi,Malawi,Southern Africa,Msongwe,-11.4742,34.0581,Pigeon Pea,Pigeon Pea-Cowpea,Soil Quality,Soil Available Nitrogen,mg/kg,Intercropping,Intercropping (N fixing mixed),Monoculture,38.120000000000005,,3.0,47.61,,3.0,0.2223,,24.9,2.0
"MD_Paut,_24_A glo_Sc_463",JA_Phiri_24_Compa_Ag,"MD_Paut,_24_A glo_Sc",Phiri et al. 2024,2024,10.1002/agg2.20503,Agrosystems Geosci &amp; Env,Comparative effects of legume-based intercropping systems involving pigeon pea and cowpea under deep-bed and conventional tillage systems in Malawi,Malawi,Southern Africa,Msongwe,-11.4742,34.0581,Pigeon Pea,Pigeon Pea-Maize,Soil Quality,Soil Available Nitrogen,mg/kg,Intercropping,Intercropping (N fixing),Monoculture,38.239999999999995,,3.0,54.74,,3.0,0.3587,,43.1,2.0
"MD_Paut,_24_A glo_Sc_464",JA_Phiri_24_Compa_Ag,"MD_Paut,_24_A glo_Sc",Phiri et al. 2024,2024,10.1002/agg2.20503,Agrosystems Geosci &amp; Env,Comparative effects of legume-based intercropping systems involving pigeon pea and cowpea under deep-bed and conventional tillage systems in Malawi,Malawi,Southern Africa,Msongwe,-11.4742,34.0581,Cowpea,Cowpea-Maize,Soil Quality,Soil Available Nitrogen,mg/kg,Intercropping,Intercropping (N fixing mixed),Monoculture,38.239999999999995,,3.0,54.8,,3.0,0.3598,,43.3,2.0
"MD_Paut,_24_A glo_Sc_465",JA_Phiri_24_Compa_Ag,"MD_Paut,_24_A glo_Sc",Phiri et al. 2024,2024,10.1002/agg2.20503,Agrosystems Geosci &amp; Env,Comparative effects of legume-based intercropping systems involving pigeon pea and cowpea under deep-bed and conventional tillage systems in Malawi,Malawi,Southern Africa,Msongwe,-11.4742,34.0581,Maize,Maize,Soil Quality,Soil Available Nitrogen,mg/kg,No Fertilizers Applied,No Fertilizers Applied,External input dependency,46.709999999999994,,3.0,38.239999999999995,,3.0,-0.2001,,-18.1,2.0
"MD_Paut,_24_A glo_Sc_466",JA_Phiri_24_Compa_Ag,"MD_Paut,_24_A glo_Sc",Phiri et al. 2024,2024,10.1002/agg2.20503,Agrosystems Geosci &amp; Env,Comparative effects of legume-based intercropping systems involving pigeon pea and cowpea under deep-bed and conventional tillage systems in Malawi,Malawi,Southern Africa,Msongwe,-11.4742,34.0581,Pigeon Pea,Pigeon Pea-Maize,Soil Quality,Soil Available Nitrogen,mg/kg,Intercropping,Intercropping (N fixing),Monoculture,46.709999999999994,,3.0,54.74,,3.0,0.1586,,17.2,2.0
"MD_Paut,_24_A glo_Sc_467",JA_Phiri_24_Compa_Ag,"MD_Paut,_24_A glo_Sc",Phiri et al. 2024,2024,10.1002/agg2.20503,Agrosystems Geosci &amp; Env,Comparative effects of legume-based intercropping systems involving pigeon pea and cowpea under deep-bed and conventional tillage systems in Malawi,Malawi,Southern Africa,Msongwe,-11.4742,34.0581,Cowpea,Cowpea-Maize,Soil Quality,Soil Available Nitrogen,mg/kg,Intercropping,Intercropping (N fixing mixed),Monoculture,46.709999999999994,,3.0,54.8,,3.0,0.1597,,17.3,2.0
"MD_Paut,_24_A glo_Sc_468",JA_Phiri_24_Compa_Ag,"MD_Paut,_24_A glo_Sc",Phiri et al. 2024,2024,10.1002/agg2.20503,Agrosystems Geosci &amp; Env,Comparative effects of legume-based intercropping systems involving pigeon pea and cowpea under deep-bed and conventional tillage systems in Malawi,Malawi,Southern Africa,Msongwe,-11.4742,34.0581,Cowpea,Cowpea-Maize,Soil Quality,Soil Available Nitrogen,mg/kg,Intercropping,Intercropping (N fixing mixed),Monoculture,55.07,,3.0,54.8,,3.0,-0.0049,,-0.5,2.0
"MD_Paut,_24_A glo_Sc_469",JA_Phiri_24_Compa_Ag,"MD_Paut,_24_A glo_Sc",Phiri et al. 2024,2024,10.1002/agg2.20503,Agrosystems Geosci &amp; Env,Comparative effects of legume-based intercropping systems involving pigeon pea and cowpea under deep-bed and conventional tillage systems in Malawi,Malawi,Southern Africa,Msongwe,-11.4742,34.0581,Pigeon Pea,Pigeon Pea-Cowpea,Soil Quality,Soil Available Nitrogen,mg/kg,Intercropping,Intercropping (N fixing mixed),Monoculture,55.07,,3.0,62.04,,3.0,0.1192,,12.7,2.0
"MD_Paut,_24_A glo_Sc_470",JA_Phiri_24_Compa_Ag,"MD_Paut,_24_A glo_Sc",Phiri et al. 2024,2024,10.1002/agg2.20503,Agrosystems Geosci &amp; Env,Comparative effects of legume-based intercropping systems involving pigeon pea and cowpea under deep-bed and conventional tillage systems in Malawi,Malawi,Southern Africa,Msongwe,-11.4742,34.0581,Pigeon Pea,Pigeon Pea-Maize,Soil Quality,Soil Available Nitrogen,mg/kg,Intercropping,Intercropping (N fixing),Monoculture,55.39,,3.0,54.74,,3.0,-0.0118,,-1.2,2.0
"MD_Paut,_24_A glo_Sc_471",JA_Phiri_24_Compa_Ag,"MD_Paut,_24_A glo_Sc",Phiri et al. 2024,2024,10.1002/agg2.20503,Agrosystems Geosci &amp; Env,Comparative effects of legume-based intercropping systems involving pigeon pea and cowpea under deep-bed and conventional tillage systems in Malawi,Malawi,Southern Africa,Msongwe,-11.4742,34.0581,Pigeon Pea,Pigeon Pea-Cowpea,Soil Quality,Soil Available Nitrogen,mg/kg,Intercropping,Intercropping (N fixing mixed),Monoculture,55.39,,3.0,62.04,,3.0,0.1134,,12.0,2.0
"MD_Paut,_24_A glo_Sc_472",JA_Phiri_24_Compa_Ag,"MD_Paut,_24_A glo_Sc",Phiri et al. 2024,2024,10.1002/agg2.20503,Agrosystems Geosci &amp; Env,Comparative effects of legume-based intercropping systems involving pigeon pea and cowpea under deep-bed and conventional tillage systems in Malawi,Malawi,Southern Africa,Msongwe,-11.4742,34.0581,Maize,Maize,Soil Quality,Soil Available Nitrogen,mg/kg,Reduced Tillage,Reduced Tillage,Conventional Tillage,23.7,,3.0,38.239999999999995,,3.0,0.4784,,61.4,2.0
"MD_Paut,_24_A glo_Sc_473",JA_Phiri_24_Compa_Ag,"MD_Paut,_24_A glo_Sc",Phiri et al. 2024,2024,10.1002/agg2.20503,Agrosystems Geosci &amp; Env,Comparative effects of legume-based intercropping systems involving pigeon pea and cowpea under deep-bed and conventional tillage systems in Malawi,Malawi,Southern Africa,Msongwe,-11.4742,34.0581,Maize,Maize,Soil Quality,Soil Available Nitrogen,mg/kg,Reduced Tillage,Reduced Tillage,Conventional Tillage,23.7,,3.0,46.709999999999994,,3.0,0.6785,,97.1,2.0
"MD_Paut,_24_A glo_Sc_474",JA_Phiri_24_Compa_Ag,"MD_Paut,_24_A glo_Sc",Phiri et al. 2024,2024,10.1002/agg2.20503,Agrosystems Geosci &amp; Env,Comparative effects of legume-based intercropping systems involving pigeon pea and cowpea under deep-bed and conventional tillage systems in Malawi,Malawi,Southern Africa,Msongwe,-11.4742,34.0581,Pigeon Pea,Pigeon Pea-Maize,Soil Quality,Soil Available Nitrogen,mg/kg,Intercropping,Intercropping (N fixing),Monoculture,23.7,,3.0,54.74,,3.0,0.8371,,131.0,2.0
"MD_Paut,_24_A glo_Sc_475",JA_Phiri_24_Compa_Ag,"MD_Paut,_24_A glo_Sc",Phiri et al. 2024,2024,10.1002/agg2.20503,Agrosystems Geosci &amp; Env,Comparative effects of legume-based intercropping systems involving pigeon pea and cowpea under deep-bed and conventional tillage systems in Malawi,Malawi,Southern Africa,Msongwe,-11.4742,34.0581,Cowpea,Cowpea-Maize,Soil Quality,Soil Available Nitrogen,mg/kg,Intercropping,Intercropping (N fixing mixed),Monoculture,23.7,,3.0,54.8,,3.0,0.8382,,131.2,2.0
"MD_Paut,_24_A glo_Sc_476",JA_Phiri_24_Compa_Ag,"MD_Paut,_24_A glo_Sc",Phiri et al. 2024,2024,10.1002/agg2.20503,Agrosystems Geosci &amp; Env,Comparative effects of legume-based intercropping systems involving pigeon pea and cowpea under deep-bed and conventional tillage systems in Malawi,Malawi,Southern Africa,Msongwe,-11.4742,34.0581,Pigeon Pea,Pigeon Pea-Maize,Soil Quality,Soil Available Nitrogen,mg/kg,Intercropping,Intercropping (N fixing),Monoculture,23.7,,3.0,47.01,,3.0,0.6849,,98.4,2.0
"MD_Paut,_24_A glo_Sc_477",JA_Phiri_24_Compa_Ag,"MD_Paut,_24_A glo_Sc",Phiri et al. 2024,2024,10.1002/agg2.20503,Agrosystems Geosci &amp; Env,Comparative effects of legume-based intercropping systems involving pigeon pea and cowpea under deep-bed and conventional tillage systems in Malawi,Malawi,Southern Africa,Msongwe,-11.4742,34.0581,Cowpea,Cowpea-Maize,Soil Quality,Soil Available Nitrogen,mg/kg,Intercropping,Intercropping (N fixing),Monoculture,23.7,,3.0,48.27,,3.0,0.7113,,103.7,2.0
"MD_Paut,_24_A glo_Sc_478",JA_Phiri_24_Compa_Ag,"MD_Paut,_24_A glo_Sc",Phiri et al. 2024,2024,10.1002/agg2.20503,Agrosystems Geosci &amp; Env,Comparative effects of legume-based intercropping systems involving pigeon pea and cowpea under deep-bed and conventional tillage systems in Malawi,Malawi,Southern Africa,Msongwe,-11.4742,34.0581,Maize,Maize,Soil Quality,Soil Available Nitrogen,mg/kg,Reduced Tillage,Reduced Tillage,Conventional Tillage,30.94,,3.0,38.239999999999995,,3.0,0.2118,,23.6,2.0
"MD_Paut,_24_A glo_Sc_479",JA_Phiri_24_Compa_Ag,"MD_Paut,_24_A glo_Sc",Phiri et al. 2024,2024,10.1002/agg2.20503,Agrosystems Geosci &amp; Env,Comparative effects of legume-based intercropping systems involving pigeon pea and cowpea under deep-bed and conventional tillage systems in Malawi,Malawi,Southern Africa,Msongwe,-11.4742,34.0581,Maize,Maize,Soil Quality,Soil Available Nitrogen,mg/kg,Reduced Tillage,Reduced Tillage,Conventional Tillage,30.94,,3.0,46.709999999999994,,3.0,0.4119,,51.0,2.0
"MD_Paut,_24_A glo_Sc_480",JA_Phiri_24_Compa_Ag,"MD_Paut,_24_A glo_Sc",Phiri et al. 2024,2024,10.1002/agg2.20503,Agrosystems Geosci &amp; Env,Comparative effects of legume-based intercropping systems involving pigeon pea and cowpea under deep-bed and conventional tillage systems in Malawi,Malawi,Southern Africa,Msongwe,-11.4742,34.0581,Maize,Maize,Soil Quality,Soil Available Nitrogen,mg/kg,No Fertilizers Applied,No Fertilizers Applied,External input dependency,30.94,,3.0,23.7,,3.0,-0.2666,,-23.4,2.0
"MD_Paut,_24_A glo_Sc_481",JA_Phiri_24_Compa_Ag,"MD_Paut,_24_A glo_Sc",Phiri et al. 2024,2024,10.1002/agg2.20503,Agrosystems Geosci &amp; Env,Comparative effects of legume-based intercropping systems involving pigeon pea and cowpea under deep-bed and conventional tillage systems in Malawi,Malawi,Southern Africa,Msongwe,-11.4742,34.0581,Pigeon Pea,Pigeon Pea-Maize,Soil Quality,Soil Available Nitrogen,mg/kg,No Fertilizers Applied,No Fertilizers Applied,External input dependency,30.94,,3.0,47.01,,3.0,0.4183,,51.9,2.0
"MD_Paut,_24_A glo_Sc_482",JA_Phiri_24_Compa_Ag,"MD_Paut,_24_A glo_Sc",Phiri et al. 2024,2024,10.1002/agg2.20503,Agrosystems Geosci &amp; Env,Comparative effects of legume-based intercropping systems involving pigeon pea and cowpea under deep-bed and conventional tillage systems in Malawi,Malawi,Southern Africa,Msongwe,-11.4742,34.0581,Cowpea,Cowpea-Maize,Soil Quality,Soil Available Nitrogen,mg/kg,No Fertilizers Applied,No Fertilizers Applied,External input dependency,30.94,,3.0,48.27,,3.0,0.4448,,56.0,2.0
"MD_Paut,_24_A glo_Sc_483",JA_Phiri_24_Compa_Ag,"MD_Paut,_24_A glo_Sc",Phiri et al. 2024,2024,10.1002/agg2.20503,Agrosystems Geosci &amp; Env,Comparative effects of legume-based intercropping systems involving pigeon pea and cowpea under deep-bed and conventional tillage systems in Malawi,Malawi,Southern Africa,Msongwe,-11.4742,34.0581,Cowpea,Cowpea,Soil Quality,Soil Available Nitrogen,mg/kg,Reduced Tillage,Reduced Tillage,Conventional Tillage,48.52,,3.0,55.07,,3.0,0.1266,,13.5,2.0
"MD_Paut,_24_A glo_Sc_484",JA_Phiri_24_Compa_Ag,"MD_Paut,_24_A glo_Sc",Phiri et al. 2024,2024,10.1002/agg2.20503,Agrosystems Geosci &amp; Env,Comparative effects of legume-based intercropping systems involving pigeon pea and cowpea under deep-bed and conventional tillage systems in Malawi,Malawi,Southern Africa,Msongwe,-11.4742,34.0581,Cowpea,Cowpea-Maize,Soil Quality,Soil Available Nitrogen,mg/kg,Intercropping,Intercropping (N fixing mixed),Monoculture,48.52,,3.0,54.8,,3.0,0.1217,,12.9,2.0
"MD_Paut,_24_A glo_Sc_485",JA_Phiri_24_Compa_Ag,"MD_Paut,_24_A glo_Sc",Phiri et al. 2024,2024,10.1002/agg2.20503,Agrosystems Geosci &amp; Env,Comparative effects of legume-based intercropping systems involving pigeon pea and cowpea under deep-bed and conventional tillage systems in Malawi,Malawi,Southern Africa,Msongwe,-11.4742,34.0581,Pigeon Pea,Pigeon Pea-Cowpea,Soil Quality,Soil Available Nitrogen,mg/kg,Intercropping,Intercropping (N fixing mixed),Monoculture,48.52,,3.0,62.04,,3.0,0.2458,,27.9,2.0
"MD_Paut,_24_A glo_Sc_486",JA_Phiri_24_Compa_Ag,"MD_Paut,_24_A glo_Sc",Phiri et al. 2024,2024,10.1002/agg2.20503,Agrosystems Geosci &amp; Env,Comparative effects of legume-based intercropping systems involving pigeon pea and cowpea under deep-bed and conventional tillage systems in Malawi,Malawi,Southern Africa,Msongwe,-11.4742,34.0581,Cowpea,Cowpea-Maize,Soil Quality,Soil Available Nitrogen,mg/kg,Intercropping,Intercropping (N fixing),Monoculture,48.52,,3.0,48.27,,3.0,-0.0052,,-0.5,2.0
"MD_Paut,_24_A glo_Sc_487",JA_Phiri_24_Compa_Ag,"MD_Paut,_24_A glo_Sc",Phiri et al. 2024,2024,10.1002/agg2.20503,Agrosystems Geosci &amp; Env,Comparative effects of legume-based intercropping systems involving pigeon pea and cowpea under deep-bed and conventional tillage systems in Malawi,Malawi,Southern Africa,Msongwe,-11.4742,34.0581,Pigeon Pea,Pigeon Pea-Cowpea,Soil Quality,Soil Available Nitrogen,mg/kg,Intercropping,Intercropping (N fixing),Monoculture,48.52,,3.0,50.79,,3.0,0.0457,,4.7,2.0
"MD_Paut,_24_A glo_Sc_488",JA_Phiri_24_Compa_Ag,"MD_Paut,_24_A glo_Sc",Phiri et al. 2024,2024,10.1002/agg2.20503,Agrosystems Geosci &amp; Env,Comparative effects of legume-based intercropping systems involving pigeon pea and cowpea under deep-bed and conventional tillage systems in Malawi,Malawi,Southern Africa,Msongwe,-11.4742,34.0581,Pigeon Pea,Pigeon Pea,Soil Quality,Soil Available Nitrogen,mg/kg,Reduced Tillage,Reduced Tillage,Conventional Tillage,46.44,,3.0,55.39,,3.0,0.1762,,19.3,2.0
"MD_Paut,_24_A glo_Sc_489",JA_Phiri_24_Compa_Ag,"MD_Paut,_24_A glo_Sc",Phiri et al. 2024,2024,10.1002/agg2.20503,Agrosystems Geosci &amp; Env,Comparative effects of legume-based intercropping systems involving pigeon pea and cowpea under deep-bed and conventional tillage systems in Malawi,Malawi,Southern Africa,Msongwe,-11.4742,34.0581,Pigeon Pea,Pigeon Pea-Maize,Soil Quality,Soil Available Nitrogen,mg/kg,Intercropping,Intercropping (N fixing),Monoculture,46.44,,3.0,54.74,,3.0,0.1644,,17.9,2.0
"MD_Paut,_24_A glo_Sc_490",JA_Phiri_24_Compa_Ag,"MD_Paut,_24_A glo_Sc",Phiri et al. 2024,2024,10.1002/agg2.20503,Agrosystems Geosci &amp; Env,Comparative effects of legume-based intercropping systems involving pigeon pea and cowpea under deep-bed and conventional tillage systems in Malawi,Malawi,Southern Africa,Msongwe,-11.4742,34.0581,Pigeon Pea,Pigeon Pea-Cowpea,Soil Quality,Soil Available Nitrogen,mg/kg,Intercropping,Intercropping (N fixing mixed),Monoculture,46.44,,3.0,62.04,,3.0,0.2896,,33.6,2.0
"MD_Paut,_24_A glo_Sc_491",JA_Phiri_24_Compa_Ag,"MD_Paut,_24_A glo_Sc",Phiri et al. 2024,2024,10.1002/agg2.20503,Agrosystems Geosci &amp; Env,Comparative effects of legume-based intercropping systems involving pigeon pea and cowpea under deep-bed and conventional tillage systems in Malawi,Malawi,Southern Africa,Msongwe,-11.4742,34.0581,Pigeon Pea,Pigeon Pea-Maize,Soil Quality,Soil Available Nitrogen,mg/kg,Intercropping,Intercropping (N fixing),Monoculture,46.44,,3.0,47.01,,3.0,0.0122,,1.2,2.0
"MD_Paut,_24_A glo_Sc_492",JA_Phiri_24_Compa_Ag,"MD_Paut,_24_A glo_Sc",Phiri et al. 2024,2024,10.1002/agg2.20503,Agrosystems Geosci &amp; Env,Comparative effects of legume-based intercropping systems involving pigeon pea and cowpea under deep-bed and conventional tillage systems in Malawi,Malawi,Southern Africa,Msongwe,-11.4742,34.0581,Pigeon Pea,Pigeon Pea-Cowpea,Soil Quality,Soil Available Nitrogen,mg/kg,Intercropping,Intercropping (N fixing),Monoculture,46.44,,3.0,50.79,,3.0,0.0895,,9.4,2.0
"MD_Paut,_24_A glo_Sc_493",JA_Phiri_24_Compa_Ag,"MD_Paut,_24_A glo_Sc",Phiri et al. 2024,2024,10.1002/agg2.20503,Agrosystems Geosci &amp; Env,Comparative effects of legume-based intercropping systems involving pigeon pea and cowpea under deep-bed and conventional tillage systems in Malawi,Malawi,Southern Africa,Msongwe,-11.4742,34.0581,Pigeon Pea,Pigeon Pea-Maize,Soil Quality,Soil Available Phosphorus,mg/kg,Intercropping,Intercropping (N fixing),Monoculture,19.35,,3.0,25.06,,3.0,0.2586,,29.5,2.0
"MD_Paut,_24_A glo_Sc_494",JA_Phiri_24_Compa_Ag,"MD_Paut,_24_A glo_Sc",Phiri et al. 2024,2024,10.1002/agg2.20503,Agrosystems Geosci &amp; Env,Comparative effects of legume-based intercropping systems involving pigeon pea and cowpea under deep-bed and conventional tillage systems in Malawi,Malawi,Southern Africa,Msongwe,-11.4742,34.0581,Cowpea,Cowpea-Maize,Soil Quality,Soil Available Phosphorus,mg/kg,Intercropping,Intercropping (N fixing),Monoculture,19.35,,3.0,25.53,,3.0,0.2772,,31.9,2.0
"MD_Paut,_24_A glo_Sc_495",JA_Phiri_24_Compa_Ag,"MD_Paut,_24_A glo_Sc",Phiri et al. 2024,2024,10.1002/agg2.20503,Agrosystems Geosci &amp; Env,Comparative effects of legume-based intercropping systems involving pigeon pea and cowpea under deep-bed and conventional tillage systems in Malawi,Malawi,Southern Africa,Msongwe,-11.4742,34.0581,Maize,Maize,Soil Quality,Soil Available Phosphorus,mg/kg,No Fertilizers Applied,No Fertilizers Applied,External input dependency,19.81,,3.0,19.35,,3.0,-0.0235,,-2.3,2.0
"MD_Paut,_24_A glo_Sc_496",JA_Phiri_24_Compa_Ag,"MD_Paut,_24_A glo_Sc",Phiri et al. 2024,2024,10.1002/agg2.20503,Agrosystems Geosci &amp; Env,Comparative effects of legume-based intercropping systems involving pigeon pea and cowpea under deep-bed and conventional tillage systems in Malawi,Malawi,Southern Africa,Msongwe,-11.4742,34.0581,Pigeon Pea,Pigeon Pea-Maize,Soil Quality,Soil Available Phosphorus,mg/kg,Intercropping,Intercropping (N fixing),Monoculture,19.81,,3.0,25.06,,3.0,0.2351,,26.5,2.0
"MD_Paut,_24_A glo_Sc_497",JA_Phiri_24_Compa_Ag,"MD_Paut,_24_A glo_Sc",Phiri et al. 2024,2024,10.1002/agg2.20503,Agrosystems Geosci &amp; Env,Comparative effects of legume-based intercropping systems involving pigeon pea and cowpea under deep-bed and conventional tillage systems in Malawi,Malawi,Southern Africa,Msongwe,-11.4742,34.0581,Cowpea,Cowpea-Maize,Soil Quality,Soil Available Phosphorus,mg/kg,Intercropping,Intercropping (N fixing),Monoculture,19.81,,3.0,25.53,,3.0,0.2537,,28.9,2.0
"MD_Paut,_24_A glo_Sc_498",JA_Phiri_24_Compa_Ag,"MD_Paut,_24_A glo_Sc",Phiri et al. 2024,2024,10.1002/agg2.20503,Agrosystems Geosci &amp; Env,Comparative effects of legume-based intercropping systems involving pigeon pea and cowpea under deep-bed and conventional tillage systems in Malawi,Malawi,Southern Africa,Msongwe,-11.4742,34.0581,Cowpea,Cowpea-Maize,Soil Quality,Soil Available Phosphorus,mg/kg,Intercropping,Intercropping (N fixing),Monoculture,25.04,,3.0,25.53,,3.0,0.0194,,2.0,2.0
"MD_Paut,_24_A glo_Sc_499",JA_Phiri_24_Compa_Ag,"MD_Paut,_24_A glo_Sc",Phiri et al. 2024,2024,10.1002/agg2.20503,Agrosystems Geosci &amp; Env,Comparative effects of legume-based intercropping systems involving pigeon pea and cowpea under deep-bed and conventional tillage systems in Malawi,Malawi,Southern Africa,Msongwe,-11.4742,34.0581,Pigeon Pea,Pigeon Pea-Cowpea,Soil Quality,Soil Available Phosphorus,mg/kg,Intercropping,Intercropping (N fixing),Monoculture,25.04,,3.0,27.44,,3.0,0.0915,,9.6,2.0
"MD_Paut,_24_A glo_Sc_500",JA_Phiri_24_Compa_Ag,"MD_Paut,_24_A glo_Sc",Phiri et al. 2024,2024,10.1002/agg2.20503,Agrosystems Geosci &amp; Env,Comparative effects of legume-based intercropping systems involving pigeon pea and cowpea under deep-bed and conventional tillage systems in Malawi,Malawi,Southern Africa,Msongwe,-11.4742,34.0581,Pigeon Pea,Pigeon Pea-Maize,Soil Quality,Soil Available Phosphorus,mg/kg,Intercropping,Intercropping (N fixing),Monoculture,23.61,,3.0,25.06,,3.0,0.0596,,6.1,2.0
"MD_Paut,_24_A glo_Sc_501",JA_Phiri_24_Compa_Ag,"MD_Paut,_24_A glo_Sc",Phiri et al. 2024,2024,10.1002/agg2.20503,Agrosystems Geosci &amp; Env,Comparative effects of legume-based intercropping systems involving pigeon pea and cowpea under deep-bed and conventional tillage systems in Malawi,Malawi,Southern Africa,Msongwe,-11.4742,34.0581,Pigeon Pea,Pigeon Pea-Cowpea,Soil Quality,Soil Available Phosphorus,mg/kg,Intercropping,Intercropping (N fixing),Monoculture,23.61,,3.0,27.44,,3.0,0.1503,,16.2,2.0
"MD_Paut,_24_A glo_Sc_502",JA_Phiri_24_Compa_Ag,"MD_Paut,_24_A glo_Sc",Phiri et al. 2024,2024,10.1002/agg2.20503,Agrosystems Geosci &amp; Env,Comparative effects of legume-based intercropping systems involving pigeon pea and cowpea under deep-bed and conventional tillage systems in Malawi,Malawi,Southern Africa,Msongwe,-11.4742,34.0581,Maize,Maize,Soil Quality,Soil Available Phosphorus,mg/kg,Reduced Tillage,Reduced Tillage,Conventional Tillage,15.2,,3.0,19.35,,3.0,0.2414,,27.3,2.0
"MD_Paut,_24_A glo_Sc_503",JA_Phiri_24_Compa_Ag,"MD_Paut,_24_A glo_Sc",Phiri et al. 2024,2024,10.1002/agg2.20503,Agrosystems Geosci &amp; Env,Comparative effects of legume-based intercropping systems involving pigeon pea and cowpea under deep-bed and conventional tillage systems in Malawi,Malawi,Southern Africa,Msongwe,-11.4742,34.0581,Maize,Maize,Soil Quality,Soil Available Phosphorus,mg/kg,Reduced Tillage,Reduced Tillage,Conventional Tillage,15.2,,3.0,19.81,,3.0,0.2649,,30.3,2.0
"MD_Paut,_24_A glo_Sc_504",JA_Phiri_24_Compa_Ag,"MD_Paut,_24_A glo_Sc",Phiri et al. 2024,2024,10.1002/agg2.20503,Agrosystems Geosci &amp; Env,Comparative effects of legume-based intercropping systems involving pigeon pea and cowpea under deep-bed and conventional tillage systems in Malawi,Malawi,Southern Africa,Msongwe,-11.4742,34.0581,Pigeon Pea,Pigeon Pea-Maize,Soil Quality,Soil Available Phosphorus,mg/kg,Intercropping,Intercropping (N fixing),Monoculture,15.2,,3.0,25.06,,3.0,0.5,,64.9,2.0
"MD_Paut,_24_A glo_Sc_505",JA_Phiri_24_Compa_Ag,"MD_Paut,_24_A glo_Sc",Phiri et al. 2024,2024,10.1002/agg2.20503,Agrosystems Geosci &amp; Env,Comparative effects of legume-based intercropping systems involving pigeon pea and cowpea under deep-bed and conventional tillage systems in Malawi,Malawi,Southern Africa,Msongwe,-11.4742,34.0581,Cowpea,Cowpea-Maize,Soil Quality,Soil Available Phosphorus,mg/kg,Intercropping,Intercropping (N fixing),Monoculture,15.2,,3.0,25.53,,3.0,0.5186,,68.0,2.0
"MD_Paut,_24_A glo_Sc_506",JA_Phiri_24_Compa_Ag,"MD_Paut,_24_A glo_Sc",Phiri et al. 2024,2024,10.1002/agg2.20503,Agrosystems Geosci &amp; Env,Comparative effects of legume-based intercropping systems involving pigeon pea and cowpea under deep-bed and conventional tillage systems in Malawi,Malawi,Southern Africa,Msongwe,-11.4742,34.0581,Pigeon Pea,Pigeon Pea-Maize,Soil Quality,Soil Available Phosphorus,mg/kg,Intercropping,Intercropping (N fixing),Monoculture,15.2,,3.0,20.46,,3.0,0.2972,,34.6,2.0
"MD_Paut,_24_A glo_Sc_507",JA_Phiri_24_Compa_Ag,"MD_Paut,_24_A glo_Sc",Phiri et al. 2024,2024,10.1002/agg2.20503,Agrosystems Geosci &amp; Env,Comparative effects of legume-based intercropping systems involving pigeon pea and cowpea under deep-bed and conventional tillage systems in Malawi,Malawi,Southern Africa,Msongwe,-11.4742,34.0581,Cowpea,Cowpea-Maize,Soil Quality,Soil Available Phosphorus,mg/kg,Intercropping,Intercropping (N fixing),Monoculture,15.2,,3.0,19.69,,3.0,0.2588,,29.5,2.0
"MD_Paut,_24_A glo_Sc_508",JA_Phiri_24_Compa_Ag,"MD_Paut,_24_A glo_Sc",Phiri et al. 2024,2024,10.1002/agg2.20503,Agrosystems Geosci &amp; Env,Comparative effects of legume-based intercropping systems involving pigeon pea and cowpea under deep-bed and conventional tillage systems in Malawi,Malawi,Southern Africa,Msongwe,-11.4742,34.0581,Maize,Maize,Soil Quality,Soil Available Phosphorus,mg/kg,Reduced Tillage,Reduced Tillage,Conventional Tillage,16.53,,3.0,19.35,,3.0,0.1575,,17.1,2.0
"MD_Paut,_24_A glo_Sc_509",JA_Phiri_24_Compa_Ag,"MD_Paut,_24_A glo_Sc",Phiri et al. 2024,2024,10.1002/agg2.20503,Agrosystems Geosci &amp; Env,Comparative effects of legume-based intercropping systems involving pigeon pea and cowpea under deep-bed and conventional tillage systems in Malawi,Malawi,Southern Africa,Msongwe,-11.4742,34.0581,Maize,Maize,Soil Quality,Soil Available Phosphorus,mg/kg,Reduced Tillage,Reduced Tillage,Conventional Tillage,16.53,,3.0,19.81,,3.0,0.181,,19.8,2.0
"MD_Paut,_24_A glo_Sc_510",JA_Phiri_24_Compa_Ag,"MD_Paut,_24_A glo_Sc",Phiri et al. 2024,2024,10.1002/agg2.20503,Agrosystems Geosci &amp; Env,Comparative effects of legume-based intercropping systems involving pigeon pea and cowpea under deep-bed and conventional tillage systems in Malawi,Malawi,Southern Africa,Msongwe,-11.4742,34.0581,Maize,Maize,Soil Quality,Soil Available Phosphorus,mg/kg,No Fertilizers Applied,No Fertilizers Applied,External input dependency,16.53,,3.0,15.2,,3.0,-0.0839,,-8.0,2.0
"MD_Paut,_24_A glo_Sc_511",JA_Phiri_24_Compa_Ag,"MD_Paut,_24_A glo_Sc",Phiri et al. 2024,2024,10.1002/agg2.20503,Agrosystems Geosci &amp; Env,Comparative effects of legume-based intercropping systems involving pigeon pea and cowpea under deep-bed and conventional tillage systems in Malawi,Malawi,Southern Africa,Msongwe,-11.4742,34.0581,Pigeon Pea,Pigeon Pea-Maize,Soil Quality,Soil Available Phosphorus,mg/kg,No Fertilizers Applied,No Fertilizers Applied,External input dependency,16.53,,3.0,20.46,,3.0,0.2133,,23.8,2.0
"MD_Paut,_24_A glo_Sc_512",JA_Phiri_24_Compa_Ag,"MD_Paut,_24_A glo_Sc",Phiri et al. 2024,2024,10.1002/agg2.20503,Agrosystems Geosci &amp; Env,Comparative effects of legume-based intercropping systems involving pigeon pea and cowpea under deep-bed and conventional tillage systems in Malawi,Malawi,Southern Africa,Msongwe,-11.4742,34.0581,Cowpea,Cowpea-Maize,Soil Quality,Soil Available Phosphorus,mg/kg,No Fertilizers Applied,No Fertilizers Applied,External input dependency,16.53,,3.0,19.69,,3.0,0.1749,,19.1,2.0
"MD_Paut,_24_A glo_Sc_513",JA_Phiri_24_Compa_Ag,"MD_Paut,_24_A glo_Sc",Phiri et al. 2024,2024,10.1002/agg2.20503,Agrosystems Geosci &amp; Env,Comparative effects of legume-based intercropping systems involving pigeon pea and cowpea under deep-bed and conventional tillage systems in Malawi,Malawi,Southern Africa,Msongwe,-11.4742,34.0581,Cowpea,Cowpea,Soil Quality,Soil Available Phosphorus,mg/kg,Reduced Tillage,Reduced Tillage,Conventional Tillage,23.28,,3.0,25.04,,3.0,0.0729,,7.6,2.0
"MD_Paut,_24_A glo_Sc_514",JA_Phiri_24_Compa_Ag,"MD_Paut,_24_A glo_Sc",Phiri et al. 2024,2024,10.1002/agg2.20503,Agrosystems Geosci &amp; Env,Comparative effects of legume-based intercropping systems involving pigeon pea and cowpea under deep-bed and conventional tillage systems in Malawi,Malawi,Southern Africa,Msongwe,-11.4742,34.0581,Cowpea,Cowpea-Maize,Soil Quality,Soil Available Phosphorus,mg/kg,Intercropping,Intercropping (N fixing),Monoculture,23.28,,3.0,25.53,,3.0,0.0923,,9.7,2.0
"MD_Paut,_24_A glo_Sc_515",JA_Phiri_24_Compa_Ag,"MD_Paut,_24_A glo_Sc",Phiri et al. 2024,2024,10.1002/agg2.20503,Agrosystems Geosci &amp; Env,Comparative effects of legume-based intercropping systems involving pigeon pea and cowpea under deep-bed and conventional tillage systems in Malawi,Malawi,Southern Africa,Msongwe,-11.4742,34.0581,Pigeon Pea,Pigeon Pea-Cowpea,Soil Quality,Soil Available Phosphorus,mg/kg,Intercropping,Intercropping (N fixing),Monoculture,23.28,,3.0,27.44,,3.0,0.1644,,17.9,2.0
"MD_Paut,_24_A glo_Sc_516",JA_Phiri_24_Compa_Ag,"MD_Paut,_24_A glo_Sc",Phiri et al. 2024,2024,10.1002/agg2.20503,Agrosystems Geosci &amp; Env,Comparative effects of legume-based intercropping systems involving pigeon pea and cowpea under deep-bed and conventional tillage systems in Malawi,Malawi,Southern Africa,Msongwe,-11.4742,34.0581,Cowpea,Cowpea-Maize,Soil Quality,Soil Available Phosphorus,mg/kg,Intercropping,Intercropping (N fixing),Monoculture,23.28,,3.0,19.69,,3.0,-0.1675,,-15.4,2.0
"MD_Paut,_24_A glo_Sc_517",JA_Phiri_24_Compa_Ag,"MD_Paut,_24_A glo_Sc",Phiri et al. 2024,2024,10.1002/agg2.20503,Agrosystems Geosci &amp; Env,Comparative effects of legume-based intercropping systems involving pigeon pea and cowpea under deep-bed and conventional tillage systems in Malawi,Malawi,Southern Africa,Msongwe,-11.4742,34.0581,Pigeon Pea,Pigeon Pea-Cowpea,Soil Quality,Soil Available Phosphorus,mg/kg,Intercropping,Intercropping (N fixing),Monoculture,23.28,,3.0,22.92,,3.0,-0.0156,,-1.5,2.0
"MD_Paut,_24_A glo_Sc_518",JA_Phiri_24_Compa_Ag,"MD_Paut,_24_A glo_Sc",Phiri et al. 2024,2024,10.1002/agg2.20503,Agrosystems Geosci &amp; Env,Comparative effects of legume-based intercropping systems involving pigeon pea and cowpea under deep-bed and conventional tillage systems in Malawi,Malawi,Southern Africa,Msongwe,-11.4742,34.0581,Pigeon Pea,Pigeon Pea,Soil Quality,Soil Available Phosphorus,mg/kg,Reduced Tillage,Reduced Tillage,Conventional Tillage,23.22,,3.0,23.61,,3.0,0.0167,,1.7,2.0
"MD_Paut,_24_A glo_Sc_519",JA_Phiri_24_Compa_Ag,"MD_Paut,_24_A glo_Sc",Phiri et al. 2024,2024,10.1002/agg2.20503,Agrosystems Geosci &amp; Env,Comparative effects of legume-based intercropping systems involving pigeon pea and cowpea under deep-bed and conventional tillage systems in Malawi,Malawi,Southern Africa,Msongwe,-11.4742,34.0581,Pigeon Pea,Pigeon Pea-Maize,Soil Quality,Soil Available Phosphorus,mg/kg,Intercropping,Intercropping (N fixing),Monoculture,23.22,,3.0,25.06,,3.0,0.0763,,7.9,2.0
"MD_Paut,_24_A glo_Sc_520",JA_Phiri_24_Compa_Ag,"MD_Paut,_24_A glo_Sc",Phiri et al. 2024,2024,10.1002/agg2.20503,Agrosystems Geosci &amp; Env,Comparative effects of legume-based intercropping systems involving pigeon pea and cowpea under deep-bed and conventional tillage systems in Malawi,Malawi,Southern Africa,Msongwe,-11.4742,34.0581,Pigeon Pea,Pigeon Pea-Cowpea,Soil Quality,Soil Available Phosphorus,mg/kg,Intercropping,Intercropping (N fixing),Monoculture,23.22,,3.0,27.44,,3.0,0.167,,18.2,2.0
"MD_Paut,_24_A glo_Sc_521",JA_Phiri_24_Compa_Ag,"MD_Paut,_24_A glo_Sc",Phiri et al. 2024,2024,10.1002/agg2.20503,Agrosystems Geosci &amp; Env,Comparative effects of legume-based intercropping systems involving pigeon pea and cowpea under deep-bed and conventional tillage systems in Malawi,Malawi,Southern Africa,Msongwe,-11.4742,34.0581,Pigeon Pea,Pigeon Pea-Maize,Soil Quality,Soil Available Phosphorus,mg/kg,Intercropping,Intercropping (N fixing),Monoculture,23.22,,3.0,20.46,,3.0,-0.1265,,-11.9,2.0
"MD_Paut,_24_A glo_Sc_522",JA_Phiri_24_Compa_Ag,"MD_Paut,_24_A glo_Sc",Phiri et al. 2024,2024,10.1002/agg2.20503,Agrosystems Geosci &amp; Env,Comparative effects of legume-based intercropping systems involving pigeon pea and cowpea under deep-bed and conventional tillage systems in Malawi,Malawi,Southern Africa,Msongwe,-11.4742,34.0581,Pigeon Pea,Pigeon Pea-Cowpea,Soil Quality,Soil Available Phosphorus,mg/kg,Intercropping,Intercropping (N fixing),Monoculture,23.22,,3.0,22.92,,3.0,-0.013,,-1.3,2.0
"MD_Paut,_24_A glo_Sc_523",JA_Phiri_24_Compa_Ag,"MD_Paut,_24_A glo_Sc",Phiri et al. 2024,2024,10.1002/agg2.20503,Agrosystems Geosci &amp; Env,Comparative effects of legume-based intercropping systems involving pigeon pea and cowpea under deep-bed and conventional tillage systems in Malawi,Malawi,Southern Africa,Msongwe,-11.4742,34.0581,Pigeon Pea,Pigeon Pea-Maize,Soil Quality,Soil Available Phosphorus,mg/kg,Intercropping,Intercropping (N fixing),Monoculture,19.69,,3.0,29.39,,3.0,0.4005,,49.3,2.0
"MD_Paut,_24_A glo_Sc_524",JA_Phiri_24_Compa_Ag,"MD_Paut,_24_A glo_Sc",Phiri et al. 2024,2024,10.1002/agg2.20503,Agrosystems Geosci &amp; Env,Comparative effects of legume-based intercropping systems involving pigeon pea and cowpea under deep-bed and conventional tillage systems in Malawi,Malawi,Southern Africa,Msongwe,-11.4742,34.0581,Cowpea,Cowpea-Maize,Soil Quality,Soil Available Phosphorus,mg/kg,Intercropping,Intercropping (N fixing),Monoculture,19.69,,3.0,29.53,,3.0,0.4053,,50.0,2.0
"MD_Paut,_24_A glo_Sc_525",JA_Phiri_24_Compa_Ag,"MD_Paut,_24_A glo_Sc",Phiri et al. 2024,2024,10.1002/agg2.20503,Agrosystems Geosci &amp; Env,Comparative effects of legume-based intercropping systems involving pigeon pea and cowpea under deep-bed and conventional tillage systems in Malawi,Malawi,Southern Africa,Msongwe,-11.4742,34.0581,Maize,Maize,Soil Quality,Soil Available Phosphorus,mg/kg,No Fertilizers Applied,No Fertilizers Applied,External input dependency,20.17,,3.0,19.69,,3.0,-0.0241,,-2.4,2.0
"MD_Paut,_24_A glo_Sc_526",JA_Phiri_24_Compa_Ag,"MD_Paut,_24_A glo_Sc",Phiri et al. 2024,2024,10.1002/agg2.20503,Agrosystems Geosci &amp; Env,Comparative effects of legume-based intercropping systems involving pigeon pea and cowpea under deep-bed and conventional tillage systems in Malawi,Malawi,Southern Africa,Msongwe,-11.4742,34.0581,Pigeon Pea,Pigeon Pea-Maize,Soil Quality,Soil Available Phosphorus,mg/kg,Intercropping,Intercropping (N fixing),Monoculture,20.17,,3.0,29.39,,3.0,0.3765,,45.7,2.0
"MD_Paut,_24_A glo_Sc_527",JA_Phiri_24_Compa_Ag,"MD_Paut,_24_A glo_Sc",Phiri et al. 2024,2024,10.1002/agg2.20503,Agrosystems Geosci &amp; Env,Comparative effects of legume-based intercropping systems involving pigeon pea and cowpea under deep-bed and conventional tillage systems in Malawi,Malawi,Southern Africa,Msongwe,-11.4742,34.0581,Cowpea,Cowpea-Maize,Soil Quality,Soil Available Phosphorus,mg/kg,Intercropping,Intercropping (N fixing),Monoculture,20.17,,3.0,29.53,,3.0,0.3812,,46.4,2.0
"MD_Paut,_24_A glo_Sc_528",JA_Phiri_24_Compa_Ag,"MD_Paut,_24_A glo_Sc",Phiri et al. 2024,2024,10.1002/agg2.20503,Agrosystems Geosci &amp; Env,Comparative effects of legume-based intercropping systems involving pigeon pea and cowpea under deep-bed and conventional tillage systems in Malawi,Malawi,Southern Africa,Msongwe,-11.4742,34.0581,Cowpea,Cowpea-Maize,Soil Quality,Soil Available Phosphorus,mg/kg,Intercropping,Intercropping (N fixing),Monoculture,27.71,,3.0,29.53,,3.0,0.0636,,6.6,2.0
"MD_Paut,_24_A glo_Sc_529",JA_Phiri_24_Compa_Ag,"MD_Paut,_24_A glo_Sc",Phiri et al. 2024,2024,10.1002/agg2.20503,Agrosystems Geosci &amp; Env,Comparative effects of legume-based intercropping systems involving pigeon pea and cowpea under deep-bed and conventional tillage systems in Malawi,Malawi,Southern Africa,Msongwe,-11.4742,34.0581,Pigeon Pea,Pigeon Pea-Cowpea,Soil Quality,Soil Available Phosphorus,mg/kg,Intercropping,Intercropping (N fixing),Monoculture,27.71,,3.0,34.44,,3.0,0.2174,,24.3,2.0
"MD_Paut,_24_A glo_Sc_530",JA_Phiri_24_Compa_Ag,"MD_Paut,_24_A glo_Sc",Phiri et al. 2024,2024,10.1002/agg2.20503,Agrosystems Geosci &amp; Env,Comparative effects of legume-based intercropping systems involving pigeon pea and cowpea under deep-bed and conventional tillage systems in Malawi,Malawi,Southern Africa,Msongwe,-11.4742,34.0581,Pigeon Pea,Pigeon Pea-Maize,Soil Quality,Soil Available Phosphorus,mg/kg,Intercropping,Intercropping (N fixing),Monoculture,28.48,,3.0,29.39,,3.0,0.0315,,3.2,2.0
"MD_Paut,_24_A glo_Sc_531",JA_Phiri_24_Compa_Ag,"MD_Paut,_24_A glo_Sc",Phiri et al. 2024,2024,10.1002/agg2.20503,Agrosystems Geosci &amp; Env,Comparative effects of legume-based intercropping systems involving pigeon pea and cowpea under deep-bed and conventional tillage systems in Malawi,Malawi,Southern Africa,Msongwe,-11.4742,34.0581,Pigeon Pea,Pigeon Pea-Cowpea,Soil Quality,Soil Available Phosphorus,mg/kg,Intercropping,Intercropping (N fixing),Monoculture,28.48,,3.0,34.44,,3.0,0.19,,20.9,2.0
"MD_Paut,_24_A glo_Sc_532",JA_Phiri_24_Compa_Ag,"MD_Paut,_24_A glo_Sc",Phiri et al. 2024,2024,10.1002/agg2.20503,Agrosystems Geosci &amp; Env,Comparative effects of legume-based intercropping systems involving pigeon pea and cowpea under deep-bed and conventional tillage systems in Malawi,Malawi,Southern Africa,Msongwe,-11.4742,34.0581,Maize,Maize,Soil Quality,Soil Available Phosphorus,mg/kg,Reduced Tillage,Reduced Tillage,Conventional Tillage,15.87,,3.0,19.69,,3.0,0.2157,,24.1,2.0
"MD_Paut,_24_A glo_Sc_533",JA_Phiri_24_Compa_Ag,"MD_Paut,_24_A glo_Sc",Phiri et al. 2024,2024,10.1002/agg2.20503,Agrosystems Geosci &amp; Env,Comparative effects of legume-based intercropping systems involving pigeon pea and cowpea under deep-bed and conventional tillage systems in Malawi,Malawi,Southern Africa,Msongwe,-11.4742,34.0581,Maize,Maize,Soil Quality,Soil Available Phosphorus,mg/kg,Reduced Tillage,Reduced Tillage,Conventional Tillage,15.87,,3.0,20.17,,3.0,0.2398,,27.1,2.0
"MD_Paut,_24_A glo_Sc_534",JA_Phiri_24_Compa_Ag,"MD_Paut,_24_A glo_Sc",Phiri et al. 2024,2024,10.1002/agg2.20503,Agrosystems Geosci &amp; Env,Comparative effects of legume-based intercropping systems involving pigeon pea and cowpea under deep-bed and conventional tillage systems in Malawi,Malawi,Southern Africa,Msongwe,-11.4742,34.0581,Pigeon Pea,Pigeon Pea-Maize,Soil Quality,Soil Available Phosphorus,mg/kg,Intercropping,Intercropping (N fixing),Monoculture,15.87,,3.0,29.39,,3.0,0.6162,,85.2,2.0
"MD_Paut,_24_A glo_Sc_535",JA_Phiri_24_Compa_Ag,"MD_Paut,_24_A glo_Sc",Phiri et al. 2024,2024,10.1002/agg2.20503,Agrosystems Geosci &amp; Env,Comparative effects of legume-based intercropping systems involving pigeon pea and cowpea under deep-bed and conventional tillage systems in Malawi,Malawi,Southern Africa,Msongwe,-11.4742,34.0581,Cowpea,Cowpea-Maize,Soil Quality,Soil Available Phosphorus,mg/kg,Intercropping,Intercropping (N fixing),Monoculture,15.87,,3.0,29.53,,3.0,0.621,,86.1,2.0
"MD_Paut,_24_A glo_Sc_536",JA_Phiri_24_Compa_Ag,"MD_Paut,_24_A glo_Sc",Phiri et al. 2024,2024,10.1002/agg2.20503,Agrosystems Geosci &amp; Env,Comparative effects of legume-based intercropping systems involving pigeon pea and cowpea under deep-bed and conventional tillage systems in Malawi,Malawi,Southern Africa,Msongwe,-11.4742,34.0581,Pigeon Pea,Pigeon Pea-Maize,Soil Quality,Soil Available Phosphorus,mg/kg,Intercropping,Intercropping (N fixing),Monoculture,15.87,,3.0,22.79,,3.0,0.3619,,43.6,2.0
"MD_Paut,_24_A glo_Sc_537",JA_Phiri_24_Compa_Ag,"MD_Paut,_24_A glo_Sc",Phiri et al. 2024,2024,10.1002/agg2.20503,Agrosystems Geosci &amp; Env,Comparative effects of legume-based intercropping systems involving pigeon pea and cowpea under deep-bed and conventional tillage systems in Malawi,Malawi,Southern Africa,Msongwe,-11.4742,34.0581,Cowpea,Cowpea-Maize,Soil Quality,Soil Available Phosphorus,mg/kg,Intercropping,Intercropping (N fixing),Monoculture,15.87,,3.0,24.36,,3.0,0.4285,,53.5,2.0
"MD_Paut,_24_A glo_Sc_538",JA_Phiri_24_Compa_Ag,"MD_Paut,_24_A glo_Sc",Phiri et al. 2024,2024,10.1002/agg2.20503,Agrosystems Geosci &amp; Env,Comparative effects of legume-based intercropping systems involving pigeon pea and cowpea under deep-bed and conventional tillage systems in Malawi,Malawi,Southern Africa,Msongwe,-11.4742,34.0581,Maize,Maize,Soil Quality,Soil Available Phosphorus,mg/kg,Reduced Tillage,Reduced Tillage,Conventional Tillage,16.2,,3.0,19.69,,3.0,0.1951,,21.5,2.0
"MD_Paut,_24_A glo_Sc_539",JA_Phiri_24_Compa_Ag,"MD_Paut,_24_A glo_Sc",Phiri et al. 2024,2024,10.1002/agg2.20503,Agrosystems Geosci &amp; Env,Comparative effects of legume-based intercropping systems involving pigeon pea and cowpea under deep-bed and conventional tillage systems in Malawi,Malawi,Southern Africa,Msongwe,-11.4742,34.0581,Maize,Maize,Soil Quality,Soil Available Phosphorus,mg/kg,Reduced Tillage,Reduced Tillage,Conventional Tillage,16.2,,3.0,20.17,,3.0,0.2192,,24.5,2.0
"MD_Paut,_24_A glo_Sc_540",JA_Phiri_24_Compa_Ag,"MD_Paut,_24_A glo_Sc",Phiri et al. 2024,2024,10.1002/agg2.20503,Agrosystems Geosci &amp; Env,Comparative effects of legume-based intercropping systems involving pigeon pea and cowpea under deep-bed and conventional tillage systems in Malawi,Malawi,Southern Africa,Msongwe,-11.4742,34.0581,Maize,Maize,Soil Quality,Soil Available Phosphorus,mg/kg,No Fertilizers Applied,No Fertilizers Applied,External input dependency,16.2,,3.0,15.87,,3.0,-0.0206,,-2.0,2.0
"MD_Paut,_24_A glo_Sc_541",JA_Phiri_24_Compa_Ag,"MD_Paut,_24_A glo_Sc",Phiri et al. 2024,2024,10.1002/agg2.20503,Agrosystems Geosci &amp; Env,Comparative effects of legume-based intercropping systems involving pigeon pea and cowpea under deep-bed and conventional tillage systems in Malawi,Malawi,Southern Africa,Msongwe,-11.4742,34.0581,Pigeon Pea,Pigeon Pea-Maize,Soil Quality,Soil Available Phosphorus,mg/kg,No Fertilizers Applied,No Fertilizers Applied,External input dependency,16.2,,3.0,22.79,,3.0,0.3413,,40.7,2.0
"MD_Paut,_24_A glo_Sc_542",JA_Phiri_24_Compa_Ag,"MD_Paut,_24_A glo_Sc",Phiri et al. 2024,2024,10.1002/agg2.20503,Agrosystems Geosci &amp; Env,Comparative effects of legume-based intercropping systems involving pigeon pea and cowpea under deep-bed and conventional tillage systems in Malawi,Malawi,Southern Africa,Msongwe,-11.4742,34.0581,Cowpea,Cowpea-Maize,Soil Quality,Soil Available Phosphorus,mg/kg,No Fertilizers Applied,No Fertilizers Applied,External input dependency,16.2,,3.0,24.36,,3.0,0.4079,,50.4,2.0
"MD_Paut,_24_A glo_Sc_543",JA_Phiri_24_Compa_Ag,"MD_Paut,_24_A glo_Sc",Phiri et al. 2024,2024,10.1002/agg2.20503,Agrosystems Geosci &amp; Env,Comparative effects of legume-based intercropping systems involving pigeon pea and cowpea under deep-bed and conventional tillage systems in Malawi,Malawi,Southern Africa,Msongwe,-11.4742,34.0581,Cowpea,Cowpea,Soil Quality,Soil Available Phosphorus,mg/kg,Reduced Tillage,Reduced Tillage,Conventional Tillage,23.95,,3.0,27.71,,3.0,0.1458,,15.7,2.0
"MD_Paut,_24_A glo_Sc_544",JA_Phiri_24_Compa_Ag,"MD_Paut,_24_A glo_Sc",Phiri et al. 2024,2024,10.1002/agg2.20503,Agrosystems Geosci &amp; Env,Comparative effects of legume-based intercropping systems involving pigeon pea and cowpea under deep-bed and conventional tillage systems in Malawi,Malawi,Southern Africa,Msongwe,-11.4742,34.0581,Cowpea,Cowpea-Maize,Soil Quality,Soil Available Phosphorus,mg/kg,Intercropping,Intercropping (N fixing),Monoculture,23.95,,3.0,29.53,,3.0,0.2094,,23.3,2.0
"MD_Paut,_24_A glo_Sc_545",JA_Phiri_24_Compa_Ag,"MD_Paut,_24_A glo_Sc",Phiri et al. 2024,2024,10.1002/agg2.20503,Agrosystems Geosci &amp; Env,Comparative effects of legume-based intercropping systems involving pigeon pea and cowpea under deep-bed and conventional tillage systems in Malawi,Malawi,Southern Africa,Msongwe,-11.4742,34.0581,Pigeon Pea,Pigeon Pea-Cowpea,Soil Quality,Soil Available Phosphorus,mg/kg,Intercropping,Intercropping (N fixing),Monoculture,23.95,,3.0,34.44,,3.0,0.3633,,43.8,2.0
"MD_Paut,_24_A glo_Sc_546",JA_Phiri_24_Compa_Ag,"MD_Paut,_24_A glo_Sc",Phiri et al. 2024,2024,10.1002/agg2.20503,Agrosystems Geosci &amp; Env,Comparative effects of legume-based intercropping systems involving pigeon pea and cowpea under deep-bed and conventional tillage systems in Malawi,Malawi,Southern Africa,Msongwe,-11.4742,34.0581,Cowpea,Cowpea-Maize,Soil Quality,Soil Available Phosphorus,mg/kg,Intercropping,Intercropping (N fixing),Monoculture,23.95,,3.0,24.36,,3.0,0.017,,1.7,2.0
"MD_Paut,_24_A glo_Sc_547",JA_Phiri_24_Compa_Ag,"MD_Paut,_24_A glo_Sc",Phiri et al. 2024,2024,10.1002/agg2.20503,Agrosystems Geosci &amp; Env,Comparative effects of legume-based intercropping systems involving pigeon pea and cowpea under deep-bed and conventional tillage systems in Malawi,Malawi,Southern Africa,Msongwe,-11.4742,34.0581,Pigeon Pea,Pigeon Pea-Cowpea,Soil Quality,Soil Available Phosphorus,mg/kg,Intercropping,Intercropping (N fixing),Monoculture,23.95,,3.0,24.26,,3.0,0.0129,,1.3,2.0
"MD_Paut,_24_A glo_Sc_548",JA_Phiri_24_Compa_Ag,"MD_Paut,_24_A glo_Sc",Phiri et al. 2024,2024,10.1002/agg2.20503,Agrosystems Geosci &amp; Env,Comparative effects of legume-based intercropping systems involving pigeon pea and cowpea under deep-bed and conventional tillage systems in Malawi,Malawi,Southern Africa,Msongwe,-11.4742,34.0581,Pigeon Pea,Pigeon Pea,Soil Quality,Soil Available Phosphorus,mg/kg,Reduced Tillage,Reduced Tillage,Conventional Tillage,23.27,,3.0,28.48,,3.0,0.202,,22.4,2.0
"MD_Paut,_24_A glo_Sc_549",JA_Phiri_24_Compa_Ag,"MD_Paut,_24_A glo_Sc",Phiri et al. 2024,2024,10.1002/agg2.20503,Agrosystems Geosci &amp; Env,Comparative effects of legume-based intercropping systems involving pigeon pea and cowpea under deep-bed and conventional tillage systems in Malawi,Malawi,Southern Africa,Msongwe,-11.4742,34.0581,Pigeon Pea,Pigeon Pea-Maize,Soil Quality,Soil Available Phosphorus,mg/kg,Intercropping,Intercropping (N fixing),Monoculture,23.27,,3.0,29.39,,3.0,0.2335,,26.3,2.0
"MD_Paut,_24_A glo_Sc_550",JA_Phiri_24_Compa_Ag,"MD_Paut,_24_A glo_Sc",Phiri et al. 2024,2024,10.1002/agg2.20503,Agrosystems Geosci &amp; Env,Comparative effects of legume-based intercropping systems involving pigeon pea and cowpea under deep-bed and conventional tillage systems in Malawi,Malawi,Southern Africa,Msongwe,-11.4742,34.0581,Pigeon Pea,Pigeon Pea-Cowpea,Soil Quality,Soil Available Phosphorus,mg/kg,Intercropping,Intercropping (N fixing),Monoculture,23.27,,3.0,34.44,,3.0,0.3921,,48.0,2.0
"MD_Paut,_24_A glo_Sc_551",JA_Phiri_24_Compa_Ag,"MD_Paut,_24_A glo_Sc",Phiri et al. 2024,2024,10.1002/agg2.20503,Agrosystems Geosci &amp; Env,Comparative effects of legume-based intercropping systems involving pigeon pea and cowpea under deep-bed and conventional tillage systems in Malawi,Malawi,Southern Africa,Msongwe,-11.4742,34.0581,Pigeon Pea,Pigeon Pea-Maize,Soil Quality,Soil Available Phosphorus,mg/kg,Intercropping,Intercropping (N fixing),Monoculture,23.27,,3.0,22.79,,3.0,-0.0208,,-2.1,2.0
"MD_Paut,_24_A glo_Sc_552",JA_Phiri_24_Compa_Ag,"MD_Paut,_24_A glo_Sc",Phiri et al. 2024,2024,10.1002/agg2.20503,Agrosystems Geosci &amp; Env,Comparative effects of legume-based intercropping systems involving pigeon pea and cowpea under deep-bed and conventional tillage systems in Malawi,Malawi,Southern Africa,Msongwe,-11.4742,34.0581,Pigeon Pea,Pigeon Pea-Cowpea,Soil Quality,Soil Available Phosphorus,mg/kg,Intercropping,Intercropping (N fixing),Monoculture,23.27,,3.0,24.26,,3.0,0.0417,,4.3,2.0
"MD_Paut,_24_A glo_Sc_553",JA_Ranja_21_Evalu_Ex,"MD_Paut,_24_A glo_Sc",Ranjan et al. 2021,2021,10.1017/S0014479721000053,Ex. Agric.,"Evaluation of maize-based intercropping on runoff, soil loss, and yield in foothills of the Indian sub-Himalayas",India,Southern Asia,"ICAR, Dehradun",30.3453,78.0131,Maize,Maize-Cowpea/Wheat,Soil Quality,Runoff,mm,Intercropping,Intercropping (N fixing mixed),Monoculture,394.5,,3.0,235.8,,3.0,-0.5146,,-40.2,3.0
"MD_Paut,_24_A glo_Sc_554",JA_Ranja_21_Evalu_Ex,"MD_Paut,_24_A glo_Sc",Ranjan et al. 2021,2021,10.1017/S0014479721000053,Ex. Agric.,"Evaluation of maize-based intercropping on runoff, soil loss, and yield in foothills of the Indian sub-Himalayas",India,Southern Asia,"ICAR, Dehradun",30.3453,78.0131,Maize,Maize-Soybean/Wheat,Soil Quality,Runoff,mm,Intercropping,Intercropping (N fixing mixed),Monoculture,453.7,,3.0,439.8,,3.0,-0.0311,,-3.1,3.0
"MD_Paut,_24_A glo_Sc_555",JA_Ranja_21_Evalu_Ex,"MD_Paut,_24_A glo_Sc",Ranjan et al. 2021,2021,10.1017/S0014479721000053,Ex. Agric.,"Evaluation of maize-based intercropping on runoff, soil loss, and yield in foothills of the Indian sub-Himalayas",India,Southern Asia,"ICAR, Dehradun",30.3453,78.0131,Maize,Maize-Cowpea/Wheat,Soil Quality,Runoff,mm,Intercropping,Intercropping (N fixing mixed),Monoculture,323.9,,3.0,254.5,,3.0,-0.2411,,-21.4,3.0
"MD_Paut,_24_A glo_Sc_556",JA_Ranja_21_Evalu_Ex,"MD_Paut,_24_A glo_Sc",Ranjan et al. 2021,2021,10.1017/S0014479721000053,Ex. Agric.,"Evaluation of maize-based intercropping on runoff, soil loss, and yield in foothills of the Indian sub-Himalayas",India,Southern Asia,"ICAR, Dehradun",30.3453,78.0131,Maize,Maize-Soybean/Wheat,Soil Quality,Runoff,mm,Intercropping,Intercropping (N fixing mixed),Monoculture,379.6,,3.0,384.1,,3.0,0.0118,,1.2,3.0
"MD_Paut,_24_A glo_Sc_557",JA_Ranja_21_Evalu_Ex,"MD_Paut,_24_A glo_Sc",Ranjan et al. 2021,2021,10.1017/S0014479721000053,Ex. Agric.,"Evaluation of maize-based intercropping on runoff, soil loss, and yield in foothills of the Indian sub-Himalayas",India,Southern Asia,"ICAR, Dehradun",30.3453,78.0131,Maize,Maize-Cowpea/Wheat,Soil Quality,Runoff,mm,Intercropping,Intercropping (N fixing mixed),Monoculture,206.5,,3.0,195.8,,3.0,-0.0532,,-5.2,3.0
"MD_Paut,_24_A glo_Sc_558",JA_Ranja_21_Evalu_Ex,"MD_Paut,_24_A glo_Sc",Ranjan et al. 2021,2021,10.1017/S0014479721000053,Ex. Agric.,"Evaluation of maize-based intercropping on runoff, soil loss, and yield in foothills of the Indian sub-Himalayas",India,Southern Asia,"ICAR, Dehradun",30.3453,78.0131,Maize,Maize-Soybean/Wheat,Soil Quality,Runoff,mm,Intercropping,Intercropping (N fixing mixed),Monoculture,235.1,,3.0,169.5,,3.0,-0.3272,,-27.9,3.0
"MD_Paut,_24_A glo_Sc_559",JA_Ranja_21_Evalu_Ex,"MD_Paut,_24_A glo_Sc",Ranjan et al. 2021,2021,10.1017/S0014479721000053,Ex. Agric.,"Evaluation of maize-based intercropping on runoff, soil loss, and yield in foothills of the Indian sub-Himalayas",India,Southern Asia,"ICAR, Dehradun",30.3453,78.0131,Maize,Maize-Cowpea/Wheat,Soil Quality,Runoff,% rainfall,Intercropping,Intercropping (N fixing mixed),Monoculture,32.93,,3.0,19.89,,3.0,-0.5042,,-39.6,3.0
"MD_Paut,_24_A glo_Sc_560",JA_Ranja_21_Evalu_Ex,"MD_Paut,_24_A glo_Sc",Ranjan et al. 2021,2021,10.1017/S0014479721000053,Ex. Agric.,"Evaluation of maize-based intercropping on runoff, soil loss, and yield in foothills of the Indian sub-Himalayas",India,Southern Asia,"ICAR, Dehradun",30.3453,78.0131,Maize,Maize-Soybean/Wheat,Soil Quality,Runoff,% rainfall,Intercropping,Intercropping (N fixing mixed),Monoculture,37.87,,3.0,36.71,,3.0,-0.0311,,-3.1,3.0
"MD_Paut,_24_A glo_Sc_561",JA_Ranja_21_Evalu_Ex,"MD_Paut,_24_A glo_Sc",Ranjan et al. 2021,2021,10.1017/S0014479721000053,Ex. Agric.,"Evaluation of maize-based intercropping on runoff, soil loss, and yield in foothills of the Indian sub-Himalayas",India,Southern Asia,"ICAR, Dehradun",30.3453,78.0131,Maize,Maize-Cowpea/Wheat,Soil Quality,Runoff,% rainfall,Intercropping,Intercropping (N fixing mixed),Monoculture,29.0,,3.0,22.78,,3.0,-0.2414,,-21.4,3.0
"MD_Paut,_24_A glo_Sc_562",JA_Ranja_21_Evalu_Ex,"MD_Paut,_24_A glo_Sc",Ranjan et al. 2021,2021,10.1017/S0014479721000053,Ex. Agric.,"Evaluation of maize-based intercropping on runoff, soil loss, and yield in foothills of the Indian sub-Himalayas",India,Southern Asia,"ICAR, Dehradun",30.3453,78.0131,Maize,Maize-Soybean/Wheat,Soil Quality,Runoff,% rainfall,Intercropping,Intercropping (N fixing mixed),Monoculture,33.98,,3.0,34.39,,3.0,0.012,,1.2,3.0
"MD_Paut,_24_A glo_Sc_563",JA_Ranja_21_Evalu_Ex,"MD_Paut,_24_A glo_Sc",Ranjan et al. 2021,2021,10.1017/S0014479721000053,Ex. Agric.,"Evaluation of maize-based intercropping on runoff, soil loss, and yield in foothills of the Indian sub-Himalayas",India,Southern Asia,"ICAR, Dehradun",30.3453,78.0131,Maize,Maize-Cowpea/Wheat,Soil Quality,Runoff,% rainfall,Intercropping,Intercropping (N fixing mixed),Monoculture,23.1,,3.0,21.9,,3.0,-0.0533,,-5.2,3.0
"MD_Paut,_24_A glo_Sc_564",JA_Ranja_21_Evalu_Ex,"MD_Paut,_24_A glo_Sc",Ranjan et al. 2021,2021,10.1017/S0014479721000053,Ex. Agric.,"Evaluation of maize-based intercropping on runoff, soil loss, and yield in foothills of the Indian sub-Himalayas",India,Southern Asia,"ICAR, Dehradun",30.3453,78.0131,Maize,Maize-Soybean/Wheat,Soil Quality,Runoff,% rainfall,Intercropping,Intercropping (N fixing mixed),Monoculture,26.3,,3.0,18.96,,3.0,-0.3272,,-27.9,3.0
"MD_Paut,_24_A glo_Sc_565",JA_Ranja_21_Evalu_Ex,"MD_Paut,_24_A glo_Sc",Ranjan et al. 2021,2021,10.1017/S0014479721000053,Ex. Agric.,"Evaluation of maize-based intercropping on runoff, soil loss, and yield in foothills of the Indian sub-Himalayas",India,Southern Asia,"ICAR, Dehradun",30.3453,78.0131,Maize,Maize-Cowpea/Wheat,Soil Quality,Erosion,t/ha,Intercropping,Intercropping (N fixing mixed),Monoculture,21.08,,3.0,4.8,,3.0,-1.4797,,-77.2,3.0
"MD_Paut,_24_A glo_Sc_566",JA_Ranja_21_Evalu_Ex,"MD_Paut,_24_A glo_Sc",Ranjan et al. 2021,2021,10.1017/S0014479721000053,Ex. Agric.,"Evaluation of maize-based intercropping on runoff, soil loss, and yield in foothills of the Indian sub-Himalayas",India,Southern Asia,"ICAR, Dehradun",30.3453,78.0131,Maize,Maize-Soybean/Wheat,Soil Quality,Erosion,t/ha,Intercropping,Intercropping (N fixing mixed),Monoculture,9.89,,3.0,10.5,,3.0,0.0599,,6.2,3.0
"MD_Paut,_24_A glo_Sc_567",JA_Ranja_21_Evalu_Ex,"MD_Paut,_24_A glo_Sc",Ranjan et al. 2021,2021,10.1017/S0014479721000053,Ex. Agric.,"Evaluation of maize-based intercropping on runoff, soil loss, and yield in foothills of the Indian sub-Himalayas",India,Southern Asia,"ICAR, Dehradun",30.3453,78.0131,Maize,Maize-Cowpea/Wheat,Soil Quality,Erosion,t/ha,Intercropping,Intercropping (N fixing mixed),Monoculture,17.88,,3.0,6.11,,3.0,-1.0738,,-65.8,3.0
"MD_Paut,_24_A glo_Sc_568",JA_Ranja_21_Evalu_Ex,"MD_Paut,_24_A glo_Sc",Ranjan et al. 2021,2021,10.1017/S0014479721000053,Ex. Agric.,"Evaluation of maize-based intercropping on runoff, soil loss, and yield in foothills of the Indian sub-Himalayas",India,Southern Asia,"ICAR, Dehradun",30.3453,78.0131,Maize,Maize-Soybean/Wheat,Soil Quality,Erosion,t/ha,Intercropping,Intercropping (N fixing mixed),Monoculture,10.63,,3.0,9.04,,3.0,-0.162,,-15.0,3.0
"MD_Paut,_24_A glo_Sc_569",JA_Ranja_21_Evalu_Ex,"MD_Paut,_24_A glo_Sc",Ranjan et al. 2021,2021,10.1017/S0014479721000053,Ex. Agric.,"Evaluation of maize-based intercropping on runoff, soil loss, and yield in foothills of the Indian sub-Himalayas",India,Southern Asia,"ICAR, Dehradun",30.3453,78.0131,Maize,Maize-Cowpea/Wheat,Soil Quality,Erosion,t/ha,Intercropping,Intercropping (N fixing mixed),Monoculture,11.82,,3.0,5.57,,3.0,-0.7524,,-52.9,3.0
"MD_Paut,_24_A glo_Sc_570",JA_Ranja_21_Evalu_Ex,"MD_Paut,_24_A glo_Sc",Ranjan et al. 2021,2021,10.1017/S0014479721000053,Ex. Agric.,"Evaluation of maize-based intercropping on runoff, soil loss, and yield in foothills of the Indian sub-Himalayas",India,Southern Asia,"ICAR, Dehradun",30.3453,78.0131,Maize,Maize-Soybean/Wheat,Soil Quality,Erosion,t/ha,Intercropping,Intercropping (N fixing mixed),Monoculture,7.6,,3.0,4.67,,3.0,-0.487,,-38.6,3.0
"MD_Paut,_24_A glo_Sc_571",JA_Abbes_19_Inter_Bi,"MD_Paut,_24_A glo_Sc",Abbes et al. 2019,2019,10.1080/01448765.2019.1616614,Biological Agriculture & Horticulture,Intercropping with fenugreek (Trigonella foenum-graecum) enhanced seed yield and reduced Orobanche foetida infestation in faba bean (Vicia faba),Tunisia,Northern Africa,"Oued Beja experimental station, Beja",36.736,9.228,Fava Bean,Fava Bean-Fenugreek,Product Yield,Crop Yield,g seeds/plant,Intercropping,Intercropping (N fixing),Monoculture,0.2,,4.0,0.34,,4.0,0.5306,,70.0,2.0
"MD_Paut,_24_A glo_Sc_572",JA_Abbes_19_Inter_Bi,"MD_Paut,_24_A glo_Sc",Abbes et al. 2019,2019,10.1080/01448765.2019.1616614,Biological Agriculture & Horticulture,Intercropping with fenugreek (Trigonella foenum-graecum) enhanced seed yield and reduced Orobanche foetida infestation in faba bean (Vicia faba),Tunisia,Northern Africa,"Oued Beja experimental station, Beja",36.736,9.228,Fava Bean,Fava Bean-Fenugreek,Product Yield,Crop Yield,g seeds/plant,Intercropping,Intercropping (N fixing),Monoculture,5.7,,4.0,8.31,,4.0,0.377,,45.8,2.0
"MD_Paut,_24_A glo_Sc_573",JA_Abbes_19_Inter_Bi,"MD_Paut,_24_A glo_Sc",Abbes et al. 2019,2019,10.1080/01448765.2019.1616614,Biological Agriculture & Horticulture,Intercropping with fenugreek (Trigonella foenum-graecum) enhanced seed yield and reduced Orobanche foetida infestation in faba bean (Vicia faba),Tunisia,Northern Africa,"Oued Beja experimental station, Beja",36.736,9.228,Fava Bean,Fava Bean-Fenugreek,Product Yield,Crop Yield,g seeds/plant,Intercropping,Intercropping (N fixing),Monoculture,0.99,,4.0,1.89,,4.0,0.6466,,90.9,2.0
"MD_Paut,_24_A glo_Sc_574",JA_Abbes_19_Inter_Bi,"MD_Paut,_24_A glo_Sc",Abbes et al. 2019,2019,10.1080/01448765.2019.1616614,Biological Agriculture & Horticulture,Intercropping with fenugreek (Trigonella foenum-graecum) enhanced seed yield and reduced Orobanche foetida infestation in faba bean (Vicia faba),Tunisia,Northern Africa,"Oued Beja experimental station, Beja",36.736,9.228,Fava Bean,Fava Bean-Fenugreek,Product Yield,Crop Yield,g seeds/plant,Intercropping,Intercropping (N fixing),Monoculture,5.73,,4.0,8.67,,4.0,0.4142,,51.3,2.0
"MD_Paut,_24_A glo_Sc_575",JA_ADHIK_91_STUDI_J,"MD_Paut,_24_A glo_Sc",ADHIKARY et al. 1991,1991,10.1111/j.1439-037X.1991.tb00959.x,J Agronomy Crop Science,STUDIES ON MAIZE-LEGUME INTERCROPPING AND THEIR RESIDUAL EFFECTS ON SOIL FERTILITY STATUS AND SUCCEEDING CROP IN UPLAND SITUATION,India,Southern Asia,Agricultural Experimental Farm of Indian Statistical Institute at Giridih,24.1912,86.3054,Maize,Maize-Groundnut/Wheat,Product Yield,Crop Yield,t/ha,Intercropping,Intercropping (N fixing mixed),Monoculture,0.507,,,0.563,,,0.1048,,11.0,2.0
"MD_Paut,_24_A glo_Sc_576",JA_ADHIK_91_STUDI_J,"MD_Paut,_24_A glo_Sc",ADHIKARY et al. 1991,1991,10.1111/j.1439-037X.1991.tb00959.x,J Agronomy Crop Science,STUDIES ON MAIZE-LEGUME INTERCROPPING AND THEIR RESIDUAL EFFECTS ON SOIL FERTILITY STATUS AND SUCCEEDING CROP IN UPLAND SITUATION,India,Southern Asia,Agricultural Experimental Farm of Indian Statistical Institute at Giridih,24.1912,86.3054,Maize,Maize-Cowpea/Wheat,Product Yield,Crop Yield,t/ha,Intercropping,Intercropping (N fixing mixed),Monoculture,0.507,,,0.566,,,0.1101,,11.6,2.0
"MD_Paut,_24_A glo_Sc_577",JA_ADHIK_91_STUDI_J,"MD_Paut,_24_A glo_Sc",ADHIKARY et al. 1991,1991,10.1111/j.1439-037X.1991.tb00959.x,J Agronomy Crop Science,STUDIES ON MAIZE-LEGUME INTERCROPPING AND THEIR RESIDUAL EFFECTS ON SOIL FERTILITY STATUS AND SUCCEEDING CROP IN UPLAND SITUATION,India,Southern Asia,Agricultural Experimental Farm of Indian Statistical Institute at Giridih,24.1912,86.3054,Maize,Maize-Mung Bean/Wheat,Product Yield,Crop Yield,t/ha,Intercropping,Intercropping (N fixing mixed),Monoculture,0.507,,,0.566,,,0.1101,,11.6,2.0
"MD_Paut,_24_A glo_Sc_578",JA_ADHIK_91_STUDI_J,"MD_Paut,_24_A glo_Sc",ADHIKARY et al. 1991,1991,10.1111/j.1439-037X.1991.tb00959.x,J Agronomy Crop Science,STUDIES ON MAIZE-LEGUME INTERCROPPING AND THEIR RESIDUAL EFFECTS ON SOIL FERTILITY STATUS AND SUCCEEDING CROP IN UPLAND SITUATION,India,Southern Asia,Agricultural Experimental Farm of Indian Statistical Institute at Giridih,24.1912,86.3054,Maize,Maize-Soybean/Wheat,Product Yield,Crop Yield,t/ha,Intercropping,Intercropping (N fixing mixed),Monoculture,0.507,,,0.554,,,0.0887,,9.3,2.0
"MD_Paut,_24_A glo_Sc_579",JA_ADHIK_91_STUDI_J,"MD_Paut,_24_A glo_Sc",ADHIKARY et al. 1991,1991,10.1111/j.1439-037X.1991.tb00959.x,J Agronomy Crop Science,STUDIES ON MAIZE-LEGUME INTERCROPPING AND THEIR RESIDUAL EFFECTS ON SOIL FERTILITY STATUS AND SUCCEEDING CROP IN UPLAND SITUATION,India,Southern Asia,Agricultural Experimental Farm of Indian Statistical Institute at Giridih,24.1912,86.3054,Maize,Maize-Groundnut/Wheat,Product Yield,Crop Yield,t/ha,Intercropping,Intercropping (N fixing mixed),Monoculture,0.609,,,0.563,,,-0.0785,,-7.6,2.0
"MD_Paut,_24_A glo_Sc_580",JA_ADHIK_91_STUDI_J,"MD_Paut,_24_A glo_Sc",ADHIKARY et al. 1991,1991,10.1111/j.1439-037X.1991.tb00959.x,J Agronomy Crop Science,STUDIES ON MAIZE-LEGUME INTERCROPPING AND THEIR RESIDUAL EFFECTS ON SOIL FERTILITY STATUS AND SUCCEEDING CROP IN UPLAND SITUATION,India,Southern Asia,Agricultural Experimental Farm of Indian Statistical Institute at Giridih,24.1912,86.3054,Maize,Maize-Cowpea/Wheat,Product Yield,Crop Yield,t/ha,Intercropping,Intercropping (N fixing mixed),Monoculture,0.58,,,0.566,,,-0.0244,,-2.4,2.0
"MD_Paut,_24_A glo_Sc_581",JA_ADHIK_91_STUDI_J,"MD_Paut,_24_A glo_Sc",ADHIKARY et al. 1991,1991,10.1111/j.1439-037X.1991.tb00959.x,J Agronomy Crop Science,STUDIES ON MAIZE-LEGUME INTERCROPPING AND THEIR RESIDUAL EFFECTS ON SOIL FERTILITY STATUS AND SUCCEEDING CROP IN UPLAND SITUATION,India,Southern Asia,Agricultural Experimental Farm of Indian Statistical Institute at Giridih,24.1912,86.3054,Maize,Maize-Mung Bean/Wheat,Product Yield,Crop Yield,t/ha,Intercropping,Intercropping (N fixing mixed),Monoculture,0.659,,,0.566,,,-0.1521,,-14.1,2.0
"MD_Paut,_24_A glo_Sc_582",JA_ADHIK_91_STUDI_J,"MD_Paut,_24_A glo_Sc",ADHIKARY et al. 1991,1991,10.1111/j.1439-037X.1991.tb00959.x,J Agronomy Crop Science,STUDIES ON MAIZE-LEGUME INTERCROPPING AND THEIR RESIDUAL EFFECTS ON SOIL FERTILITY STATUS AND SUCCEEDING CROP IN UPLAND SITUATION,India,Southern Asia,Agricultural Experimental Farm of Indian Statistical Institute at Giridih,24.1912,86.3054,Maize,Maize-Soybean/Wheat,Product Yield,Crop Yield,t/ha,Intercropping,Intercropping (N fixing mixed),Monoculture,0.639,,,0.554,,,-0.1427,,-13.3,2.0
"MD_Paut,_24_A glo_Sc_583",JA_ADHIK_91_STUDI_J,"MD_Paut,_24_A glo_Sc",ADHIKARY et al. 1991,1991,10.1111/j.1439-037X.1991.tb00959.x,J Agronomy Crop Science,STUDIES ON MAIZE-LEGUME INTERCROPPING AND THEIR RESIDUAL EFFECTS ON SOIL FERTILITY STATUS AND SUCCEEDING CROP IN UPLAND SITUATION,India,Southern Asia,Agricultural Experimental Farm of Indian Statistical Institute at Giridih,24.1912,86.3054,Maize,Maize-Groundnut/Wheat,Product Yield,Crop Yield,t/ha,Intercropping,Intercropping (N fixing mixed),Monoculture,0.389,,,0.542,,,0.3317,,39.3,2.0
"MD_Paut,_24_A glo_Sc_584",JA_ADHIK_91_STUDI_J,"MD_Paut,_24_A glo_Sc",ADHIKARY et al. 1991,1991,10.1111/j.1439-037X.1991.tb00959.x,J Agronomy Crop Science,STUDIES ON MAIZE-LEGUME INTERCROPPING AND THEIR RESIDUAL EFFECTS ON SOIL FERTILITY STATUS AND SUCCEEDING CROP IN UPLAND SITUATION,India,Southern Asia,Agricultural Experimental Farm of Indian Statistical Institute at Giridih,24.1912,86.3054,Maize,Maize-Cowpea/Wheat,Product Yield,Crop Yield,t/ha,Intercropping,Intercropping (N fixing mixed),Monoculture,0.389,,,0.417,,,0.0695,,7.2,2.0
"MD_Paut,_24_A glo_Sc_585",JA_ADHIK_91_STUDI_J,"MD_Paut,_24_A glo_Sc",ADHIKARY et al. 1991,1991,10.1111/j.1439-037X.1991.tb00959.x,J Agronomy Crop Science,STUDIES ON MAIZE-LEGUME INTERCROPPING AND THEIR RESIDUAL EFFECTS ON SOIL FERTILITY STATUS AND SUCCEEDING CROP IN UPLAND SITUATION,India,Southern Asia,Agricultural Experimental Farm of Indian Statistical Institute at Giridih,24.1912,86.3054,Maize,Maize-Mung Bean/Wheat,Product Yield,Crop Yield,t/ha,Intercropping,Intercropping (N fixing mixed),Monoculture,0.389,,,0.408,,,0.0477,,4.9,2.0
"MD_Paut,_24_A glo_Sc_586",JA_ADHIK_91_STUDI_J,"MD_Paut,_24_A glo_Sc",ADHIKARY et al. 1991,1991,10.1111/j.1439-037X.1991.tb00959.x,J Agronomy Crop Science,STUDIES ON MAIZE-LEGUME INTERCROPPING AND THEIR RESIDUAL EFFECTS ON SOIL FERTILITY STATUS AND SUCCEEDING CROP IN UPLAND SITUATION,India,Southern Asia,Agricultural Experimental Farm of Indian Statistical Institute at Giridih,24.1912,86.3054,Maize,Maize-Soybean/Wheat,Product Yield,Crop Yield,t/ha,Intercropping,Intercropping (N fixing mixed),Monoculture,0.389,,,0.63,,,0.4821,,62.0,2.0
"MD_Paut,_24_A glo_Sc_587",JA_ADHIK_91_STUDI_J,"MD_Paut,_24_A glo_Sc",ADHIKARY et al. 1991,1991,10.1111/j.1439-037X.1991.tb00959.x,J Agronomy Crop Science,STUDIES ON MAIZE-LEGUME INTERCROPPING AND THEIR RESIDUAL EFFECTS ON SOIL FERTILITY STATUS AND SUCCEEDING CROP IN UPLAND SITUATION,India,Southern Asia,Agricultural Experimental Farm of Indian Statistical Institute at Giridih,24.1912,86.3054,Maize,Maize-Groundnut/Wheat,Product Yield,Crop Yield,t/ha,Intercropping,Intercropping (N fixing mixed),Monoculture,0.681,,,0.542,,,-0.2283,,-20.4,2.0
"MD_Paut,_24_A glo_Sc_588",JA_ADHIK_91_STUDI_J,"MD_Paut,_24_A glo_Sc",ADHIKARY et al. 1991,1991,10.1111/j.1439-037X.1991.tb00959.x,J Agronomy Crop Science,STUDIES ON MAIZE-LEGUME INTERCROPPING AND THEIR RESIDUAL EFFECTS ON SOIL FERTILITY STATUS AND SUCCEEDING CROP IN UPLAND SITUATION,India,Southern Asia,Agricultural Experimental Farm of Indian Statistical Institute at Giridih,24.1912,86.3054,Maize,Maize-Cowpea/Wheat,Product Yield,Crop Yield,t/ha,Intercropping,Intercropping (N fixing mixed),Monoculture,0.431,,,0.417,,,-0.033,,-3.2,2.0
"MD_Paut,_24_A glo_Sc_589",JA_ADHIK_91_STUDI_J,"MD_Paut,_24_A glo_Sc",ADHIKARY et al. 1991,1991,10.1111/j.1439-037X.1991.tb00959.x,J Agronomy Crop Science,STUDIES ON MAIZE-LEGUME INTERCROPPING AND THEIR RESIDUAL EFFECTS ON SOIL FERTILITY STATUS AND SUCCEEDING CROP IN UPLAND SITUATION,India,Southern Asia,Agricultural Experimental Farm of Indian Statistical Institute at Giridih,24.1912,86.3054,Maize,Maize-Mung Bean/Wheat,Product Yield,Crop Yield,t/ha,Intercropping,Intercropping (N fixing mixed),Monoculture,0.361,,,0.408,,,0.1224,,13.0,2.0
"MD_Paut,_24_A glo_Sc_590",JA_ADHIK_91_STUDI_J,"MD_Paut,_24_A glo_Sc",ADHIKARY et al. 1991,1991,10.1111/j.1439-037X.1991.tb00959.x,J Agronomy Crop Science,STUDIES ON MAIZE-LEGUME INTERCROPPING AND THEIR RESIDUAL EFFECTS ON SOIL FERTILITY STATUS AND SUCCEEDING CROP IN UPLAND SITUATION,India,Southern Asia,Agricultural Experimental Farm of Indian Statistical Institute at Giridih,24.1912,86.3054,Maize,Maize-Soybean/Wheat,Product Yield,Crop Yield,t/ha,Intercropping,Intercropping (N fixing mixed),Monoculture,0.556,,,0.63,,,0.125,,13.3,2.0
"MD_Paut,_24_A glo_Sc_591",JA_Ayala_09_Legum_Te,"MD_Paut,_24_A glo_Sc",Ayala Sánchez et al. 2009,2009,nd,Terra Latinoamericana,Leguminosas de cobertera para mejorar y sostener la productividad de maíz en el sur de Yucatán     X1  - Legumes as Cover Crops to Improve and Sustain Corn Productivity in the Southern Yucatan,Mexico,Central America,"Campo Experimental Uxmal, INIFAP",20.4167,-89.7667,Maize,Maize-Jack Bean,Product Yield,Crop Yield,kg/ha,Intercropping,Intercropping (N fixing mixed),Monoculture,1383.0,,4.0,407.0,,4.0,-1.2232,,-70.6,5.0
"MD_Paut,_24_A glo_Sc_592",JA_Ayala_09_Legum_Te,"MD_Paut,_24_A glo_Sc",Ayala Sánchez et al. 2009,2009,nd,Terra Latinoamericana,Leguminosas de cobertera para mejorar y sostener la productividad de maíz en el sur de Yucatán     X1  - Legumes as Cover Crops to Improve and Sustain Corn Productivity in the Southern Yucatan,Mexico,Central America,"Campo Experimental Uxmal, INIFAP",20.4167,-89.7667,Maize,Maize-Mucuna pruriens,Product Yield,Crop Yield,kg/ha,Intercropping,Intercropping (N fixing mixed),Monoculture,1383.0,,4.0,135.0,,4.0,-2.3267,,-90.2,5.0
"MD_Paut,_24_A glo_Sc_593",JA_Ayala_09_Legum_Te,"MD_Paut,_24_A glo_Sc",Ayala Sánchez et al. 2009,2009,nd,Terra Latinoamericana,Leguminosas de cobertera para mejorar y sostener la productividad de maíz en el sur de Yucatán     X1  - Legumes as Cover Crops to Improve and Sustain Corn Productivity in the Southern Yucatan,Mexico,Central America,"Campo Experimental Uxmal, INIFAP",20.4167,-89.7667,Maize,Maize-Jack Bean,Product Yield,Crop Yield,kg/ha,Intercropping,Intercropping (N fixing mixed),Monoculture,1926.0,,4.0,435.0,,4.0,-1.4879,,-77.4,5.0
"MD_Paut,_24_A glo_Sc_594",JA_Ayala_09_Legum_Te,"MD_Paut,_24_A glo_Sc",Ayala Sánchez et al. 2009,2009,nd,Terra Latinoamericana,Leguminosas de cobertera para mejorar y sostener la productividad de maíz en el sur de Yucatán     X1  - Legumes as Cover Crops to Improve and Sustain Corn Productivity in the Southern Yucatan,Mexico,Central America,"Campo Experimental Uxmal, INIFAP",20.4167,-89.7667,Maize,Maize-Mucuna pruriens,Product Yield,Crop Yield,kg/ha,Intercropping,Intercropping (N fixing mixed),Monoculture,1926.0,,4.0,193.0,,4.0,-2.3005,,-90.0,5.0
"MD_Paut,_24_A glo_Sc_595",JA_Ayala_09_Legum_Te,"MD_Paut,_24_A glo_Sc",Ayala Sánchez et al. 2009,2009,nd,Terra Latinoamericana,Leguminosas de cobertera para mejorar y sostener la productividad de maíz en el sur de Yucatán     X1  - Legumes as Cover Crops to Improve and Sustain Corn Productivity in the Southern Yucatan,Mexico,Central America,"Campo Experimental Uxmal, INIFAP",20.4167,-89.7667,Maize,Maize-Jack Bean,Product Yield,Crop Yield,kg/ha,Intercropping,Intercropping (N fixing mixed),Monoculture,1931.0,,4.0,1159.0,,4.0,-0.5105,,-40.0,5.0
"MD_Paut,_24_A glo_Sc_596",JA_Ayala_09_Legum_Te,"MD_Paut,_24_A glo_Sc",Ayala Sánchez et al. 2009,2009,nd,Terra Latinoamericana,Leguminosas de cobertera para mejorar y sostener la productividad de maíz en el sur de Yucatán     X1  - Legumes as Cover Crops to Improve and Sustain Corn Productivity in the Southern Yucatan,Mexico,Central America,"Campo Experimental Uxmal, INIFAP",20.4167,-89.7667,Maize,Maize-Mucuna pruriens,Product Yield,Crop Yield,kg/ha,Intercropping,Intercropping (N fixing mixed),Monoculture,1931.0,,4.0,1319.0,,4.0,-0.3812,,-31.7,5.0
"MD_Paut,_24_A glo_Sc_597",JA_Ayala_09_Legum_Te,"MD_Paut,_24_A glo_Sc",Ayala Sánchez et al. 2009,2009,nd,Terra Latinoamericana,Leguminosas de cobertera para mejorar y sostener la productividad de maíz en el sur de Yucatán     X1  - Legumes as Cover Crops to Improve and Sustain Corn Productivity in the Southern Yucatan,Mexico,Central America,"Campo Experimental Uxmal, INIFAP",20.4167,-89.7667,Maize,Maize-Jack Bean,Product Yield,Crop Yield,kg/ha,Intercropping,Intercropping (N fixing mixed),Monoculture,2280.0,,4.0,1552.0,,4.0,-0.3846,,-31.9,5.0
"MD_Paut,_24_A glo_Sc_598",JA_Ayala_09_Legum_Te,"MD_Paut,_24_A glo_Sc",Ayala Sánchez et al. 2009,2009,nd,Terra Latinoamericana,Leguminosas de cobertera para mejorar y sostener la productividad de maíz en el sur de Yucatán     X1  - Legumes as Cover Crops to Improve and Sustain Corn Productivity in the Southern Yucatan,Mexico,Central America,"Campo Experimental Uxmal, INIFAP",20.4167,-89.7667,Maize,Maize-Mucuna pruriens,Product Yield,Crop Yield,kg/ha,Intercropping,Intercropping (N fixing mixed),Monoculture,2280.0,,4.0,1606.0,,4.0,-0.3504,,-29.6,5.0
"MD_Paut,_24_A glo_Sc_599",JA_Ayala_09_Legum_Te,"MD_Paut,_24_A glo_Sc",Ayala Sánchez et al. 2009,2009,nd,Terra Latinoamericana,Leguminosas de cobertera para mejorar y sostener la productividad de maíz en el sur de Yucatán     X1  - Legumes as Cover Crops to Improve and Sustain Corn Productivity in the Southern Yucatan,Mexico,Central America,"Campo Experimental Uxmal, INIFAP",20.4167,-89.7667,Maize,Maize-Jack Bean,Product Yield,Crop Yield,kg/ha,Intercropping,Intercropping (N fixing mixed),Monoculture,738.0,,4.0,514.0,,4.0,-0.3617,,-30.4,5.0
"MD_Paut,_24_A glo_Sc_600",JA_Ayala_09_Legum_Te,"MD_Paut,_24_A glo_Sc",Ayala Sánchez et al. 2009,2009,nd,Terra Latinoamericana,Leguminosas de cobertera para mejorar y sostener la productividad de maíz en el sur de Yucatán     X1  - Legumes as Cover Crops to Improve and Sustain Corn Productivity in the Southern Yucatan,Mexico,Central America,"Campo Experimental Uxmal, INIFAP",20.4167,-89.7667,Maize,Maize-Mucuna pruriens,Product Yield,Crop Yield,kg/ha,Intercropping,Intercropping (N fixing mixed),Monoculture,738.0,,4.0,581.0,,4.0,-0.2392,,-21.3,5.0
"MD_Paut,_24_A glo_Sc_601",JA_Ayala_09_Legum_Te,"MD_Paut,_24_A glo_Sc",Ayala Sánchez et al. 2009,2009,nd,Terra Latinoamericana,Leguminosas de cobertera para mejorar y sostener la productividad de maíz en el sur de Yucatán     X1  - Legumes as Cover Crops to Improve and Sustain Corn Productivity in the Southern Yucatan,Mexico,Central America,"Campo Experimental Uxmal, INIFAP",20.4167,-89.7667,Jack Bean/Maize,Jack Bean/Maize,Product Yield,Crop Yield,kg/ha,Improved Fallow,Improved Fallow (N fixing),Monoculture,738.0,,4.0,232.0,,4.0,-1.1572,,-68.6,5.0
"MD_Paut,_24_A glo_Sc_602",JA_Ayala_09_Legum_Te,"MD_Paut,_24_A glo_Sc",Ayala Sánchez et al. 2009,2009,nd,Terra Latinoamericana,Leguminosas de cobertera para mejorar y sostener la productividad de maíz en el sur de Yucatán     X1  - Legumes as Cover Crops to Improve and Sustain Corn Productivity in the Southern Yucatan,Mexico,Central America,"Campo Experimental Uxmal, INIFAP",20.4167,-89.7667,Mucuna pruriens/Maize,Mucuna pruriens/Maize,Product Yield,Crop Yield,kg/ha,Improved Fallow,Improved Fallow (N fixing),Monoculture,738.0,,4.0,223.0,,4.0,-1.1968,,-69.8,5.0
"MD_Paut,_24_A glo_Sc_603",JA_Ayala_09_Legum_Te,"MD_Paut,_24_A glo_Sc",Ayala Sánchez et al. 2009,2009,nd,Terra Latinoamericana,Leguminosas de cobertera para mejorar y sostener la productividad de maíz en el sur de Yucatán     X1  - Legumes as Cover Crops to Improve and Sustain Corn Productivity in the Southern Yucatan,Mexico,Central America,"Campo Experimental Uxmal, INIFAP",20.4167,-89.7667,Jack Bean/Maize,Jack Bean/Maize,Product Yield,Crop Yield,kg/ha,Improved Fallow,Improved Fallow (N fixing),Monoculture,738.0,,4.0,782.0,,4.0,0.0579,,6.0,5.0
"MD_Paut,_24_A glo_Sc_604",JA_Ayala_09_Legum_Te,"MD_Paut,_24_A glo_Sc",Ayala Sánchez et al. 2009,2009,nd,Terra Latinoamericana,Leguminosas de cobertera para mejorar y sostener la productividad de maíz en el sur de Yucatán     X1  - Legumes as Cover Crops to Improve and Sustain Corn Productivity in the Southern Yucatan,Mexico,Central America,"Campo Experimental Uxmal, INIFAP",20.4167,-89.7667,Mucuna pruriens/Maize,Mucuna pruriens/Maize,Product Yield,Crop Yield,kg/ha,Improved Fallow,Improved Fallow (N fixing),Monoculture,738.0,,4.0,324.0,,4.0,-0.8232,,-56.1,5.0
"MD_Paut,_24_A glo_Sc_605",JA_Ayala_09_Legum_Te,"MD_Paut,_24_A glo_Sc",Ayala Sánchez et al. 2009,2009,nd,Terra Latinoamericana,Leguminosas de cobertera para mejorar y sostener la productividad de maíz en el sur de Yucatán     X1  - Legumes as Cover Crops to Improve and Sustain Corn Productivity in the Southern Yucatan,Mexico,Central America,"Campo Experimental Uxmal, INIFAP",20.4167,-89.7667,Maize,Maize-Jack Bean,Product Yield,Crop Yield,kg/ha,Intercropping,Intercropping (N fixing mixed),Monoculture,925.0,,4.0,650.0,,4.0,-0.3528,,-29.7,5.0
"MD_Paut,_24_A glo_Sc_606",JA_Ayala_09_Legum_Te,"MD_Paut,_24_A glo_Sc",Ayala Sánchez et al. 2009,2009,nd,Terra Latinoamericana,Leguminosas de cobertera para mejorar y sostener la productividad de maíz en el sur de Yucatán     X1  - Legumes as Cover Crops to Improve and Sustain Corn Productivity in the Southern Yucatan,Mexico,Central America,"Campo Experimental Uxmal, INIFAP",20.4167,-89.7667,Maize,Maize-Mucuna pruriens,Product Yield,Crop Yield,kg/ha,Intercropping,Intercropping (N fixing mixed),Monoculture,925.0,,4.0,681.0,,4.0,-0.3062,,-26.4,5.0
"MD_Paut,_24_A glo_Sc_607",JA_Ayala_09_Legum_Te,"MD_Paut,_24_A glo_Sc",Ayala Sánchez et al. 2009,2009,nd,Terra Latinoamericana,Leguminosas de cobertera para mejorar y sostener la productividad de maíz en el sur de Yucatán     X1  - Legumes as Cover Crops to Improve and Sustain Corn Productivity in the Southern Yucatan,Mexico,Central America,"Campo Experimental Uxmal, INIFAP",20.4167,-89.7667,Jack Bean/Maize,Jack Bean/Maize,Product Yield,Crop Yield,kg/ha,Improved Fallow,Improved Fallow (N fixing),Monoculture,925.0,,4.0,328.0,,4.0,-1.0368,,-64.5,5.0
"MD_Paut,_24_A glo_Sc_608",JA_Ayala_09_Legum_Te,"MD_Paut,_24_A glo_Sc",Ayala Sánchez et al. 2009,2009,nd,Terra Latinoamericana,Leguminosas de cobertera para mejorar y sostener la productividad de maíz en el sur de Yucatán     X1  - Legumes as Cover Crops to Improve and Sustain Corn Productivity in the Southern Yucatan,Mexico,Central America,"Campo Experimental Uxmal, INIFAP",20.4167,-89.7667,Mucuna pruriens/Maize,Mucuna pruriens/Maize,Product Yield,Crop Yield,kg/ha,Improved Fallow,Improved Fallow (N fixing),Monoculture,925.0,,4.0,281.0,,4.0,-1.1914,,-69.6,5.0
"MD_Paut,_24_A glo_Sc_609",JA_Ayala_09_Legum_Te,"MD_Paut,_24_A glo_Sc",Ayala Sánchez et al. 2009,2009,nd,Terra Latinoamericana,Leguminosas de cobertera para mejorar y sostener la productividad de maíz en el sur de Yucatán     X1  - Legumes as Cover Crops to Improve and Sustain Corn Productivity in the Southern Yucatan,Mexico,Central America,"Campo Experimental Uxmal, INIFAP",20.4167,-89.7667,Jack Bean/Maize,Jack Bean/Maize,Product Yield,Crop Yield,kg/ha,Improved Fallow,Improved Fallow (N fixing),Monoculture,925.0,,4.0,919.0,,4.0,-0.0065,,-0.6,5.0
"MD_Paut,_24_A glo_Sc_610",JA_Ayala_09_Legum_Te,"MD_Paut,_24_A glo_Sc",Ayala Sánchez et al. 2009,2009,nd,Terra Latinoamericana,Leguminosas de cobertera para mejorar y sostener la productividad de maíz en el sur de Yucatán     X1  - Legumes as Cover Crops to Improve and Sustain Corn Productivity in the Southern Yucatan,Mexico,Central America,"Campo Experimental Uxmal, INIFAP",20.4167,-89.7667,Mucuna pruriens/Maize,Mucuna pruriens/Maize,Product Yield,Crop Yield,kg/ha,Improved Fallow,Improved Fallow (N fixing),Monoculture,925.0,,4.0,710.0,,4.0,-0.2645,,-23.2,5.0
"MD_Paut,_24_A glo_Sc_611",JA_Ayala_09_Legum_Te,"MD_Paut,_24_A glo_Sc",Ayala Sánchez et al. 2009,2009,nd,Terra Latinoamericana,Leguminosas de cobertera para mejorar y sostener la productividad de maíz en el sur de Yucatán     X1  - Legumes as Cover Crops to Improve and Sustain Corn Productivity in the Southern Yucatan,Mexico,Central America,"Campo Experimental Uxmal, INIFAP",20.4167,-89.7667,Maize,Maize-Jack Bean,Product Yield,Crop Yield,kg/ha,Intercropping,Intercropping (N fixing mixed),Monoculture,872.0,,4.0,909.0,,4.0,0.0416,,4.2,5.0
"MD_Paut,_24_A glo_Sc_612",JA_Ayala_09_Legum_Te,"MD_Paut,_24_A glo_Sc",Ayala Sánchez et al. 2009,2009,nd,Terra Latinoamericana,Leguminosas de cobertera para mejorar y sostener la productividad de maíz en el sur de Yucatán     X1  - Legumes as Cover Crops to Improve and Sustain Corn Productivity in the Southern Yucatan,Mexico,Central America,"Campo Experimental Uxmal, INIFAP",20.4167,-89.7667,Maize,Maize-Mucuna pruriens,Product Yield,Crop Yield,kg/ha,Intercropping,Intercropping (N fixing mixed),Monoculture,872.0,,4.0,990.0,,4.0,0.1269,,13.5,5.0
"MD_Paut,_24_A glo_Sc_613",JA_Ayala_09_Legum_Te,"MD_Paut,_24_A glo_Sc",Ayala Sánchez et al. 2009,2009,nd,Terra Latinoamericana,Leguminosas de cobertera para mejorar y sostener la productividad de maíz en el sur de Yucatán     X1  - Legumes as Cover Crops to Improve and Sustain Corn Productivity in the Southern Yucatan,Mexico,Central America,"Campo Experimental Uxmal, INIFAP",20.4167,-89.7667,Jack Bean/Maize,Jack Bean/Maize,Product Yield,Crop Yield,kg/ha,Improved Fallow,Improved Fallow (N fixing),Monoculture,872.0,,4.0,618.0,,4.0,-0.3443,,-29.1,5.0
"MD_Paut,_24_A glo_Sc_614",JA_Ayala_09_Legum_Te,"MD_Paut,_24_A glo_Sc",Ayala Sánchez et al. 2009,2009,nd,Terra Latinoamericana,Leguminosas de cobertera para mejorar y sostener la productividad de maíz en el sur de Yucatán     X1  - Legumes as Cover Crops to Improve and Sustain Corn Productivity in the Southern Yucatan,Mexico,Central America,"Campo Experimental Uxmal, INIFAP",20.4167,-89.7667,Mucuna pruriens/Maize,Mucuna pruriens/Maize,Product Yield,Crop Yield,kg/ha,Improved Fallow,Improved Fallow (N fixing),Monoculture,872.0,,4.0,581.0,,4.0,-0.406,,-33.4,5.0
"MD_Paut,_24_A glo_Sc_615",JA_Ayala_09_Legum_Te,"MD_Paut,_24_A glo_Sc",Ayala Sánchez et al. 2009,2009,nd,Terra Latinoamericana,Leguminosas de cobertera para mejorar y sostener la productividad de maíz en el sur de Yucatán     X1  - Legumes as Cover Crops to Improve and Sustain Corn Productivity in the Southern Yucatan,Mexico,Central America,"Campo Experimental Uxmal, INIFAP",20.4167,-89.7667,Jack Bean/Maize,Jack Bean/Maize,Product Yield,Crop Yield,kg/ha,Improved Fallow,Improved Fallow (N fixing),Monoculture,872.0,,4.0,953.0,,4.0,0.0888,,9.3,5.0
"MD_Paut,_24_A glo_Sc_616",JA_Ayala_09_Legum_Te,"MD_Paut,_24_A glo_Sc",Ayala Sánchez et al. 2009,2009,nd,Terra Latinoamericana,Leguminosas de cobertera para mejorar y sostener la productividad de maíz en el sur de Yucatán     X1  - Legumes as Cover Crops to Improve and Sustain Corn Productivity in the Southern Yucatan,Mexico,Central America,"Campo Experimental Uxmal, INIFAP",20.4167,-89.7667,Mucuna pruriens/Maize,Mucuna pruriens/Maize,Product Yield,Crop Yield,kg/ha,Improved Fallow,Improved Fallow (N fixing),Monoculture,872.0,,4.0,726.0,,4.0,-0.1832,,-16.7,5.0
"MD_Paut,_24_A glo_Sc_617",JA_Ayala_09_Legum_Te,"MD_Paut,_24_A glo_Sc",Ayala Sánchez et al. 2009,2009,nd,Terra Latinoamericana,Leguminosas de cobertera para mejorar y sostener la productividad de maíz en el sur de Yucatán     X1  - Legumes as Cover Crops to Improve and Sustain Corn Productivity in the Southern Yucatan,Mexico,Central America,"Campo Experimental Uxmal, INIFAP",20.4167,-89.7667,Maize,Maize-Jack Bean,Product Yield,Crop Yield,kg/ha,Intercropping,Intercropping (N fixing mixed),Monoculture,753.0,,4.0,883.0,,4.0,0.1593,,17.3,5.0
"MD_Paut,_24_A glo_Sc_618",JA_Ayala_09_Legum_Te,"MD_Paut,_24_A glo_Sc",Ayala Sánchez et al. 2009,2009,nd,Terra Latinoamericana,Leguminosas de cobertera para mejorar y sostener la productividad de maíz en el sur de Yucatán     X1  - Legumes as Cover Crops to Improve and Sustain Corn Productivity in the Southern Yucatan,Mexico,Central America,"Campo Experimental Uxmal, INIFAP",20.4167,-89.7667,Maize,Maize-Mucuna pruriens,Product Yield,Crop Yield,kg/ha,Intercropping,Intercropping (N fixing mixed),Monoculture,753.0,,4.0,1006.0,,4.0,0.2897,,33.6,5.0
"MD_Paut,_24_A glo_Sc_619",JA_Ayala_09_Legum_Te,"MD_Paut,_24_A glo_Sc",Ayala Sánchez et al. 2009,2009,nd,Terra Latinoamericana,Leguminosas de cobertera para mejorar y sostener la productividad de maíz en el sur de Yucatán     X1  - Legumes as Cover Crops to Improve and Sustain Corn Productivity in the Southern Yucatan,Mexico,Central America,"Campo Experimental Uxmal, INIFAP",20.4167,-89.7667,Jack Bean/Maize,Jack Bean/Maize,Product Yield,Crop Yield,kg/ha,Improved Fallow,Improved Fallow (N fixing),Monoculture,753.0,,4.0,875.0,,4.0,0.1502,,16.2,5.0
"MD_Paut,_24_A glo_Sc_620",JA_Ayala_09_Legum_Te,"MD_Paut,_24_A glo_Sc",Ayala Sánchez et al. 2009,2009,nd,Terra Latinoamericana,Leguminosas de cobertera para mejorar y sostener la productividad de maíz en el sur de Yucatán     X1  - Legumes as Cover Crops to Improve and Sustain Corn Productivity in the Southern Yucatan,Mexico,Central America,"Campo Experimental Uxmal, INIFAP",20.4167,-89.7667,Mucuna pruriens/Maize,Mucuna pruriens/Maize,Product Yield,Crop Yield,kg/ha,Improved Fallow,Improved Fallow (N fixing),Monoculture,753.0,,4.0,992.0,,4.0,0.2757,,31.7,5.0
"MD_Paut,_24_A glo_Sc_621",JA_Ayala_09_Legum_Te,"MD_Paut,_24_A glo_Sc",Ayala Sánchez et al. 2009,2009,nd,Terra Latinoamericana,Leguminosas de cobertera para mejorar y sostener la productividad de maíz en el sur de Yucatán     X1  - Legumes as Cover Crops to Improve and Sustain Corn Productivity in the Southern Yucatan,Mexico,Central America,"Campo Experimental Uxmal, INIFAP",20.4167,-89.7667,Jack Bean/Maize,Jack Bean/Maize,Product Yield,Crop Yield,kg/ha,Improved Fallow,Improved Fallow (N fixing),Monoculture,753.0,,4.0,1006.0,,4.0,0.2897,,33.6,5.0
"MD_Paut,_24_A glo_Sc_622",JA_Ayala_09_Legum_Te,"MD_Paut,_24_A glo_Sc",Ayala Sánchez et al. 2009,2009,nd,Terra Latinoamericana,Leguminosas de cobertera para mejorar y sostener la productividad de maíz en el sur de Yucatán     X1  - Legumes as Cover Crops to Improve and Sustain Corn Productivity in the Southern Yucatan,Mexico,Central America,"Campo Experimental Uxmal, INIFAP",20.4167,-89.7667,Mucuna pruriens/Maize,Mucuna pruriens/Maize,Product Yield,Crop Yield,kg/ha,Improved Fallow,Improved Fallow (N fixing),Monoculture,753.0,,4.0,1477.0,,4.0,0.6737,,96.1,5.0
"MD_Paut,_24_A glo_Sc_623",JA_Ayala_09_Legum_Te,"MD_Paut,_24_A glo_Sc",Ayala Sánchez et al. 2009,2009,nd,Terra Latinoamericana,Leguminosas de cobertera para mejorar y sostener la productividad de maíz en el sur de Yucatán     X1  - Legumes as Cover Crops to Improve and Sustain Corn Productivity in the Southern Yucatan,Mexico,Central America,"Campo Experimental Uxmal, INIFAP",20.4167,-89.7667,Maize,Maize-Jack Bean,Product Yield,Crop Yield,kg/ha,Intercropping,Intercropping (N fixing mixed),Monoculture,661.0,,4.0,599.0,,4.0,-0.0985,,-9.4,5.0
"MD_Paut,_24_A glo_Sc_624",JA_Ayala_09_Legum_Te,"MD_Paut,_24_A glo_Sc",Ayala Sánchez et al. 2009,2009,nd,Terra Latinoamericana,Leguminosas de cobertera para mejorar y sostener la productividad de maíz en el sur de Yucatán     X1  - Legumes as Cover Crops to Improve and Sustain Corn Productivity in the Southern Yucatan,Mexico,Central America,"Campo Experimental Uxmal, INIFAP",20.4167,-89.7667,Maize,Maize-Mucuna pruriens,Product Yield,Crop Yield,kg/ha,Intercropping,Intercropping (N fixing mixed),Monoculture,661.0,,4.0,241.0,,4.0,-1.009,,-63.5,5.0
"MD_Paut,_24_A glo_Sc_625",JA_Ayala_09_Legum_Te,"MD_Paut,_24_A glo_Sc",Ayala Sánchez et al. 2009,2009,nd,Terra Latinoamericana,Leguminosas de cobertera para mejorar y sostener la productividad de maíz en el sur de Yucatán     X1  - Legumes as Cover Crops to Improve and Sustain Corn Productivity in the Southern Yucatan,Mexico,Central America,"Campo Experimental Uxmal, INIFAP",20.4167,-89.7667,Jack Bean/Maize,Jack Bean/Maize,Product Yield,Crop Yield,kg/ha,Improved Fallow,Improved Fallow (N fixing),Monoculture,661.0,,4.0,439.0,,4.0,-0.4093,,-33.6,5.0
"MD_Paut,_24_A glo_Sc_626",JA_Ayala_09_Legum_Te,"MD_Paut,_24_A glo_Sc",Ayala Sánchez et al. 2009,2009,nd,Terra Latinoamericana,Leguminosas de cobertera para mejorar y sostener la productividad de maíz en el sur de Yucatán     X1  - Legumes as Cover Crops to Improve and Sustain Corn Productivity in the Southern Yucatan,Mexico,Central America,"Campo Experimental Uxmal, INIFAP",20.4167,-89.7667,Mucuna pruriens/Maize,Mucuna pruriens/Maize,Product Yield,Crop Yield,kg/ha,Improved Fallow,Improved Fallow (N fixing),Monoculture,661.0,,4.0,249.0,,4.0,-0.9763,,-62.3,5.0
"MD_Paut,_24_A glo_Sc_627",JA_Ayala_09_Legum_Te,"MD_Paut,_24_A glo_Sc",Ayala Sánchez et al. 2009,2009,nd,Terra Latinoamericana,Leguminosas de cobertera para mejorar y sostener la productividad de maíz en el sur de Yucatán     X1  - Legumes as Cover Crops to Improve and Sustain Corn Productivity in the Southern Yucatan,Mexico,Central America,"Campo Experimental Uxmal, INIFAP",20.4167,-89.7667,Jack Bean/Maize,Jack Bean/Maize,Product Yield,Crop Yield,kg/ha,Improved Fallow,Improved Fallow (N fixing),Monoculture,661.0,,4.0,559.0,,4.0,-0.1676,,-15.4,5.0
"MD_Paut,_24_A glo_Sc_628",JA_Ayala_09_Legum_Te,"MD_Paut,_24_A glo_Sc",Ayala Sánchez et al. 2009,2009,nd,Terra Latinoamericana,Leguminosas de cobertera para mejorar y sostener la productividad de maíz en el sur de Yucatán     X1  - Legumes as Cover Crops to Improve and Sustain Corn Productivity in the Southern Yucatan,Mexico,Central America,"Campo Experimental Uxmal, INIFAP",20.4167,-89.7667,Mucuna pruriens/Maize,Mucuna pruriens/Maize,Product Yield,Crop Yield,kg/ha,Improved Fallow,Improved Fallow (N fixing),Monoculture,661.0,,4.0,493.0,,4.0,-0.2932,,-25.4,5.0
"MD_Paut,_24_A glo_Sc_629",JA_Ayala_09_Legum_Te,"MD_Paut,_24_A glo_Sc",Ayala Sánchez et al. 2009,2009,nd,Terra Latinoamericana,Leguminosas de cobertera para mejorar y sostener la productividad de maíz en el sur de Yucatán     X1  - Legumes as Cover Crops to Improve and Sustain Corn Productivity in the Southern Yucatan,Mexico,Central America,"Campo Experimental Uxmal, INIFAP",20.4167,-89.7667,Maize,Maize-Jack Bean,Product Yield,Crop Yield,kg/ha,Intercropping,Intercropping (N fixing mixed),Monoculture,495.0,,4.0,503.0,,4.0,0.016,,1.6,5.0
"MD_Paut,_24_A glo_Sc_630",JA_Ayala_09_Legum_Te,"MD_Paut,_24_A glo_Sc",Ayala Sánchez et al. 2009,2009,nd,Terra Latinoamericana,Leguminosas de cobertera para mejorar y sostener la productividad de maíz en el sur de Yucatán     X1  - Legumes as Cover Crops to Improve and Sustain Corn Productivity in the Southern Yucatan,Mexico,Central America,"Campo Experimental Uxmal, INIFAP",20.4167,-89.7667,Maize,Maize-Mucuna pruriens,Product Yield,Crop Yield,kg/ha,Intercropping,Intercropping (N fixing mixed),Monoculture,495.0,,4.0,318.0,,4.0,-0.4425,,-35.8,5.0
"MD_Paut,_24_A glo_Sc_631",JA_Ayala_09_Legum_Te,"MD_Paut,_24_A glo_Sc",Ayala Sánchez et al. 2009,2009,nd,Terra Latinoamericana,Leguminosas de cobertera para mejorar y sostener la productividad de maíz en el sur de Yucatán     X1  - Legumes as Cover Crops to Improve and Sustain Corn Productivity in the Southern Yucatan,Mexico,Central America,"Campo Experimental Uxmal, INIFAP",20.4167,-89.7667,Jack Bean/Maize,Jack Bean/Maize,Product Yield,Crop Yield,kg/ha,Improved Fallow,Improved Fallow (N fixing),Monoculture,495.0,,4.0,393.0,,4.0,-0.2307,,-20.6,5.0
"MD_Paut,_24_A glo_Sc_632",JA_Ayala_09_Legum_Te,"MD_Paut,_24_A glo_Sc",Ayala Sánchez et al. 2009,2009,nd,Terra Latinoamericana,Leguminosas de cobertera para mejorar y sostener la productividad de maíz en el sur de Yucatán     X1  - Legumes as Cover Crops to Improve and Sustain Corn Productivity in the Southern Yucatan,Mexico,Central America,"Campo Experimental Uxmal, INIFAP",20.4167,-89.7667,Mucuna pruriens/Maize,Mucuna pruriens/Maize,Product Yield,Crop Yield,kg/ha,Improved Fallow,Improved Fallow (N fixing),Monoculture,495.0,,4.0,210.0,,4.0,-0.8575,,-57.6,5.0
"MD_Paut,_24_A glo_Sc_633",JA_Ayala_09_Legum_Te,"MD_Paut,_24_A glo_Sc",Ayala Sánchez et al. 2009,2009,nd,Terra Latinoamericana,Leguminosas de cobertera para mejorar y sostener la productividad de maíz en el sur de Yucatán     X1  - Legumes as Cover Crops to Improve and Sustain Corn Productivity in the Southern Yucatan,Mexico,Central America,"Campo Experimental Uxmal, INIFAP",20.4167,-89.7667,Jack Bean/Maize,Jack Bean/Maize,Product Yield,Crop Yield,kg/ha,Improved Fallow,Improved Fallow (N fixing),Monoculture,495.0,,4.0,393.0,,4.0,-0.2307,,-20.6,5.0
"MD_Paut,_24_A glo_Sc_634",JA_Ayala_09_Legum_Te,"MD_Paut,_24_A glo_Sc",Ayala Sánchez et al. 2009,2009,nd,Terra Latinoamericana,Leguminosas de cobertera para mejorar y sostener la productividad de maíz en el sur de Yucatán     X1  - Legumes as Cover Crops to Improve and Sustain Corn Productivity in the Southern Yucatan,Mexico,Central America,"Campo Experimental Uxmal, INIFAP",20.4167,-89.7667,Mucuna pruriens/Maize,Mucuna pruriens/Maize,Product Yield,Crop Yield,kg/ha,Improved Fallow,Improved Fallow (N fixing),Monoculture,495.0,,4.0,327.0,,4.0,-0.4146,,-33.9,5.0
"MD_Paut,_24_A glo_Sc_635",JA_Bhard_21_Optim_Ag,"MD_Paut,_24_A glo_Sc",Bhardwaj et al. 2021,2021,10.1007/s10457-021-00600-2,Agroforest Syst,Optimization of onion planting time and variety under Populus deltoides-based agroforestry system in North-Western India,India,Southern Asia,"Punjab Agricultural University (PAU), Ludhiana.",30.9042,75.8064,Onion,Onion-Populus deltoides,Product Yield,Crop Yield,t/ha,Agroforestry,Alleycropping + Agroforestry (low diversity) + Agroforestry (moderate shaded),Monoculture,27.5,,3.0,18.0,,3.0,-0.4238,,-34.5,2.0
"MD_Paut,_24_A glo_Sc_636",JA_Bhard_21_Optim_Ag,"MD_Paut,_24_A glo_Sc",Bhardwaj et al. 2021,2021,10.1007/s10457-021-00600-2,Agroforest Syst,Optimization of onion planting time and variety under Populus deltoides-based agroforestry system in North-Western India,India,Southern Asia,"Punjab Agricultural University (PAU), Ludhiana.",30.9042,75.8064,Onion,Onion-Populus deltoides,Product Yield,Crop Yield,t/ha,Agroforestry,Alleycropping + Agroforestry (low diversity) + Agroforestry (moderate shaded),Monoculture,23.9,,3.0,15.1,,3.0,-0.4592,,-36.8,2.0
"MD_Paut,_24_A glo_Sc_637",JA_Kabir_17_A Stu_In,"MD_Paut,_24_A glo_Sc",Kabiraj et al. 2017,2017,10.20546/ijcmas.2017.607.306,Int.J.Curr.Microbiol.App.Sci,A Study on Cauliflower (Brassica oleracea var. botrytis) Based Intercropping System,India,Southern Asia,"Horticulture Research Station, Mondouri of Bidhan Chandra Krishi Viswavidyalaya, Mohanpur, Nadia, West Bengal",22.9449,88.5344,Cauliflower,Cauliflower-Common Bean,Product Yield,Crop Yield,q/ha,Intercropping,Intercropping (N fixing mixed),Monoculture,226.95,,3.0,209.19,,3.0,-0.0815,,-7.8,2.0
"MD_Paut,_24_A glo_Sc_638",JA_Kabir_17_A Stu_In,"MD_Paut,_24_A glo_Sc",Kabiraj et al. 2017,2017,10.20546/ijcmas.2017.607.306,Int.J.Curr.Microbiol.App.Sci,A Study on Cauliflower (Brassica oleracea var. botrytis) Based Intercropping System,India,Southern Asia,"Horticulture Research Station, Mondouri of Bidhan Chandra Krishi Viswavidyalaya, Mohanpur, Nadia, West Bengal",22.9449,88.5344,Cauliflower,Cauliflower-Peas,Product Yield,Crop Yield,q/ha,Intercropping,Intercropping (N fixing mixed),Monoculture,226.95,,3.0,207.87,,3.0,-0.0878,,-8.4,2.0
"MD_Paut,_24_A glo_Sc_639",JA_Kabir_17_A Stu_In,"MD_Paut,_24_A glo_Sc",Kabiraj et al. 2017,2017,10.20546/ijcmas.2017.607.306,Int.J.Curr.Microbiol.App.Sci,A Study on Cauliflower (Brassica oleracea var. botrytis) Based Intercropping System,India,Southern Asia,"Horticulture Research Station, Mondouri of Bidhan Chandra Krishi Viswavidyalaya, Mohanpur, Nadia, West Bengal",22.9449,88.5344,Cauliflower,Cauliflower-Sugar Beet,Product Yield,Crop Yield,q/ha,Intercropping,Intercropping (Non N fixing),Monoculture,226.95,,3.0,183.03,,3.0,-0.2151,,-19.4,2.0
"MD_Paut,_24_A glo_Sc_640",JA_Kabir_17_A Stu_In,"MD_Paut,_24_A glo_Sc",Kabiraj et al. 2017,2017,10.20546/ijcmas.2017.607.306,Int.J.Curr.Microbiol.App.Sci,A Study on Cauliflower (Brassica oleracea var. botrytis) Based Intercropping System,India,Southern Asia,"Horticulture Research Station, Mondouri of Bidhan Chandra Krishi Viswavidyalaya, Mohanpur, Nadia, West Bengal",22.9449,88.5344,Cauliflower,Cauliflower-Carrot,Product Yield,Crop Yield,q/ha,Intercropping,Intercropping (Non N fixing),Monoculture,226.95,,3.0,197.76,,3.0,-0.1377,,-12.9,2.0
"MD_Paut,_24_A glo_Sc_641",JA_Kabir_17_A Stu_In,"MD_Paut,_24_A glo_Sc",Kabiraj et al. 2017,2017,10.20546/ijcmas.2017.607.306,Int.J.Curr.Microbiol.App.Sci,A Study on Cauliflower (Brassica oleracea var. botrytis) Based Intercropping System,India,Southern Asia,"Horticulture Research Station, Mondouri of Bidhan Chandra Krishi Viswavidyalaya, Mohanpur, Nadia, West Bengal",22.9449,88.5344,Cauliflower,Cauliflower-Spinach,Product Yield,Crop Yield,q/ha,Intercropping,Intercropping (Non N fixing),Monoculture,226.95,,3.0,180.48,,3.0,-0.2291,,-20.5,2.0
"MD_Paut,_24_A glo_Sc_642",JA_Kabir_17_A Stu_In,"MD_Paut,_24_A glo_Sc",Kabiraj et al. 2017,2017,10.20546/ijcmas.2017.607.306,Int.J.Curr.Microbiol.App.Sci,A Study on Cauliflower (Brassica oleracea var. botrytis) Based Intercropping System,India,Southern Asia,"Horticulture Research Station, Mondouri of Bidhan Chandra Krishi Viswavidyalaya, Mohanpur, Nadia, West Bengal",22.9449,88.5344,Cauliflower,Cauliflower-Coriander,Product Yield,Crop Yield,q/ha,Intercropping,Intercropping (Non N fixing),Monoculture,226.95,,3.0,195.68,,3.0,-0.1482,,-13.8,2.0
"MD_Paut,_24_A glo_Sc_643",JA_Ranja_21_Evalu_Ex,"MD_Paut,_24_A glo_Sc",Ranjan et al. 2021,2021,10.1017/S0014479721000053,Ex. Agric.,"Evaluation of maize-based intercropping on runoff, soil loss, and yield in foothills of the Indian sub-Himalayas",India,Southern Asia,"ICAR, Dehradun",30.3453,78.0131,Maize,Maize-Cowpea/Wheat,Product Yield,Crop Yield,kg/ha,Intercropping,Intercropping (N fixing mixed),Monoculture,2018.01801801801,171.6446746239442,3.0,2684.68468468468,156.04061329449274,3.0,0.2854,0.0595,33.0,3.0
"MD_Paut,_24_A glo_Sc_644",JA_Ranja_21_Evalu_Ex,"MD_Paut,_24_A glo_Sc",Ranjan et al. 2021,2021,10.1017/S0014479721000053,Ex. Agric.,"Evaluation of maize-based intercropping on runoff, soil loss, and yield in foothills of the Indian sub-Himalayas",India,Southern Asia,"ICAR, Dehradun",30.3453,78.0131,Maize,Maize-Soybean/Wheat,Product Yield,Crop Yield,kg/ha,Intercropping,Intercropping (N fixing mixed),Monoculture,2279.27927927927,78.02030664725504,3.0,2693.69369369369,109.22842930613989,3.0,0.1671,0.0306,18.2,3.0
"MD_Paut,_24_A glo_Sc_645",JA_Ranja_21_Evalu_Ex,"MD_Paut,_24_A glo_Sc",Ranjan et al. 2021,2021,10.1017/S0014479721000053,Ex. Agric.,"Evaluation of maize-based intercropping on runoff, soil loss, and yield in foothills of the Indian sub-Himalayas",India,Southern Asia,"ICAR, Dehradun",30.3453,78.0131,Maize,Maize-Cowpea/Wheat,Product Yield,Crop Yield,kg/ha,Intercropping,Intercropping (N fixing mixed),Monoculture,1639.63963963963,140.43655196505938,3.0,1891.89189189189,62.416245317787016,3.0,0.1431,0.053,15.4,3.0
"MD_Paut,_24_A glo_Sc_646",JA_Ranja_21_Evalu_Ex,"MD_Paut,_24_A glo_Sc",Ranjan et al. 2021,2021,10.1017/S0014479721000053,Ex. Agric.,"Evaluation of maize-based intercropping on runoff, soil loss, and yield in foothills of the Indian sub-Himalayas",India,Southern Asia,"ICAR, Dehradun",30.3453,78.0131,Maize,Maize-Soybean/Wheat,Product Yield,Crop Yield,kg/ha,Intercropping,Intercropping (N fixing mixed),Monoculture,1828.82882882882,156.04061329449354,3.0,1873.87387387387,171.6446746239442,3.0,0.0243,0.0723,2.5,3.0
"MD_Paut,_24_A glo_Sc_647",JA_Ranja_21_Evalu_Ex,"MD_Paut,_24_A glo_Sc",Ranjan et al. 2021,2021,10.1017/S0014479721000053,Ex. Agric.,"Evaluation of maize-based intercropping on runoff, soil loss, and yield in foothills of the Indian sub-Himalayas",India,Southern Asia,"ICAR, Dehradun",30.3453,78.0131,Maize,Maize-Cowpea/Wheat,Product Yield,Crop Yield,kg/ha,Intercropping,Intercropping (N fixing mixed),Monoculture,2117.11711711711,156.04061329449354,3.0,2360.36036036036,171.6446746239442,3.0,0.1088,0.0598,11.5,3.0
"MD_Paut,_24_A glo_Sc_648",JA_Ranja_21_Evalu_Ex,"MD_Paut,_24_A glo_Sc",Ranjan et al. 2021,2021,10.1017/S0014479721000053,Ex. Agric.,"Evaluation of maize-based intercropping on runoff, soil loss, and yield in foothills of the Indian sub-Himalayas",India,Southern Asia,"ICAR, Dehradun",30.3453,78.0131,Maize,Maize-Soybean/Wheat,Product Yield,Crop Yield,kg/ha,Intercropping,Intercropping (N fixing mixed),Monoculture,2657.65765765765,124.83249063560869,3.0,2315.31531531531,156.04061329449354,3.0,-0.1379,0.0474,-12.9,3.0
"MD_Paut,_24_A glo_Sc_649",JA_Ranja_21_Evalu_Ex,"MD_Paut,_24_A glo_Sc",Ranjan et al. 2021,2021,10.1017/S0014479721000053,Ex. Agric.,"Evaluation of maize-based intercropping on runoff, soil loss, and yield in foothills of the Indian sub-Himalayas",India,Southern Asia,"ICAR, Dehradun",30.3453,78.0131,Maize,Maize-Cowpea/Wheat,Product Yield,Crop Yield,kg/ha,Intercropping,Intercropping (N fixing mixed),Monoculture,3070.25082803526,230.44234469789836,3.0,3266.41272079057,301.4127013654938,3.0,0.0619,0.0687,6.4,3.0
"MD_Paut,_24_A glo_Sc_650",JA_Ranja_21_Evalu_Ex,"MD_Paut,_24_A glo_Sc",Ranjan et al. 2021,2021,10.1017/S0014479721000053,Ex. Agric.,"Evaluation of maize-based intercropping on runoff, soil loss, and yield in foothills of the Indian sub-Himalayas",India,Southern Asia,"ICAR, Dehradun",30.3453,78.0131,Maize,Maize-Soybean/Wheat,Product Yield,Crop Yield,kg/ha,Intercropping,Intercropping (N fixing mixed),Monoculture,3306.42953001938,248.0988427837106,3.0,3195.79588535382,318.8813643652814,3.0,-0.034,0.0721,-3.3,3.0
"MD_Paut,_24_A glo_Sc_651",JA_Ranja_21_Evalu_Ex,"MD_Paut,_24_A glo_Sc",Ranjan et al. 2021,2021,10.1017/S0014479721000053,Ex. Agric.,"Evaluation of maize-based intercropping on runoff, soil loss, and yield in foothills of the Indian sub-Himalayas",India,Southern Asia,"ICAR, Dehradun",30.3453,78.0131,Maize,Maize-Cowpea/Wheat,Product Yield,Crop Yield,kg/ha,Intercropping,Intercropping (N fixing mixed),Monoculture,3095.77193672138,301.4127013654938,3.0,3159.05054968889,265.78664671717684,3.0,0.0202,0.0743,2.0,3.0
"MD_Paut,_24_A glo_Sc_652",JA_Ranja_21_Evalu_Ex,"MD_Paut,_24_A glo_Sc",Ranjan et al. 2021,2021,10.1017/S0014479721000053,Ex. Agric.,"Evaluation of maize-based intercropping on runoff, soil loss, and yield in foothills of the Indian sub-Himalayas",India,Southern Asia,"ICAR, Dehradun",30.3453,78.0131,Maize,Maize-Soybean/Wheat,Product Yield,Crop Yield,kg/ha,Intercropping,Intercropping (N fixing mixed),Monoculture,3270.55176745426,266.00578765085623,3.0,3200.85672843606,194.941513440265,3.0,-0.0215,0.0587,-2.1,3.0
"MD_Paut,_24_A glo_Sc_653",JA_Ranja_21_Evalu_Ex,"MD_Paut,_24_A glo_Sc",Ranjan et al. 2021,2021,10.1017/S0014479721000053,Ex. Agric.,"Evaluation of maize-based intercropping on runoff, soil loss, and yield in foothills of the Indian sub-Himalayas",India,Southern Asia,"ICAR, Dehradun",30.3453,78.0131,Maize,Maize-Cowpea/Wheat,Product Yield,Crop Yield,kg/ha,Intercropping,Intercropping (N fixing mixed),Monoculture,3182.78228885665,354.38219562291323,3.0,3000.32082130253,195.22326606930272,3.0,-0.059,0.0745,-5.7,3.0
"MD_Paut,_24_A glo_Sc_654",JA_Ranja_21_Evalu_Ex,"MD_Paut,_24_A glo_Sc",Ranjan et al. 2021,2021,10.1017/S0014479721000053,Ex. Agric.,"Evaluation of maize-based intercropping on runoff, soil loss, and yield in foothills of the Indian sub-Himalayas",India,Southern Asia,"ICAR, Dehradun",30.3453,78.0131,Maize,Maize-Soybean/Wheat,Product Yield,Crop Yield,kg/ha,Intercropping,Intercropping (N fixing mixed),Monoculture,3234.83667484535,212.62931737373123,3.0,2970.84141034852,194.7536783542396,3.0,-0.0851,0.0536,-8.2,3.0
"MD_Paut,_24_A glo_Sc_655",JA_Veera_24_EFFEC_Ap,"MD_Paut,_24_A glo_Sc",Veeramani et al. 2024,2024,10.15666/aeer/2202_11391148,Appl. Ecol. Env. Res.,EFFECT OF DIFFERENT TILLAGE PRACTISES ON CASTOR (RICINUS COMMUNIS L.) CULTIVATION IN LEGUME-BASED INTERCROPPING SYSTEM,India,Southern Asia,"Tapioca and Castor Research Station (TCRS) farm, Tamil Nadu Agricultural University, Yethapur, Tamil Nadu",11.652,78.469,Castor,Castor-Green Gram,Product Yield,Crop Yield,kg/ha,Intercropping,Intercropping (N fixing mixed),Monoculture,1089.0,,3.0,916.0,,3.0,-0.173,,-15.9,2.0
"MD_Paut,_24_A glo_Sc_656",JA_Veera_24_EFFEC_Ap,"MD_Paut,_24_A glo_Sc",Veeramani et al. 2024,2024,10.15666/aeer/2202_11391148,Appl. Ecol. Env. Res.,EFFECT OF DIFFERENT TILLAGE PRACTISES ON CASTOR (RICINUS COMMUNIS L.) CULTIVATION IN LEGUME-BASED INTERCROPPING SYSTEM,India,Southern Asia,"Tapioca and Castor Research Station (TCRS) farm, Tamil Nadu Agricultural University, Yethapur, Tamil Nadu",11.652,78.469,Castor,Castor-Cowpea,Product Yield,Crop Yield,kg/ha,Intercropping,Intercropping (N fixing mixed),Monoculture,1089.0,,3.0,837.0,,3.0,-0.2632,,-23.1,2.0
"MD_Paut,_24_A glo_Sc_657",JA_Veera_24_EFFEC_Ap,"MD_Paut,_24_A glo_Sc",Veeramani et al. 2024,2024,10.15666/aeer/2202_11391148,Appl. Ecol. Env. Res.,EFFECT OF DIFFERENT TILLAGE PRACTISES ON CASTOR (RICINUS COMMUNIS L.) CULTIVATION IN LEGUME-BASED INTERCROPPING SYSTEM,India,Southern Asia,"Tapioca and Castor Research Station (TCRS) farm, Tamil Nadu Agricultural University, Yethapur, Tamil Nadu",11.652,78.469,Castor,Castor-Groundnut,Product Yield,Crop Yield,kg/ha,Intercropping,Intercropping (N fixing mixed),Monoculture,1089.0,,3.0,1018.0,,3.0,-0.0674,,-6.5,2.0
"MD_Paut,_24_A glo_Sc_658",JA_ADHIK_91_STUDI_J,"MD_Paut,_24_A glo_Sc",ADHIKARY et al. 1991,1991,10.1111/j.1439-037X.1991.tb00959.x,J Agronomy Crop Science,STUDIES ON MAIZE-LEGUME INTERCROPPING AND THEIR RESIDUAL EFFECTS ON SOIL FERTILITY STATUS AND SUCCEEDING CROP IN UPLAND SITUATION,India,Southern Asia,Agricultural Experimental Farm of Indian Statistical Institute at Giridih,24.1912,86.3054,Maize,Maize-Groundnut,Product Yield,Crop Yield,t/ha,Intercropping,Intercropping (N fixing mixed),Monoculture,2.46,,,2.0,,,-0.207,,-18.7,2.0
"MD_Paut,_24_A glo_Sc_659",JA_ADHIK_91_STUDI_J,"MD_Paut,_24_A glo_Sc",ADHIKARY et al. 1991,1991,10.1111/j.1439-037X.1991.tb00959.x,J Agronomy Crop Science,STUDIES ON MAIZE-LEGUME INTERCROPPING AND THEIR RESIDUAL EFFECTS ON SOIL FERTILITY STATUS AND SUCCEEDING CROP IN UPLAND SITUATION,India,Southern Asia,Agricultural Experimental Farm of Indian Statistical Institute at Giridih,24.1912,86.3054,Maize,Maize-Cowpea,Product Yield,Crop Yield,t/ha,Intercropping,Intercropping (N fixing mixed),Monoculture,2.46,,,2.14,,,-0.1394,,-13.0,2.0
"MD_Paut,_24_A glo_Sc_660",JA_ADHIK_91_STUDI_J,"MD_Paut,_24_A glo_Sc",ADHIKARY et al. 1991,1991,10.1111/j.1439-037X.1991.tb00959.x,J Agronomy Crop Science,STUDIES ON MAIZE-LEGUME INTERCROPPING AND THEIR RESIDUAL EFFECTS ON SOIL FERTILITY STATUS AND SUCCEEDING CROP IN UPLAND SITUATION,India,Southern Asia,Agricultural Experimental Farm of Indian Statistical Institute at Giridih,24.1912,86.3054,Maize,Maize-Mung Bean,Product Yield,Crop Yield,t/ha,Intercropping,Intercropping (N fixing mixed),Monoculture,2.46,,,2.15,,,-0.1347,,-12.6,2.0
"MD_Paut,_24_A glo_Sc_661",JA_ADHIK_91_STUDI_J,"MD_Paut,_24_A glo_Sc",ADHIKARY et al. 1991,1991,10.1111/j.1439-037X.1991.tb00959.x,J Agronomy Crop Science,STUDIES ON MAIZE-LEGUME INTERCROPPING AND THEIR RESIDUAL EFFECTS ON SOIL FERTILITY STATUS AND SUCCEEDING CROP IN UPLAND SITUATION,India,Southern Asia,Agricultural Experimental Farm of Indian Statistical Institute at Giridih,24.1912,86.3054,Maize,Maize-Soybean,Product Yield,Crop Yield,t/ha,Intercropping,Intercropping (N fixing mixed),Monoculture,2.46,,,1.99,,,-0.212,,-19.1,2.0
"MD_Paut,_24_A glo_Sc_662",JA_ADHIK_91_STUDI_J,"MD_Paut,_24_A glo_Sc",ADHIKARY et al. 1991,1991,10.1111/j.1439-037X.1991.tb00959.x,J Agronomy Crop Science,STUDIES ON MAIZE-LEGUME INTERCROPPING AND THEIR RESIDUAL EFFECTS ON SOIL FERTILITY STATUS AND SUCCEEDING CROP IN UPLAND SITUATION,India,Southern Asia,Agricultural Experimental Farm of Indian Statistical Institute at Giridih,24.1912,86.3054,Maize,Maize-Groundnut,Product Yield,Crop Yield,t/ha,Intercropping,Intercropping (N fixing mixed),Monoculture,2.94,,,2.83,,,-0.0381,,-3.7,2.0
"MD_Paut,_24_A glo_Sc_663",JA_ADHIK_91_STUDI_J,"MD_Paut,_24_A glo_Sc",ADHIKARY et al. 1991,1991,10.1111/j.1439-037X.1991.tb00959.x,J Agronomy Crop Science,STUDIES ON MAIZE-LEGUME INTERCROPPING AND THEIR RESIDUAL EFFECTS ON SOIL FERTILITY STATUS AND SUCCEEDING CROP IN UPLAND SITUATION,India,Southern Asia,Agricultural Experimental Farm of Indian Statistical Institute at Giridih,24.1912,86.3054,Maize,Maize-Cowpea,Product Yield,Crop Yield,t/ha,Intercropping,Intercropping (N fixing mixed),Monoculture,2.94,,,1.48,,,-0.6864,,-49.7,2.0
"MD_Paut,_24_A glo_Sc_664",JA_ADHIK_91_STUDI_J,"MD_Paut,_24_A glo_Sc",ADHIKARY et al. 1991,1991,10.1111/j.1439-037X.1991.tb00959.x,J Agronomy Crop Science,STUDIES ON MAIZE-LEGUME INTERCROPPING AND THEIR RESIDUAL EFFECTS ON SOIL FERTILITY STATUS AND SUCCEEDING CROP IN UPLAND SITUATION,India,Southern Asia,Agricultural Experimental Farm of Indian Statistical Institute at Giridih,24.1912,86.3054,Maize,Maize-Mung Bean,Product Yield,Crop Yield,t/ha,Intercropping,Intercropping (N fixing mixed),Monoculture,2.94,,,2.25,,,-0.2675,,-23.5,2.0
"MD_Paut,_24_A glo_Sc_665",JA_ADHIK_91_STUDI_J,"MD_Paut,_24_A glo_Sc",ADHIKARY et al. 1991,1991,10.1111/j.1439-037X.1991.tb00959.x,J Agronomy Crop Science,STUDIES ON MAIZE-LEGUME INTERCROPPING AND THEIR RESIDUAL EFFECTS ON SOIL FERTILITY STATUS AND SUCCEEDING CROP IN UPLAND SITUATION,India,Southern Asia,Agricultural Experimental Farm of Indian Statistical Institute at Giridih,24.1912,86.3054,Maize,Maize-Soybean,Product Yield,Crop Yield,t/ha,Intercropping,Intercropping (N fixing mixed),Monoculture,2.94,,,1.52,,,-0.6597,,-48.3,2.0
"MD_Paut,_24_A glo_Sc_666",JA_Banik_09_Yield_Jo,"MD_Paut,_24_A glo_Sc",Banik et al. 2009,2009,10.1080/10440040902834970,Journal of Sustainable Agriculture,Yield and Resource Utilization Efficiency in Baby CornLegume-Intercropping System in the Eastern Plateau of India,India,Southern Asia,"Indian Statistical Institute, Giridih",24.025,86.0542,Baby Corn,Baby Corn-Soybean,Product Yield,Crop Yield,kg/ha,Intercropping,Intercropping (N fixing mixed),Monoculture,4983.0,,3.0,4679.0,,3.0,-0.0629,,-6.1,2.0
"MD_Paut,_24_A glo_Sc_667",JA_Banik_09_Yield_Jo,"MD_Paut,_24_A glo_Sc",Banik et al. 2009,2009,10.1080/10440040902834970,Journal of Sustainable Agriculture,Yield and Resource Utilization Efficiency in Baby CornLegume-Intercropping System in the Eastern Plateau of India,India,Southern Asia,"Indian Statistical Institute, Giridih",24.025,86.0542,Baby Corn,Baby Corn-Green Gram,Product Yield,Crop Yield,kg/ha,Intercropping,Intercropping (N fixing mixed),Monoculture,4983.0,,3.0,4559.0,,3.0,-0.0889,,-8.5,2.0
"MD_Paut,_24_A glo_Sc_668",JA_Banik_09_Yield_Jo,"MD_Paut,_24_A glo_Sc",Banik et al. 2009,2009,10.1080/10440040902834970,Journal of Sustainable Agriculture,Yield and Resource Utilization Efficiency in Baby CornLegume-Intercropping System in the Eastern Plateau of India,India,Southern Asia,"Indian Statistical Institute, Giridih",24.025,86.0542,Baby Corn,Baby Corn-Black Gram,Product Yield,Crop Yield,kg/ha,Intercropping,Intercropping (N fixing mixed),Monoculture,4983.0,,3.0,4751.0,,3.0,-0.0477,,-4.7,2.0
"MD_Paut,_24_A glo_Sc_669",JA_Banik_09_Yield_Jo,"MD_Paut,_24_A glo_Sc",Banik et al. 2009,2009,10.1080/10440040902834970,Journal of Sustainable Agriculture,Yield and Resource Utilization Efficiency in Baby CornLegume-Intercropping System in the Eastern Plateau of India,India,Southern Asia,"Indian Statistical Institute, Giridih",24.025,86.0542,Baby Corn,Baby Corn-Groundnut,Product Yield,Crop Yield,kg/ha,Intercropping,Intercropping (N fixing mixed),Monoculture,4983.0,,3.0,4654.0,,3.0,-0.0683,,-6.6,2.0
"MD_Paut,_24_A glo_Sc_670",JA_Banik_09_Yield_Jo,"MD_Paut,_24_A glo_Sc",Banik et al. 2009,2009,10.1080/10440040902834970,Journal of Sustainable Agriculture,Yield and Resource Utilization Efficiency in Baby CornLegume-Intercropping System in the Eastern Plateau of India,India,Southern Asia,"Indian Statistical Institute, Giridih",24.025,86.0542,Baby Corn,Baby Corn-Soybean,Product Yield,Crop Yield,kg/ha,Intercropping,Intercropping (N fixing mixed),Monoculture,4983.0,,3.0,4213.0,,3.0,-0.1679,,-15.5,2.0
"MD_Paut,_24_A glo_Sc_671",JA_Banik_09_Yield_Jo,"MD_Paut,_24_A glo_Sc",Banik et al. 2009,2009,10.1080/10440040902834970,Journal of Sustainable Agriculture,Yield and Resource Utilization Efficiency in Baby CornLegume-Intercropping System in the Eastern Plateau of India,India,Southern Asia,"Indian Statistical Institute, Giridih",24.025,86.0542,Baby Corn,Baby Corn-Green Gram,Product Yield,Crop Yield,kg/ha,Intercropping,Intercropping (N fixing mixed),Monoculture,4983.0,,3.0,4031.0,,3.0,-0.212,,-19.1,2.0
"MD_Paut,_24_A glo_Sc_672",JA_Banik_09_Yield_Jo,"MD_Paut,_24_A glo_Sc",Banik et al. 2009,2009,10.1080/10440040902834970,Journal of Sustainable Agriculture,Yield and Resource Utilization Efficiency in Baby CornLegume-Intercropping System in the Eastern Plateau of India,India,Southern Asia,"Indian Statistical Institute, Giridih",24.025,86.0542,Baby Corn,Baby Corn-Black Gram,Product Yield,Crop Yield,kg/ha,Intercropping,Intercropping (N fixing mixed),Monoculture,4983.0,,3.0,4347.0,,3.0,-0.1365,,-12.8,2.0
"MD_Paut,_24_A glo_Sc_673",JA_Banik_09_Yield_Jo,"MD_Paut,_24_A glo_Sc",Banik et al. 2009,2009,10.1080/10440040902834970,Journal of Sustainable Agriculture,Yield and Resource Utilization Efficiency in Baby CornLegume-Intercropping System in the Eastern Plateau of India,India,Southern Asia,"Indian Statistical Institute, Giridih",24.025,86.0542,Baby Corn,Baby Corn-Groundnut,Product Yield,Crop Yield,kg/ha,Intercropping,Intercropping (N fixing mixed),Monoculture,4983.0,,3.0,4484.0,,3.0,-0.1055,,-10.0,2.0
"MD_Paut,_24_A glo_Sc_674",JA_Banik_09_Yield_Jo,"MD_Paut,_24_A glo_Sc",Banik et al. 2009,2009,10.1080/10440040902834970,Journal of Sustainable Agriculture,Yield and Resource Utilization Efficiency in Baby CornLegume-Intercropping System in the Eastern Plateau of India,India,Southern Asia,"Indian Statistical Institute, Giridih",24.025,86.0542,Baby Corn,Baby Corn-Soybean,Product Yield,Crop Yield,kg/ha,Intercropping,Intercropping (N fixing mixed),Monoculture,5182.0,,3.0,4642.0,,3.0,-0.11,,-10.4,2.0
"MD_Paut,_24_A glo_Sc_675",JA_Banik_09_Yield_Jo,"MD_Paut,_24_A glo_Sc",Banik et al. 2009,2009,10.1080/10440040902834970,Journal of Sustainable Agriculture,Yield and Resource Utilization Efficiency in Baby CornLegume-Intercropping System in the Eastern Plateau of India,India,Southern Asia,"Indian Statistical Institute, Giridih",24.025,86.0542,Baby Corn,Baby Corn-Green Gram,Product Yield,Crop Yield,kg/ha,Intercropping,Intercropping (N fixing mixed),Monoculture,5182.0,,3.0,4943.0,,3.0,-0.0472,,-4.6,2.0
"MD_Paut,_24_A glo_Sc_676",JA_Banik_09_Yield_Jo,"MD_Paut,_24_A glo_Sc",Banik et al. 2009,2009,10.1080/10440040902834970,Journal of Sustainable Agriculture,Yield and Resource Utilization Efficiency in Baby CornLegume-Intercropping System in the Eastern Plateau of India,India,Southern Asia,"Indian Statistical Institute, Giridih",24.025,86.0542,Baby Corn,Baby Corn-Black Gram,Product Yield,Crop Yield,kg/ha,Intercropping,Intercropping (N fixing mixed),Monoculture,5182.0,,3.0,5148.0,,3.0,-0.0066,,-0.7,2.0
"MD_Paut,_24_A glo_Sc_677",JA_Banik_09_Yield_Jo,"MD_Paut,_24_A glo_Sc",Banik et al. 2009,2009,10.1080/10440040902834970,Journal of Sustainable Agriculture,Yield and Resource Utilization Efficiency in Baby CornLegume-Intercropping System in the Eastern Plateau of India,India,Southern Asia,"Indian Statistical Institute, Giridih",24.025,86.0542,Baby Corn,Baby Corn-Groundnut,Product Yield,Crop Yield,kg/ha,Intercropping,Intercropping (N fixing mixed),Monoculture,5182.0,,3.0,4924.0,,3.0,-0.0511,,-5.0,2.0
"MD_Paut,_24_A glo_Sc_678",JA_Banik_09_Yield_Jo,"MD_Paut,_24_A glo_Sc",Banik et al. 2009,2009,10.1080/10440040902834970,Journal of Sustainable Agriculture,Yield and Resource Utilization Efficiency in Baby CornLegume-Intercropping System in the Eastern Plateau of India,India,Southern Asia,"Indian Statistical Institute, Giridih",24.025,86.0542,Baby Corn,Baby Corn-Soybean,Product Yield,Crop Yield,kg/ha,Intercropping,Intercropping (N fixing mixed),Monoculture,5182.0,,3.0,4158.0,,3.0,-0.2202,,-19.8,2.0
"MD_Paut,_24_A glo_Sc_679",JA_Banik_09_Yield_Jo,"MD_Paut,_24_A glo_Sc",Banik et al. 2009,2009,10.1080/10440040902834970,Journal of Sustainable Agriculture,Yield and Resource Utilization Efficiency in Baby CornLegume-Intercropping System in the Eastern Plateau of India,India,Southern Asia,"Indian Statistical Institute, Giridih",24.025,86.0542,Baby Corn,Baby Corn-Green Gram,Product Yield,Crop Yield,kg/ha,Intercropping,Intercropping (N fixing mixed),Monoculture,5182.0,,3.0,3914.0,,3.0,-0.2806,,-24.5,2.0
"MD_Paut,_24_A glo_Sc_680",JA_Banik_09_Yield_Jo,"MD_Paut,_24_A glo_Sc",Banik et al. 2009,2009,10.1080/10440040902834970,Journal of Sustainable Agriculture,Yield and Resource Utilization Efficiency in Baby CornLegume-Intercropping System in the Eastern Plateau of India,India,Southern Asia,"Indian Statistical Institute, Giridih",24.025,86.0542,Baby Corn,Baby Corn-Black Gram,Product Yield,Crop Yield,kg/ha,Intercropping,Intercropping (N fixing mixed),Monoculture,5182.0,,3.0,4318.0,,3.0,-0.1824,,-16.7,2.0
"MD_Paut,_24_A glo_Sc_681",JA_Banik_09_Yield_Jo,"MD_Paut,_24_A glo_Sc",Banik et al. 2009,2009,10.1080/10440040902834970,Journal of Sustainable Agriculture,Yield and Resource Utilization Efficiency in Baby CornLegume-Intercropping System in the Eastern Plateau of India,India,Southern Asia,"Indian Statistical Institute, Giridih",24.025,86.0542,Baby Corn,Baby Corn-Groundnut,Product Yield,Crop Yield,kg/ha,Intercropping,Intercropping (N fixing mixed),Monoculture,5182.0,,3.0,4521.0,,3.0,-0.1365,,-12.8,2.0
"MD_Paut,_24_A glo_Sc_682",JA_Banti_15_Deter_Ho,"MD_Paut,_24_A glo_Sc",Bantie et al. 2015,2015,10.4172/2376-0354.1000137,Horticulture,Determination of Effective Spatial Arrangement for Intercropping of Maize (Zea mays L.) and Potato (Solanum tuberosum L.) Using Competition Indices Ethiopia,Ethiopia,Eastern Africa,Combolcha Agricultural technical Vocational Education and Training College (TVET),11.0861,39.7282,Maize,Maize-Potato,Product Yield,Crop Yield,t/ha,Intercropping,Intercropping (Non N fixing),Monoculture,4.2,,3.0,4.1,,3.0,-0.0241,,-2.4,1.0
"MD_Paut,_24_A glo_Sc_683",JA_Banti_15_Deter_Ho,"MD_Paut,_24_A glo_Sc",Bantie et al. 2015,2015,10.4172/2376-0354.1000137,Horticulture,Determination of Effective Spatial Arrangement for Intercropping of Maize (Zea mays L.) and Potato (Solanum tuberosum L.) Using Competition Indices Ethiopia,Ethiopia,Eastern Africa,Combolcha Agricultural technical Vocational Education and Training College (TVET),11.0861,39.7282,Maize,Maize-Potato,Product Yield,Crop Yield,t/ha,Intercropping,Intercropping (Non N fixing),Monoculture,4.2,,3.0,2.1,,3.0,-0.6931,,-50.0,1.0
"MD_Paut,_24_A glo_Sc_684",JA_Banti_15_Deter_Ho,"MD_Paut,_24_A glo_Sc",Bantie et al. 2015,2015,10.4172/2376-0354.1000137,Horticulture,Determination of Effective Spatial Arrangement for Intercropping of Maize (Zea mays L.) and Potato (Solanum tuberosum L.) Using Competition Indices Ethiopia,Ethiopia,Eastern Africa,Combolcha Agricultural technical Vocational Education and Training College (TVET),11.0861,39.7282,Maize,Maize-Potato,Product Yield,Crop Yield,t/ha,Intercropping,Intercropping (Non N fixing),Monoculture,4.2,,3.0,1.6,,3.0,-0.9651,,-61.9,1.0
"MD_Paut,_24_A glo_Sc_685",JA_Banti_15_Deter_Ho,"MD_Paut,_24_A glo_Sc",Bantie et al. 2015,2015,10.4172/2376-0354.1000137,Horticulture,Determination of Effective Spatial Arrangement for Intercropping of Maize (Zea mays L.) and Potato (Solanum tuberosum L.) Using Competition Indices Ethiopia,Ethiopia,Eastern Africa,Combolcha Agricultural technical Vocational Education and Training College (TVET),11.0861,39.7282,Maize,Maize-Potato,Product Yield,Crop Yield,t/ha,Intercropping,Intercropping (Non N fixing),Monoculture,4.2,,3.0,2.6,,3.0,-0.4796,,-38.1,1.0
"MD_Paut,_24_A glo_Sc_686",JA_Banti_15_Deter_Ho,"MD_Paut,_24_A glo_Sc",Bantie et al. 2015,2015,10.4172/2376-0354.1000137,Horticulture,Determination of Effective Spatial Arrangement for Intercropping of Maize (Zea mays L.) and Potato (Solanum tuberosum L.) Using Competition Indices Ethiopia,Ethiopia,Eastern Africa,Combolcha Agricultural technical Vocational Education and Training College (TVET),11.0861,39.7282,Maize,Maize-Potato,Product Yield,Crop Yield,t/ha,Intercropping,Intercropping (Non N fixing),Monoculture,4.2,,3.0,1.9,,3.0,-0.7932,,-54.8,1.0
"MD_Paut,_24_A glo_Sc_687",JA_Banti_15_Deter_Ho,"MD_Paut,_24_A glo_Sc",Bantie et al. 2015,2015,10.4172/2376-0354.1000137,Horticulture,Determination of Effective Spatial Arrangement for Intercropping of Maize (Zea mays L.) and Potato (Solanum tuberosum L.) Using Competition Indices Ethiopia,Ethiopia,Eastern Africa,Combolcha Agricultural technical Vocational Education and Training College (TVET),11.0861,39.7282,Maize,Maize-Potato,Product Yield,Crop Yield,t/ha,Intercropping,Intercropping (Non N fixing),Monoculture,4.2,,3.0,2.3,,3.0,-0.6022,,-45.2,1.0
"MD_Paut,_24_A glo_Sc_688",JA_Banti_15_Deter_Ho,"MD_Paut,_24_A glo_Sc",Bantie et al. 2015,2015,10.4172/2376-0354.1000137,Horticulture,Determination of Effective Spatial Arrangement for Intercropping of Maize (Zea mays L.) and Potato (Solanum tuberosum L.) Using Competition Indices Ethiopia,Ethiopia,Eastern Africa,Combolcha Agricultural technical Vocational Education and Training College (TVET),11.0861,39.7282,Maize,Maize-Potato,Product Yield,Crop Yield,t/ha,Intercropping,Intercropping (Non N fixing),Monoculture,4.23,,3.0,4.1,,3.0,-0.0312,,-3.1,1.0
"MD_Paut,_24_A glo_Sc_689",JA_Banti_15_Deter_Ho,"MD_Paut,_24_A glo_Sc",Bantie et al. 2015,2015,10.4172/2376-0354.1000137,Horticulture,Determination of Effective Spatial Arrangement for Intercropping of Maize (Zea mays L.) and Potato (Solanum tuberosum L.) Using Competition Indices Ethiopia,Ethiopia,Eastern Africa,Combolcha Agricultural technical Vocational Education and Training College (TVET),11.0861,39.7282,Maize,Maize-Potato,Product Yield,Crop Yield,t/ha,Intercropping,Intercropping (Non N fixing),Monoculture,4.23,,3.0,2.06,,3.0,-0.7195,,-51.3,1.0
"MD_Paut,_24_A glo_Sc_690",JA_Banti_15_Deter_Ho,"MD_Paut,_24_A glo_Sc",Bantie et al. 2015,2015,10.4172/2376-0354.1000137,Horticulture,Determination of Effective Spatial Arrangement for Intercropping of Maize (Zea mays L.) and Potato (Solanum tuberosum L.) Using Competition Indices Ethiopia,Ethiopia,Eastern Africa,Combolcha Agricultural technical Vocational Education and Training College (TVET),11.0861,39.7282,Maize,Maize-Potato,Product Yield,Crop Yield,t/ha,Intercropping,Intercropping (Non N fixing),Monoculture,4.23,,3.0,1.72,,3.0,-0.8999,,-59.3,1.0
"MD_Paut,_24_A glo_Sc_691",JA_Banti_15_Deter_Ho,"MD_Paut,_24_A glo_Sc",Bantie et al. 2015,2015,10.4172/2376-0354.1000137,Horticulture,Determination of Effective Spatial Arrangement for Intercropping of Maize (Zea mays L.) and Potato (Solanum tuberosum L.) Using Competition Indices Ethiopia,Ethiopia,Eastern Africa,Combolcha Agricultural technical Vocational Education and Training College (TVET),11.0861,39.7282,Maize,Maize-Potato,Product Yield,Crop Yield,t/ha,Intercropping,Intercropping (Non N fixing),Monoculture,4.23,,3.0,2.5,,3.0,-0.5259,,-40.9,1.0
"MD_Paut,_24_A glo_Sc_692",JA_Banti_15_Deter_Ho,"MD_Paut,_24_A glo_Sc",Bantie et al. 2015,2015,10.4172/2376-0354.1000137,Horticulture,Determination of Effective Spatial Arrangement for Intercropping of Maize (Zea mays L.) and Potato (Solanum tuberosum L.) Using Competition Indices Ethiopia,Ethiopia,Eastern Africa,Combolcha Agricultural technical Vocational Education and Training College (TVET),11.0861,39.7282,Maize,Maize-Potato,Product Yield,Crop Yield,t/ha,Intercropping,Intercropping (Non N fixing),Monoculture,4.23,,3.0,1.8,,3.0,-0.8544,,-57.4,1.0
"MD_Paut,_24_A glo_Sc_693",JA_Banti_15_Deter_Ho,"MD_Paut,_24_A glo_Sc",Bantie et al. 2015,2015,10.4172/2376-0354.1000137,Horticulture,Determination of Effective Spatial Arrangement for Intercropping of Maize (Zea mays L.) and Potato (Solanum tuberosum L.) Using Competition Indices Ethiopia,Ethiopia,Eastern Africa,Combolcha Agricultural technical Vocational Education and Training College (TVET),11.0861,39.7282,Maize,Maize-Potato,Product Yield,Crop Yield,t/ha,Intercropping,Intercropping (Non N fixing),Monoculture,4.23,,3.0,2.27,,3.0,-0.6224,,-46.3,1.0
"MD_Paut,_24_A glo_Sc_694",JA_Biswa_22_Agrof_Jo,"MD_Paut,_24_A glo_Sc",Biswas et al. 2022,2022,10.1016/j.jclepro.2022.132768,Journal of Cleaner Production,Agroforestry offers multiple ecosystem services in degraded lateritic soils,India,Southern Asia,"Regional Research Station, Jhargram, West Bengal",22.75,87.0167,Gmelina arborea,Gmelina arborea-Mango,Product Yield,Crop Yield,m3/ha/yr..t/ha/yr,Agroforestry,Alleycropping + Agroforestry (low diversity) + Agroforestry (moderate shaded),Timber plantation,4.39,,3.0,2.76,,3.0,-0.4641,,-37.1,10.0
"MD_Paut,_24_A glo_Sc_695",JA_Biswa_22_Agrof_Jo,"MD_Paut,_24_A glo_Sc",Biswas et al. 2022,2022,10.1016/j.jclepro.2022.132768,Journal of Cleaner Production,Agroforestry offers multiple ecosystem services in degraded lateritic soils,India,Southern Asia,"Regional Research Station, Jhargram, West Bengal",22.75,87.0167,Gmelina arborea,Gmelina arborea-Pigeon Pea,Product Yield,Crop Yield,m3/ha/yr..t/ha/yr,Agroforestry,Alleycropping + Agroforestry (low diversity) + Agroforestry (moderate shaded),Timber plantation,4.39,,3.0,4.64,,3.0,0.0554,,5.7,10.0
"MD_Paut,_24_A glo_Sc_696",JA_Biswa_22_Agrof_Jo,"MD_Paut,_24_A glo_Sc",Biswas et al. 2022,2022,10.1016/j.jclepro.2022.132768,Journal of Cleaner Production,Agroforestry offers multiple ecosystem services in degraded lateritic soils,India,Southern Asia,"Regional Research Station, Jhargram, West Bengal",22.75,87.0167,Gmelina arborea,Gmelina arborea-Mango-Pigeon Pea,Product Yield,Crop Yield,m3/ha/yr..t/ha/yr,Agroforestry,Alleycropping + Agroforestry (low diversity) + Agroforestry (moderate shaded),Timber plantation,4.39,,3.0,2.9,,3.0,-0.4146,,-33.9,10.0
"MD_Paut,_24_A glo_Sc_697",JA_Choud_14_Produ_Pl,"MD_Paut,_24_A glo_Sc",Choudhary et al. 2014,2014,10.1626/pps.17.342,Plant Production Science,"Productivity, weed dynamics, nutrient mining, and monetary advantage of maize-legume intercropping in the eastern himalayan region of india",India,Southern Asia,"Research Farm of the Indian Council of Agricultural Research, Research Complex for North East Hilly Region, Basar, Arunachal Pradesh",27.9802,94.6912,Maize,Maize-Cowpea,Product Yield,Crop Yield,kg/ha,Intercropping,Intercropping (N fixing mixed),Monoculture,4468.0,,3.0,4285.0,,3.0,-0.0418,,-4.1,2.0
"MD_Paut,_24_A glo_Sc_698",JA_Choud_14_Produ_Pl,"MD_Paut,_24_A glo_Sc",Choudhary et al. 2014,2014,10.1626/pps.17.342,Plant Production Science,"Productivity, weed dynamics, nutrient mining, and monetary advantage of maize-legume intercropping in the eastern himalayan region of india",India,Southern Asia,"Research Farm of the Indian Council of Agricultural Research, Research Complex for North East Hilly Region, Basar, Arunachal Pradesh",27.9802,94.6912,Maize,Maize-Cowpea,Product Yield,Crop Yield,kg/ha,Intercropping,Intercropping (N fixing mixed),Monoculture,4468.0,,3.0,4170.0,,3.0,-0.069,,-6.7,2.0
"MD_Paut,_24_A glo_Sc_699",JA_Choud_14_Produ_Pl,"MD_Paut,_24_A glo_Sc",Choudhary et al. 2014,2014,10.1626/pps.17.342,Plant Production Science,"Productivity, weed dynamics, nutrient mining, and monetary advantage of maize-legume intercropping in the eastern himalayan region of india",India,Southern Asia,"Research Farm of the Indian Council of Agricultural Research, Research Complex for North East Hilly Region, Basar, Arunachal Pradesh",27.9802,94.6912,Maize,Maize-Cowpea,Product Yield,Crop Yield,kg/ha,Intercropping,Intercropping (N fixing mixed),Monoculture,4468.0,,3.0,2252.0,,3.0,-0.6851,,-49.6,2.0
"MD_Paut,_24_A glo_Sc_700",JA_Choud_14_Produ_Pl,"MD_Paut,_24_A glo_Sc",Choudhary et al. 2014,2014,10.1626/pps.17.342,Plant Production Science,"Productivity, weed dynamics, nutrient mining, and monetary advantage of maize-legume intercropping in the eastern himalayan region of india",India,Southern Asia,"Research Farm of the Indian Council of Agricultural Research, Research Complex for North East Hilly Region, Basar, Arunachal Pradesh",27.9802,94.6912,Maize,Maize-Common Bean,Product Yield,Crop Yield,kg/ha,Intercropping,Intercropping (N fixing mixed),Monoculture,4468.0,,3.0,4115.0,,3.0,-0.0823,,-7.9,2.0
"MD_Paut,_24_A glo_Sc_701",JA_Choud_14_Produ_Pl,"MD_Paut,_24_A glo_Sc",Choudhary et al. 2014,2014,10.1626/pps.17.342,Plant Production Science,"Productivity, weed dynamics, nutrient mining, and monetary advantage of maize-legume intercropping in the eastern himalayan region of india",India,Southern Asia,"Research Farm of the Indian Council of Agricultural Research, Research Complex for North East Hilly Region, Basar, Arunachal Pradesh",27.9802,94.6912,Maize,Maize-Common Bean,Product Yield,Crop Yield,kg/ha,Intercropping,Intercropping (N fixing mixed),Monoculture,4468.0,,3.0,3842.0,,3.0,-0.1509,,-14.0,2.0
"MD_Paut,_24_A glo_Sc_702",JA_Choud_14_Produ_Pl,"MD_Paut,_24_A glo_Sc",Choudhary et al. 2014,2014,10.1626/pps.17.342,Plant Production Science,"Productivity, weed dynamics, nutrient mining, and monetary advantage of maize-legume intercropping in the eastern himalayan region of india",India,Southern Asia,"Research Farm of the Indian Council of Agricultural Research, Research Complex for North East Hilly Region, Basar, Arunachal Pradesh",27.9802,94.6912,Maize,Maize-Common Bean,Product Yield,Crop Yield,kg/ha,Intercropping,Intercropping (N fixing mixed),Monoculture,4468.0,,3.0,2267.0,,3.0,-0.6785,,-49.3,2.0
"MD_Paut,_24_A glo_Sc_703",JA_Choud_14_Produ_Pl,"MD_Paut,_24_A glo_Sc",Choudhary et al. 2014,2014,10.1626/pps.17.342,Plant Production Science,"Productivity, weed dynamics, nutrient mining, and monetary advantage of maize-legume intercropping in the eastern himalayan region of india",India,Southern Asia,"Research Farm of the Indian Council of Agricultural Research, Research Complex for North East Hilly Region, Basar, Arunachal Pradesh",27.9802,94.6912,Maize,Maize-Black Gram,Product Yield,Crop Yield,kg/ha,Intercropping,Intercropping (N fixing mixed),Monoculture,4468.0,,3.0,4138.0,,3.0,-0.0767,,-7.4,2.0
"MD_Paut,_24_A glo_Sc_704",JA_Choud_14_Produ_Pl,"MD_Paut,_24_A glo_Sc",Choudhary et al. 2014,2014,10.1626/pps.17.342,Plant Production Science,"Productivity, weed dynamics, nutrient mining, and monetary advantage of maize-legume intercropping in the eastern himalayan region of india",India,Southern Asia,"Research Farm of the Indian Council of Agricultural Research, Research Complex for North East Hilly Region, Basar, Arunachal Pradesh",27.9802,94.6912,Maize,Maize-Black Gram,Product Yield,Crop Yield,kg/ha,Intercropping,Intercropping (N fixing mixed),Monoculture,4468.0,,3.0,3733.0,,3.0,-0.1797,,-16.5,2.0
"MD_Paut,_24_A glo_Sc_705",JA_Choud_14_Produ_Pl,"MD_Paut,_24_A glo_Sc",Choudhary et al. 2014,2014,10.1626/pps.17.342,Plant Production Science,"Productivity, weed dynamics, nutrient mining, and monetary advantage of maize-legume intercropping in the eastern himalayan region of india",India,Southern Asia,"Research Farm of the Indian Council of Agricultural Research, Research Complex for North East Hilly Region, Basar, Arunachal Pradesh",27.9802,94.6912,Maize,Maize-Black Gram,Product Yield,Crop Yield,kg/ha,Intercropping,Intercropping (N fixing mixed),Monoculture,4468.0,,3.0,2148.0,,3.0,-0.7324,,-51.9,2.0
"MD_Paut,_24_A glo_Sc_706",JA_Choud_14_Produ_Pl,"MD_Paut,_24_A glo_Sc",Choudhary et al. 2014,2014,10.1626/pps.17.342,Plant Production Science,"Productivity, weed dynamics, nutrient mining, and monetary advantage of maize-legume intercropping in the eastern himalayan region of india",India,Southern Asia,"Research Farm of the Indian Council of Agricultural Research, Research Complex for North East Hilly Region, Basar, Arunachal Pradesh",27.9802,94.6912,Maize,Maize-Cowpea,Product Yield,Crop Yield,kg/ha,Intercropping,Intercropping (N fixing mixed),Monoculture,4800.0,,3.0,4650.0,,3.0,-0.0317,,-3.1,2.0
"MD_Paut,_24_A glo_Sc_707",JA_Choud_14_Produ_Pl,"MD_Paut,_24_A glo_Sc",Choudhary et al. 2014,2014,10.1626/pps.17.342,Plant Production Science,"Productivity, weed dynamics, nutrient mining, and monetary advantage of maize-legume intercropping in the eastern himalayan region of india",India,Southern Asia,"Research Farm of the Indian Council of Agricultural Research, Research Complex for North East Hilly Region, Basar, Arunachal Pradesh",27.9802,94.6912,Maize,Maize-Cowpea,Product Yield,Crop Yield,kg/ha,Intercropping,Intercropping (N fixing mixed),Monoculture,4800.0,,3.0,4583.0,,3.0,-0.0463,,-4.5,2.0
"MD_Paut,_24_A glo_Sc_708",JA_Choud_14_Produ_Pl,"MD_Paut,_24_A glo_Sc",Choudhary et al. 2014,2014,10.1626/pps.17.342,Plant Production Science,"Productivity, weed dynamics, nutrient mining, and monetary advantage of maize-legume intercropping in the eastern himalayan region of india",India,Southern Asia,"Research Farm of the Indian Council of Agricultural Research, Research Complex for North East Hilly Region, Basar, Arunachal Pradesh",27.9802,94.6912,Maize,Maize-Cowpea,Product Yield,Crop Yield,kg/ha,Intercropping,Intercropping (N fixing mixed),Monoculture,4800.0,,3.0,2800.0,,3.0,-0.539,,-41.7,2.0
"MD_Paut,_24_A glo_Sc_709",JA_Choud_14_Produ_Pl,"MD_Paut,_24_A glo_Sc",Choudhary et al. 2014,2014,10.1626/pps.17.342,Plant Production Science,"Productivity, weed dynamics, nutrient mining, and monetary advantage of maize-legume intercropping in the eastern himalayan region of india",India,Southern Asia,"Research Farm of the Indian Council of Agricultural Research, Research Complex for North East Hilly Region, Basar, Arunachal Pradesh",27.9802,94.6912,Maize,Maize-Common Bean,Product Yield,Crop Yield,kg/ha,Intercropping,Intercropping (N fixing mixed),Monoculture,4800.0,,3.0,4267.0,,3.0,-0.1177,,-11.1,2.0
"MD_Paut,_24_A glo_Sc_710",JA_Choud_14_Produ_Pl,"MD_Paut,_24_A glo_Sc",Choudhary et al. 2014,2014,10.1626/pps.17.342,Plant Production Science,"Productivity, weed dynamics, nutrient mining, and monetary advantage of maize-legume intercropping in the eastern himalayan region of india",India,Southern Asia,"Research Farm of the Indian Council of Agricultural Research, Research Complex for North East Hilly Region, Basar, Arunachal Pradesh",27.9802,94.6912,Maize,Maize-Common Bean,Product Yield,Crop Yield,kg/ha,Intercropping,Intercropping (N fixing mixed),Monoculture,4800.0,,3.0,4567.0,,3.0,-0.0498,,-4.9,2.0
"MD_Paut,_24_A glo_Sc_711",JA_Choud_14_Produ_Pl,"MD_Paut,_24_A glo_Sc",Choudhary et al. 2014,2014,10.1626/pps.17.342,Plant Production Science,"Productivity, weed dynamics, nutrient mining, and monetary advantage of maize-legume intercropping in the eastern himalayan region of india",India,Southern Asia,"Research Farm of the Indian Council of Agricultural Research, Research Complex for North East Hilly Region, Basar, Arunachal Pradesh",27.9802,94.6912,Maize,Maize-Common Bean,Product Yield,Crop Yield,kg/ha,Intercropping,Intercropping (N fixing mixed),Monoculture,4800.0,,3.0,2700.0,,3.0,-0.5754,,-43.8,2.0
"MD_Paut,_24_A glo_Sc_712",JA_Choud_14_Produ_Pl,"MD_Paut,_24_A glo_Sc",Choudhary et al. 2014,2014,10.1626/pps.17.342,Plant Production Science,"Productivity, weed dynamics, nutrient mining, and monetary advantage of maize-legume intercropping in the eastern himalayan region of india",India,Southern Asia,"Research Farm of the Indian Council of Agricultural Research, Research Complex for North East Hilly Region, Basar, Arunachal Pradesh",27.9802,94.6912,Maize,Maize-Black Gram,Product Yield,Crop Yield,kg/ha,Intercropping,Intercropping (N fixing mixed),Monoculture,4800.0,,3.0,4485.0,,3.0,-0.0679,,-6.6,2.0
"MD_Paut,_24_A glo_Sc_713",JA_Choud_14_Produ_Pl,"MD_Paut,_24_A glo_Sc",Choudhary et al. 2014,2014,10.1626/pps.17.342,Plant Production Science,"Productivity, weed dynamics, nutrient mining, and monetary advantage of maize-legume intercropping in the eastern himalayan region of india",India,Southern Asia,"Research Farm of the Indian Council of Agricultural Research, Research Complex for North East Hilly Region, Basar, Arunachal Pradesh",27.9802,94.6912,Maize,Maize-Black Gram,Product Yield,Crop Yield,kg/ha,Intercropping,Intercropping (N fixing mixed),Monoculture,4800.0,,3.0,4600.0,,3.0,-0.0426,,-4.2,2.0
"MD_Paut,_24_A glo_Sc_714",JA_Choud_14_Produ_Pl,"MD_Paut,_24_A glo_Sc",Choudhary et al. 2014,2014,10.1626/pps.17.342,Plant Production Science,"Productivity, weed dynamics, nutrient mining, and monetary advantage of maize-legume intercropping in the eastern himalayan region of india",India,Southern Asia,"Research Farm of the Indian Council of Agricultural Research, Research Complex for North East Hilly Region, Basar, Arunachal Pradesh",27.9802,94.6912,Maize,Maize-Black Gram,Product Yield,Crop Yield,kg/ha,Intercropping,Intercropping (N fixing mixed),Monoculture,4800.0,,3.0,2700.0,,3.0,-0.5754,,-43.8,2.0
"MD_Paut,_24_A glo_Sc_715",JA_Choud_16_Resou_Cr,"MD_Paut,_24_A glo_Sc",Choudhary et al. 2016,2016,10.1071/CP15233,Crop and Pasture Science,Resource-use maximisation through legume intercropping with maize in the eastern Himalayan region of India,India,Southern Asia,"Research Farm of the Indian Council of Agricultural Research, Research Complex for North East Hilly Region, Basar, Arunachal Pradesh",27.9802,94.6912,Maize,Maize-Soybean,Product Yield,Crop Yield,kg/ha,Intercropping,Intercropping (N fixing mixed),Monoculture,3998.4,,3.0,3748.7,,3.0,-0.0645,,-6.2,2.0
"MD_Paut,_24_A glo_Sc_716",JA_Choud_16_Resou_Cr,"MD_Paut,_24_A glo_Sc",Choudhary et al. 2016,2016,10.1071/CP15233,Crop and Pasture Science,Resource-use maximisation through legume intercropping with maize in the eastern Himalayan region of India,India,Southern Asia,"Research Farm of the Indian Council of Agricultural Research, Research Complex for North East Hilly Region, Basar, Arunachal Pradesh",27.9802,94.6912,Maize,Maize-Soybean,Product Yield,Crop Yield,kg/ha,Intercropping,Intercropping (N fixing mixed),Monoculture,3998.4,,3.0,3910.0,,3.0,-0.0224,,-2.2,2.0
"MD_Paut,_24_A glo_Sc_717",JA_Choud_16_Resou_Cr,"MD_Paut,_24_A glo_Sc",Choudhary et al. 2016,2016,10.1071/CP15233,Crop and Pasture Science,Resource-use maximisation through legume intercropping with maize in the eastern Himalayan region of India,India,Southern Asia,"Research Farm of the Indian Council of Agricultural Research, Research Complex for North East Hilly Region, Basar, Arunachal Pradesh",27.9802,94.6912,Maize,Maize-Soybean,Product Yield,Crop Yield,kg/ha,Intercropping,Intercropping (N fixing mixed),Monoculture,3998.4,,3.0,2434.2,,3.0,-0.4963,,-39.1,2.0
"MD_Paut,_24_A glo_Sc_718",JA_Choud_16_Resou_Cr,"MD_Paut,_24_A glo_Sc",Choudhary et al. 2016,2016,10.1071/CP15233,Crop and Pasture Science,Resource-use maximisation through legume intercropping with maize in the eastern Himalayan region of India,India,Southern Asia,"Research Farm of the Indian Council of Agricultural Research, Research Complex for North East Hilly Region, Basar, Arunachal Pradesh",27.9802,94.6912,Maize,Maize-Groundnut,Product Yield,Crop Yield,kg/ha,Intercropping,Intercropping (N fixing mixed),Monoculture,3998.4,,3.0,3515.8,,3.0,-0.1286,,-12.1,2.0
"MD_Paut,_24_A glo_Sc_719",JA_Choud_16_Resou_Cr,"MD_Paut,_24_A glo_Sc",Choudhary et al. 2016,2016,10.1071/CP15233,Crop and Pasture Science,Resource-use maximisation through legume intercropping with maize in the eastern Himalayan region of India,India,Southern Asia,"Research Farm of the Indian Council of Agricultural Research, Research Complex for North East Hilly Region, Basar, Arunachal Pradesh",27.9802,94.6912,Maize,Maize-Groundnut,Product Yield,Crop Yield,kg/ha,Intercropping,Intercropping (N fixing mixed),Monoculture,3998.4,,3.0,3744.5,,3.0,-0.0656,,-6.4,2.0
"MD_Paut,_24_A glo_Sc_720",JA_Choud_16_Resou_Cr,"MD_Paut,_24_A glo_Sc",Choudhary et al. 2016,2016,10.1071/CP15233,Crop and Pasture Science,Resource-use maximisation through legume intercropping with maize in the eastern Himalayan region of India,India,Southern Asia,"Research Farm of the Indian Council of Agricultural Research, Research Complex for North East Hilly Region, Basar, Arunachal Pradesh",27.9802,94.6912,Maize,Maize-Groundnut,Product Yield,Crop Yield,kg/ha,Intercropping,Intercropping (N fixing mixed),Monoculture,3998.4,,3.0,2300.5,,3.0,-0.5528,,-42.5,2.0
"MD_Paut,_24_A glo_Sc_721","JA_Dua, _17_Effec_LR","MD_Paut,_24_A glo_Sc",Dua et al. 2017,2017,10.18805/lr.v0i0.7841,LR,"Effect of nitrogen application to intercrops on yield, competition, nutrient use efficiency and economics in potato (Solanum Tuberosum L.) plus French bean (Phaseolus Vulgaris L.) system in north-western hills of India",India,Southern Asia,"CPRI Experimental Farm, Shimla (H.P)",31.0964,77.1717,Potato,Potato-Common Bean,Product Yield,Crop Yield,q/ha,Intercropping,Intercropping (N fixing mixed),Monoculture,176.6,,11.0,134.4,,11.0,-0.2731,,-23.9,3.0
"MD_Paut,_24_A glo_Sc_722","JA_Dua, _17_Effec_LR","MD_Paut,_24_A glo_Sc",Dua et al. 2017,2017,10.18805/lr.v0i0.7841,LR,"Effect of nitrogen application to intercrops on yield, competition, nutrient use efficiency and economics in potato (Solanum Tuberosum L.) plus French bean (Phaseolus Vulgaris L.) system in north-western hills of India",India,Southern Asia,"CPRI Experimental Farm, Shimla (H.P)",31.0964,77.1717,Potato,Potato-Common Bean,Product Yield,Crop Yield,q/ha,Intercropping,Intercropping (N fixing mixed),Monoculture,176.6,,11.0,121.9,,11.0,-0.3707,,-31.0,3.0
"MD_Paut,_24_A glo_Sc_723","JA_Dua, _17_Effec_LR","MD_Paut,_24_A glo_Sc",Dua et al. 2017,2017,10.18805/lr.v0i0.7841,LR,"Effect of nitrogen application to intercrops on yield, competition, nutrient use efficiency and economics in potato (Solanum Tuberosum L.) plus French bean (Phaseolus Vulgaris L.) system in north-western hills of India",India,Southern Asia,"CPRI Experimental Farm, Shimla (H.P)",31.0964,77.1717,Potato,Potato-Common Bean,Product Yield,Crop Yield,q/ha,Intercropping,Intercropping (N fixing mixed),Monoculture,176.6,,11.0,129.7,,11.0,-0.3087,,-26.6,3.0
"MD_Paut,_24_A glo_Sc_724","JA_Dua, _17_Effec_LR","MD_Paut,_24_A glo_Sc",Dua et al. 2017,2017,10.18805/lr.v0i0.7841,LR,"Effect of nitrogen application to intercrops on yield, competition, nutrient use efficiency and economics in potato (Solanum Tuberosum L.) plus French bean (Phaseolus Vulgaris L.) system in north-western hills of India",India,Southern Asia,"CPRI Experimental Farm, Shimla (H.P)",31.0964,77.1717,Potato,Potato-Common Bean,Product Yield,Crop Yield,q/ha,Intercropping,Intercropping (N fixing mixed),Monoculture,176.6,,11.0,132.8,,11.0,-0.285,,-24.8,3.0
"MD_Paut,_24_A glo_Sc_725","JA_Dua, _17_Effec_LR","MD_Paut,_24_A glo_Sc",Dua et al. 2017,2017,10.18805/lr.v0i0.7841,LR,"Effect of nitrogen application to intercrops on yield, competition, nutrient use efficiency and economics in potato (Solanum Tuberosum L.) plus French bean (Phaseolus Vulgaris L.) system in north-western hills of India",India,Southern Asia,"CPRI Experimental Farm, Shimla (H.P)",31.0964,77.1717,Potato,Potato-Common Bean,Product Yield,Crop Yield,q/ha,Intercropping,Intercropping (N fixing mixed),Monoculture,176.6,,11.0,126.6,,11.0,-0.3329,,-28.3,3.0
"MD_Paut,_24_A glo_Sc_726","JA_Dua, _17_Effec_LR","MD_Paut,_24_A glo_Sc",Dua et al. 2017,2017,10.18805/lr.v0i0.7841,LR,"Effect of nitrogen application to intercrops on yield, competition, nutrient use efficiency and economics in potato (Solanum Tuberosum L.) plus French bean (Phaseolus Vulgaris L.) system in north-western hills of India",India,Southern Asia,"CPRI Experimental Farm, Shimla (H.P)",31.0964,77.1717,Potato,Potato-Common Bean,Product Yield,Crop Yield,q/ha,Intercropping,Intercropping (N fixing mixed),Monoculture,218.8,,11.0,134.4,,11.0,-0.4873,,-38.6,3.0
"MD_Paut,_24_A glo_Sc_727","JA_Dua, _17_Effec_LR","MD_Paut,_24_A glo_Sc",Dua et al. 2017,2017,10.18805/lr.v0i0.7841,LR,"Effect of nitrogen application to intercrops on yield, competition, nutrient use efficiency and economics in potato (Solanum Tuberosum L.) plus French bean (Phaseolus Vulgaris L.) system in north-western hills of India",India,Southern Asia,"CPRI Experimental Farm, Shimla (H.P)",31.0964,77.1717,Potato,Potato-Common Bean,Product Yield,Crop Yield,q/ha,Intercropping,Intercropping (N fixing mixed),Monoculture,218.8,,11.0,121.9,,11.0,-0.585,,-44.3,3.0
"MD_Paut,_24_A glo_Sc_728","JA_Dua, _17_Effec_LR","MD_Paut,_24_A glo_Sc",Dua et al. 2017,2017,10.18805/lr.v0i0.7841,LR,"Effect of nitrogen application to intercrops on yield, competition, nutrient use efficiency and economics in potato (Solanum Tuberosum L.) plus French bean (Phaseolus Vulgaris L.) system in north-western hills of India",India,Southern Asia,"CPRI Experimental Farm, Shimla (H.P)",31.0964,77.1717,Potato,Potato-Common Bean,Product Yield,Crop Yield,q/ha,Intercropping,Intercropping (N fixing mixed),Monoculture,218.8,,11.0,129.7,,11.0,-0.5229,,-40.7,3.0
"MD_Paut,_24_A glo_Sc_729","JA_Dua, _17_Effec_LR","MD_Paut,_24_A glo_Sc",Dua et al. 2017,2017,10.18805/lr.v0i0.7841,LR,"Effect of nitrogen application to intercrops on yield, competition, nutrient use efficiency and economics in potato (Solanum Tuberosum L.) plus French bean (Phaseolus Vulgaris L.) system in north-western hills of India",India,Southern Asia,"CPRI Experimental Farm, Shimla (H.P)",31.0964,77.1717,Potato,Potato-Common Bean,Product Yield,Crop Yield,q/ha,Intercropping,Intercropping (N fixing mixed),Monoculture,218.8,,11.0,132.8,,11.0,-0.4993,,-39.3,3.0
"MD_Paut,_24_A glo_Sc_730","JA_Dua, _17_Effec_LR","MD_Paut,_24_A glo_Sc",Dua et al. 2017,2017,10.18805/lr.v0i0.7841,LR,"Effect of nitrogen application to intercrops on yield, competition, nutrient use efficiency and economics in potato (Solanum Tuberosum L.) plus French bean (Phaseolus Vulgaris L.) system in north-western hills of India",India,Southern Asia,"CPRI Experimental Farm, Shimla (H.P)",31.0964,77.1717,Potato,Potato-Common Bean,Product Yield,Crop Yield,q/ha,Intercropping,Intercropping (N fixing mixed),Monoculture,218.8,,11.0,126.6,,11.0,-0.5471,,-42.1,3.0
"MD_Paut,_24_A glo_Sc_731","JA_Dua, _17_Effec_LR","MD_Paut,_24_A glo_Sc",Dua et al. 2017,2017,10.18805/lr.v0i0.7841,LR,"Effect of nitrogen application to intercrops on yield, competition, nutrient use efficiency and economics in potato (Solanum Tuberosum L.) plus French bean (Phaseolus Vulgaris L.) system in north-western hills of India",India,Southern Asia,"CPRI Experimental Farm, Shimla (H.P)",31.0964,77.1717,Potato,Potato-Common Bean,Product Yield,Crop Yield,q/ha,Intercropping,Intercropping (N fixing mixed),Monoculture,145.2,,11.0,121.5,,11.0,-0.1782,,-16.3,3.0
"MD_Paut,_24_A glo_Sc_732","JA_Dua, _17_Effec_LR","MD_Paut,_24_A glo_Sc",Dua et al. 2017,2017,10.18805/lr.v0i0.7841,LR,"Effect of nitrogen application to intercrops on yield, competition, nutrient use efficiency and economics in potato (Solanum Tuberosum L.) plus French bean (Phaseolus Vulgaris L.) system in north-western hills of India",India,Southern Asia,"CPRI Experimental Farm, Shimla (H.P)",31.0964,77.1717,Potato,Potato-Common Bean,Product Yield,Crop Yield,q/ha,Intercropping,Intercropping (N fixing mixed),Monoculture,145.2,,11.0,116.7,,11.0,-0.2185,,-19.6,3.0
"MD_Paut,_24_A glo_Sc_733","JA_Dua, _17_Effec_LR","MD_Paut,_24_A glo_Sc",Dua et al. 2017,2017,10.18805/lr.v0i0.7841,LR,"Effect of nitrogen application to intercrops on yield, competition, nutrient use efficiency and economics in potato (Solanum Tuberosum L.) plus French bean (Phaseolus Vulgaris L.) system in north-western hills of India",India,Southern Asia,"CPRI Experimental Farm, Shimla (H.P)",31.0964,77.1717,Potato,Potato-Common Bean,Product Yield,Crop Yield,q/ha,Intercropping,Intercropping (N fixing mixed),Monoculture,145.2,,11.0,103.5,,11.0,-0.3385,,-28.7,3.0
"MD_Paut,_24_A glo_Sc_734","JA_Dua, _17_Effec_LR","MD_Paut,_24_A glo_Sc",Dua et al. 2017,2017,10.18805/lr.v0i0.7841,LR,"Effect of nitrogen application to intercrops on yield, competition, nutrient use efficiency and economics in potato (Solanum Tuberosum L.) plus French bean (Phaseolus Vulgaris L.) system in north-western hills of India",India,Southern Asia,"CPRI Experimental Farm, Shimla (H.P)",31.0964,77.1717,Potato,Potato-Common Bean,Product Yield,Crop Yield,q/ha,Intercropping,Intercropping (N fixing mixed),Monoculture,145.2,,11.0,109.6,,11.0,-0.2813,,-24.5,3.0
"MD_Paut,_24_A glo_Sc_735","JA_Dua, _17_Effec_LR","MD_Paut,_24_A glo_Sc",Dua et al. 2017,2017,10.18805/lr.v0i0.7841,LR,"Effect of nitrogen application to intercrops on yield, competition, nutrient use efficiency and economics in potato (Solanum Tuberosum L.) plus French bean (Phaseolus Vulgaris L.) system in north-western hills of India",India,Southern Asia,"CPRI Experimental Farm, Shimla (H.P)",31.0964,77.1717,Potato,Potato-Common Bean,Product Yield,Crop Yield,q/ha,Intercropping,Intercropping (N fixing mixed),Monoculture,145.2,,11.0,105.3,,11.0,-0.3213,,-27.5,3.0
"MD_Paut,_24_A glo_Sc_736","JA_Dua, _17_Effec_LR","MD_Paut,_24_A glo_Sc",Dua et al. 2017,2017,10.18805/lr.v0i0.7841,LR,"Effect of nitrogen application to intercrops on yield, competition, nutrient use efficiency and economics in potato (Solanum Tuberosum L.) plus French bean (Phaseolus Vulgaris L.) system in north-western hills of India",India,Southern Asia,"CPRI Experimental Farm, Shimla (H.P)",31.0964,77.1717,Potato,Potato-Common Bean,Product Yield,Crop Yield,q/ha,Intercropping,Intercropping (N fixing mixed),Monoculture,187.5,,11.0,121.5,,11.0,-0.4339,,-35.2,3.0
"MD_Paut,_24_A glo_Sc_737","JA_Dua, _17_Effec_LR","MD_Paut,_24_A glo_Sc",Dua et al. 2017,2017,10.18805/lr.v0i0.7841,LR,"Effect of nitrogen application to intercrops on yield, competition, nutrient use efficiency and economics in potato (Solanum Tuberosum L.) plus French bean (Phaseolus Vulgaris L.) system in north-western hills of India",India,Southern Asia,"CPRI Experimental Farm, Shimla (H.P)",31.0964,77.1717,Potato,Potato-Common Bean,Product Yield,Crop Yield,q/ha,Intercropping,Intercropping (N fixing mixed),Monoculture,187.5,,11.0,116.7,,11.0,-0.4742,,-37.8,3.0
"MD_Paut,_24_A glo_Sc_738","JA_Dua, _17_Effec_LR","MD_Paut,_24_A glo_Sc",Dua et al. 2017,2017,10.18805/lr.v0i0.7841,LR,"Effect of nitrogen application to intercrops on yield, competition, nutrient use efficiency and economics in potato (Solanum Tuberosum L.) plus French bean (Phaseolus Vulgaris L.) system in north-western hills of India",India,Southern Asia,"CPRI Experimental Farm, Shimla (H.P)",31.0964,77.1717,Potato,Potato-Common Bean,Product Yield,Crop Yield,q/ha,Intercropping,Intercropping (N fixing mixed),Monoculture,187.5,,11.0,103.5,,11.0,-0.5942,,-44.8,3.0
"MD_Paut,_24_A glo_Sc_739","JA_Dua, _17_Effec_LR","MD_Paut,_24_A glo_Sc",Dua et al. 2017,2017,10.18805/lr.v0i0.7841,LR,"Effect of nitrogen application to intercrops on yield, competition, nutrient use efficiency and economics in potato (Solanum Tuberosum L.) plus French bean (Phaseolus Vulgaris L.) system in north-western hills of India",India,Southern Asia,"CPRI Experimental Farm, Shimla (H.P)",31.0964,77.1717,Potato,Potato-Common Bean,Product Yield,Crop Yield,q/ha,Intercropping,Intercropping (N fixing mixed),Monoculture,187.5,,11.0,109.6,,11.0,-0.5369,,-41.5,3.0
"MD_Paut,_24_A glo_Sc_740","JA_Dua, _17_Effec_LR","MD_Paut,_24_A glo_Sc",Dua et al. 2017,2017,10.18805/lr.v0i0.7841,LR,"Effect of nitrogen application to intercrops on yield, competition, nutrient use efficiency and economics in potato (Solanum Tuberosum L.) plus French bean (Phaseolus Vulgaris L.) system in north-western hills of India",India,Southern Asia,"CPRI Experimental Farm, Shimla (H.P)",31.0964,77.1717,Potato,Potato-Common Bean,Product Yield,Crop Yield,q/ha,Intercropping,Intercropping (N fixing mixed),Monoculture,187.5,,11.0,105.3,,11.0,-0.577,,-43.8,3.0
"MD_Paut,_24_A glo_Sc_741","JA_Dua, _17_Effec_LR","MD_Paut,_24_A glo_Sc",Dua et al. 2017,2017,10.18805/lr.v0i0.7841,LR,"Effect of nitrogen application to intercrops on yield, competition, nutrient use efficiency and economics in potato (Solanum Tuberosum L.) plus French bean (Phaseolus Vulgaris L.) system in north-western hills of India",India,Southern Asia,"CPRI Experimental Farm, Shimla (H.P)",31.0964,77.1717,Potato,Potato-Common Bean,Product Yield,Crop Yield,q/ha,Intercropping,Intercropping (N fixing mixed),Monoculture,126.6,,11.0,107.4,,11.0,-0.1645,,-15.2,3.0
"MD_Paut,_24_A glo_Sc_742","JA_Dua, _17_Effec_LR","MD_Paut,_24_A glo_Sc",Dua et al. 2017,2017,10.18805/lr.v0i0.7841,LR,"Effect of nitrogen application to intercrops on yield, competition, nutrient use efficiency and economics in potato (Solanum Tuberosum L.) plus French bean (Phaseolus Vulgaris L.) system in north-western hills of India",India,Southern Asia,"CPRI Experimental Farm, Shimla (H.P)",31.0964,77.1717,Potato,Potato-Common Bean,Product Yield,Crop Yield,q/ha,Intercropping,Intercropping (N fixing mixed),Monoculture,126.6,,11.0,95.0,,11.0,-0.2872,,-25.0,3.0
"MD_Paut,_24_A glo_Sc_743","JA_Dua, _17_Effec_LR","MD_Paut,_24_A glo_Sc",Dua et al. 2017,2017,10.18805/lr.v0i0.7841,LR,"Effect of nitrogen application to intercrops on yield, competition, nutrient use efficiency and economics in potato (Solanum Tuberosum L.) plus French bean (Phaseolus Vulgaris L.) system in north-western hills of India",India,Southern Asia,"CPRI Experimental Farm, Shimla (H.P)",31.0964,77.1717,Potato,Potato-Common Bean,Product Yield,Crop Yield,q/ha,Intercropping,Intercropping (N fixing mixed),Monoculture,126.6,,11.0,96.4,,11.0,-0.2725,,-23.9,3.0
"MD_Paut,_24_A glo_Sc_744","JA_Dua, _17_Effec_LR","MD_Paut,_24_A glo_Sc",Dua et al. 2017,2017,10.18805/lr.v0i0.7841,LR,"Effect of nitrogen application to intercrops on yield, competition, nutrient use efficiency and economics in potato (Solanum Tuberosum L.) plus French bean (Phaseolus Vulgaris L.) system in north-western hills of India",India,Southern Asia,"CPRI Experimental Farm, Shimla (H.P)",31.0964,77.1717,Potato,Potato-Common Bean,Product Yield,Crop Yield,q/ha,Intercropping,Intercropping (N fixing mixed),Monoculture,126.6,,11.0,98.9,,11.0,-0.2469,,-21.9,3.0
"MD_Paut,_24_A glo_Sc_745","JA_Dua, _17_Effec_LR","MD_Paut,_24_A glo_Sc",Dua et al. 2017,2017,10.18805/lr.v0i0.7841,LR,"Effect of nitrogen application to intercrops on yield, competition, nutrient use efficiency and economics in potato (Solanum Tuberosum L.) plus French bean (Phaseolus Vulgaris L.) system in north-western hills of India",India,Southern Asia,"CPRI Experimental Farm, Shimla (H.P)",31.0964,77.1717,Potato,Potato-Common Bean,Product Yield,Crop Yield,q/ha,Intercropping,Intercropping (N fixing mixed),Monoculture,126.6,,11.0,107.2,,11.0,-0.1663,,-15.3,3.0
"MD_Paut,_24_A glo_Sc_746","JA_Dua, _17_Effec_LR","MD_Paut,_24_A glo_Sc",Dua et al. 2017,2017,10.18805/lr.v0i0.7841,LR,"Effect of nitrogen application to intercrops on yield, competition, nutrient use efficiency and economics in potato (Solanum Tuberosum L.) plus French bean (Phaseolus Vulgaris L.) system in north-western hills of India",India,Southern Asia,"CPRI Experimental Farm, Shimla (H.P)",31.0964,77.1717,Potato,Potato-Common Bean,Product Yield,Crop Yield,q/ha,Intercropping,Intercropping (N fixing mixed),Monoculture,170.2,,11.0,107.4,,11.0,-0.4604,,-36.9,3.0
"MD_Paut,_24_A glo_Sc_747","JA_Dua, _17_Effec_LR","MD_Paut,_24_A glo_Sc",Dua et al. 2017,2017,10.18805/lr.v0i0.7841,LR,"Effect of nitrogen application to intercrops on yield, competition, nutrient use efficiency and economics in potato (Solanum Tuberosum L.) plus French bean (Phaseolus Vulgaris L.) system in north-western hills of India",India,Southern Asia,"CPRI Experimental Farm, Shimla (H.P)",31.0964,77.1717,Potato,Potato-Common Bean,Product Yield,Crop Yield,q/ha,Intercropping,Intercropping (N fixing mixed),Monoculture,170.2,,11.0,95.0,,11.0,-0.5831,,-44.2,3.0
"MD_Paut,_24_A glo_Sc_748","JA_Dua, _17_Effec_LR","MD_Paut,_24_A glo_Sc",Dua et al. 2017,2017,10.18805/lr.v0i0.7841,LR,"Effect of nitrogen application to intercrops on yield, competition, nutrient use efficiency and economics in potato (Solanum Tuberosum L.) plus French bean (Phaseolus Vulgaris L.) system in north-western hills of India",India,Southern Asia,"CPRI Experimental Farm, Shimla (H.P)",31.0964,77.1717,Potato,Potato-Common Bean,Product Yield,Crop Yield,q/ha,Intercropping,Intercropping (N fixing mixed),Monoculture,170.2,,11.0,96.4,,11.0,-0.5685,,-43.4,3.0
"MD_Paut,_24_A glo_Sc_749","JA_Dua, _17_Effec_LR","MD_Paut,_24_A glo_Sc",Dua et al. 2017,2017,10.18805/lr.v0i0.7841,LR,"Effect of nitrogen application to intercrops on yield, competition, nutrient use efficiency and economics in potato (Solanum Tuberosum L.) plus French bean (Phaseolus Vulgaris L.) system in north-western hills of India",India,Southern Asia,"CPRI Experimental Farm, Shimla (H.P)",31.0964,77.1717,Potato,Potato-Common Bean,Product Yield,Crop Yield,q/ha,Intercropping,Intercropping (N fixing mixed),Monoculture,170.2,,11.0,98.9,,11.0,-0.5429,,-41.9,3.0
"MD_Paut,_24_A glo_Sc_750","JA_Dua, _17_Effec_LR","MD_Paut,_24_A glo_Sc",Dua et al. 2017,2017,10.18805/lr.v0i0.7841,LR,"Effect of nitrogen application to intercrops on yield, competition, nutrient use efficiency and economics in potato (Solanum Tuberosum L.) plus French bean (Phaseolus Vulgaris L.) system in north-western hills of India",India,Southern Asia,"CPRI Experimental Farm, Shimla (H.P)",31.0964,77.1717,Potato,Potato-Common Bean,Product Yield,Crop Yield,q/ha,Intercropping,Intercropping (N fixing mixed),Monoculture,170.2,,11.0,107.2,,11.0,-0.4623,,-37.0,3.0
"MD_Paut,_24_A glo_Sc_751",JA_Kidan_17_Maize_Op,"MD_Paut,_24_A glo_Sc",Kidane et al. 2017,2017,10.1515/opag-2017-0044,Open Agriculture,Maize and potato intercropping: A technology to increase productivity and profitability in tigray,Ethiopia,Eastern Africa,Hawzen district,13.2544,39.4506,Maize,Maize-Potato,Product Yield,Crop Yield,t/ha,Intercropping,Intercropping (Non N fixing),Monoculture,4.69,,3.0,4.41,,3.0,-0.0616,,-6.0,0.75
"MD_Paut,_24_A glo_Sc_752",JA_Kidan_17_Maize_Op,"MD_Paut,_24_A glo_Sc",Kidane et al. 2017,2017,10.1515/opag-2017-0044,Open Agriculture,Maize and potato intercropping: A technology to increase productivity and profitability in tigray,Ethiopia,Eastern Africa,Hawzen district,13.2544,39.4506,Maize,Maize-Potato,Product Yield,Crop Yield,t/ha,Intercropping,Intercropping (Non N fixing),Monoculture,4.69,,3.0,3.99,,3.0,-0.1616,,-14.9,0.75
"MD_Paut,_24_A glo_Sc_753",JA_Kidan_17_Maize_Op,"MD_Paut,_24_A glo_Sc",Kidane et al. 2017,2017,10.1515/opag-2017-0044,Open Agriculture,Maize and potato intercropping: A technology to increase productivity and profitability in tigray,Ethiopia,Eastern Africa,Hawzen district,13.2544,39.4506,Maize,Maize-Potato,Product Yield,Crop Yield,t/ha,Intercropping,Intercropping (Non N fixing),Monoculture,4.69,,3.0,3.66,,3.0,-0.248,,-22.0,0.75
"MD_Paut,_24_A glo_Sc_754",JA_Phiri_24_Compa_Ag,"MD_Paut,_24_A glo_Sc",Phiri et al. 2024,2024,10.1002/agg2.20503,Agrosystems Geosci &amp; Env,Comparative effects of legume-based intercropping systems involving pigeon pea and cowpea under deep-bed and conventional tillage systems in Malawi,Malawi,Southern Africa,Msongwe,-11.4742,34.0581,Pigeon Pea,Pigeon Pea-Cowpea,Product Yield,Crop Yield,kg/ha,Intercropping,Intercropping (N fixing),Monoculture,1035.5,,3.0,799.7,,3.0,-0.2584,,-22.8,2.0
"MD_Paut,_24_A glo_Sc_755",JA_Phiri_24_Compa_Ag,"MD_Paut,_24_A glo_Sc",Phiri et al. 2024,2024,10.1002/agg2.20503,Agrosystems Geosci &amp; Env,Comparative effects of legume-based intercropping systems involving pigeon pea and cowpea under deep-bed and conventional tillage systems in Malawi,Malawi,Southern Africa,Msongwe,-11.4742,34.0581,Pigeon Pea,Pigeon Pea-Maize,Product Yield,Crop Yield,kg/ha,Intercropping,Intercropping (N fixing mixed),Monoculture,1035.5,,3.0,813.3,,3.0,-0.2415,,-21.5,2.0
"MD_Paut,_24_A glo_Sc_756",JA_Phiri_24_Compa_Ag,"MD_Paut,_24_A glo_Sc",Phiri et al. 2024,2024,10.1002/agg2.20503,Agrosystems Geosci &amp; Env,Comparative effects of legume-based intercropping systems involving pigeon pea and cowpea under deep-bed and conventional tillage systems in Malawi,Malawi,Southern Africa,Msongwe,-11.4742,34.0581,Pigeon Pea,Pigeon Pea-Cowpea,Product Yield,Crop Yield,kg/ha,Intercropping,Intercropping (N fixing),Monoculture,1532.0,,3.0,969.0,,3.0,-0.4581,,-36.7,2.0
"MD_Paut,_24_A glo_Sc_757",JA_Phiri_24_Compa_Ag,"MD_Paut,_24_A glo_Sc",Phiri et al. 2024,2024,10.1002/agg2.20503,Agrosystems Geosci &amp; Env,Comparative effects of legume-based intercropping systems involving pigeon pea and cowpea under deep-bed and conventional tillage systems in Malawi,Malawi,Southern Africa,Msongwe,-11.4742,34.0581,Pigeon Pea,Pigeon Pea-Maize,Product Yield,Crop Yield,kg/ha,Intercropping,Intercropping (N fixing mixed),Monoculture,1532.0,,3.0,1064.0,,3.0,-0.3645,,-30.5,2.0
"MD_Paut,_24_A glo_Sc_758","JA_Rao, _90_Produ_Fi","MD_Paut,_24_A glo_Sc",Rao et al. 1990,1990,10.1016/0378-4290(90)90060-O,Field Crops Research,Productivity and risk evaluation in constrasting intercropping systems,India,Southern Asia,"ICRISAT Center, Patancheru",17.5178,78.279,Sorghum,Sorghum-Pigeon Pea,Product Yield,Crop Yield,t/ha,Intercropping,Intercropping (N fixing mixed),Monoculture,4.1,1.2,36.0,3.38,1.02,36.0,-0.1931,0.0701,-17.6,4.0
"MD_Paut,_24_A glo_Sc_759","JA_Rao, _90_Produ_Fi","MD_Paut,_24_A glo_Sc",Rao et al. 1990,1990,10.1016/0378-4290(90)90060-O,Field Crops Research,Productivity and risk evaluation in constrasting intercropping systems,India,Southern Asia,"ICRISAT Center, Patancheru",17.5178,78.279,Sorghum,Sorghum-Pearl Millet,Product Yield,Crop Yield,t/ha,Intercropping,Intercropping (Non N fixing),Monoculture,4.1,1.2,36.0,1.95,0.67,36.0,-0.7432,0.0752,-52.4,4.0
"MD_Paut,_24_A glo_Sc_760",JA_Reyna_16_Mixed_Ac,"MD_Paut,_24_A glo_Sc",Reynafarje et al. 2016,2016,10.17660/ActaHortic.2016.1128.45,Acta Hortic.,Mixed cropping of vegetables to improve organic tomato (Solanum lycopersicum L.) production in small farmer systems,Peru,South America,Vegetable Research Program of La Molina National Agrarian University (UNALM) Lima,-12.0807,-76.95,Tomato,Tomato-Zucchini,Product Yield,Crop Yield,t/ha,Intercropping,Intercropping (Non N fixing),Monoculture,34.86,,4.0,12.5,,4.0,-1.0256,,-64.1,
"MD_Paut,_24_A glo_Sc_761",JA_Reyna_16_Mixed_Ac,"MD_Paut,_24_A glo_Sc",Reynafarje et al. 2016,2016,10.17660/ActaHortic.2016.1128.45,Acta Hortic.,Mixed cropping of vegetables to improve organic tomato (Solanum lycopersicum L.) production in small farmer systems,Peru,South America,Vegetable Research Program of La Molina National Agrarian University (UNALM) Lima,-12.0807,-76.95,Tomato,Tomato-Crotalaria juncea,Product Yield,Crop Yield,t/ha,Intercropping,Intercropping (N fixing mixed),Monoculture,34.86,,4.0,20.88,,4.0,-0.5125,,-40.1,
"MD_Paut,_24_A glo_Sc_762",JA_Reyna_16_Mixed_Ac,"MD_Paut,_24_A glo_Sc",Reynafarje et al. 2016,2016,10.17660/ActaHortic.2016.1128.45,Acta Hortic.,Mixed cropping of vegetables to improve organic tomato (Solanum lycopersicum L.) production in small farmer systems,Peru,South America,Vegetable Research Program of La Molina National Agrarian University (UNALM) Lima,-12.0807,-76.95,Tomato,Tomato-Basil,Product Yield,Crop Yield,t/ha,Intercropping,Intercropping (Non N fixing),Monoculture,34.86,,4.0,24.94,,4.0,-0.3349,,-28.5,
"MD_Paut,_24_A glo_Sc_763",JA_Reyna_16_Mixed_Ac,"MD_Paut,_24_A glo_Sc",Reynafarje et al. 2016,2016,10.17660/ActaHortic.2016.1128.45,Acta Hortic.,Mixed cropping of vegetables to improve organic tomato (Solanum lycopersicum L.) production in small farmer systems,Peru,South America,Vegetable Research Program of La Molina National Agrarian University (UNALM) Lima,-12.0807,-76.95,Tomato,Tomato-Green bean,Product Yield,Crop Yield,t/ha,Intercropping,Intercropping (N fixing mixed),Monoculture,34.86,,4.0,32.99,,4.0,-0.0551,,-5.4,
"MD_Paut,_24_A glo_Sc_764",JA_Reyna_16_Mixed_Ac,"MD_Paut,_24_A glo_Sc",Reynafarje et al. 2016,2016,10.17660/ActaHortic.2016.1128.45,Acta Hortic.,Mixed cropping of vegetables to improve organic tomato (Solanum lycopersicum L.) production in small farmer systems,Peru,South America,Vegetable Research Program of La Molina National Agrarian University (UNALM) Lima,-12.0807,-76.95,Tomato,Tomato-Lettuce,Product Yield,Crop Yield,t/ha,Intercropping,Intercropping (Non N fixing),Monoculture,34.86,,4.0,35.46,,4.0,0.0171,,1.7,
"MD_Paut,_24_A glo_Sc_765",JA_ADHIK_91_STUDI_J,"MD_Paut,_24_A glo_Sc",ADHIKARY et al. 1991,1991,10.1111/j.1439-037X.1991.tb00959.x,J Agronomy Crop Science,STUDIES ON MAIZE-LEGUME INTERCROPPING AND THEIR RESIDUAL EFFECTS ON SOIL FERTILITY STATUS AND SUCCEEDING CROP IN UPLAND SITUATION,India,Southern Asia,Agricultural Experimental Farm of Indian Statistical Institute at Giridih,24.1912,86.3054,Maize,Maize-Groundnut,Product Yield,Crop Yield,t/ha,Intercropping,Intercropping (N fixing mixed),Monoculture,2.2,,,0.91,,,-0.8828,,-58.6,2.0
"MD_Paut,_24_A glo_Sc_766",JA_ADHIK_91_STUDI_J,"MD_Paut,_24_A glo_Sc",ADHIKARY et al. 1991,1991,10.1111/j.1439-037X.1991.tb00959.x,J Agronomy Crop Science,STUDIES ON MAIZE-LEGUME INTERCROPPING AND THEIR RESIDUAL EFFECTS ON SOIL FERTILITY STATUS AND SUCCEEDING CROP IN UPLAND SITUATION,India,Southern Asia,Agricultural Experimental Farm of Indian Statistical Institute at Giridih,24.1912,86.3054,Maize,Maize-Cowpea,Product Yield,Crop Yield,t/ha,Intercropping,Intercropping (N fixing mixed),Monoculture,0.87,,,0.33,,,-0.9694,,-62.1,2.0
"MD_Paut,_24_A glo_Sc_767",JA_ADHIK_91_STUDI_J,"MD_Paut,_24_A glo_Sc",ADHIKARY et al. 1991,1991,10.1111/j.1439-037X.1991.tb00959.x,J Agronomy Crop Science,STUDIES ON MAIZE-LEGUME INTERCROPPING AND THEIR RESIDUAL EFFECTS ON SOIL FERTILITY STATUS AND SUCCEEDING CROP IN UPLAND SITUATION,India,Southern Asia,Agricultural Experimental Farm of Indian Statistical Institute at Giridih,24.1912,86.3054,Maize,Maize-Mung Bean,Product Yield,Crop Yield,t/ha,Intercropping,Intercropping (N fixing mixed),Monoculture,0.66,,,0.16,,,-1.4171,,-75.8,2.0
"MD_Paut,_24_A glo_Sc_768",JA_ADHIK_91_STUDI_J,"MD_Paut,_24_A glo_Sc",ADHIKARY et al. 1991,1991,10.1111/j.1439-037X.1991.tb00959.x,J Agronomy Crop Science,STUDIES ON MAIZE-LEGUME INTERCROPPING AND THEIR RESIDUAL EFFECTS ON SOIL FERTILITY STATUS AND SUCCEEDING CROP IN UPLAND SITUATION,India,Southern Asia,Agricultural Experimental Farm of Indian Statistical Institute at Giridih,24.1912,86.3054,Maize,Maize-Soybean,Product Yield,Crop Yield,t/ha,Intercropping,Intercropping (N fixing mixed),Monoculture,1.39,,,0.42,,,-1.1968,,-69.8,2.0
"MD_Paut,_24_A glo_Sc_769",JA_ADHIK_91_STUDI_J,"MD_Paut,_24_A glo_Sc",ADHIKARY et al. 1991,1991,10.1111/j.1439-037X.1991.tb00959.x,J Agronomy Crop Science,STUDIES ON MAIZE-LEGUME INTERCROPPING AND THEIR RESIDUAL EFFECTS ON SOIL FERTILITY STATUS AND SUCCEEDING CROP IN UPLAND SITUATION,India,Southern Asia,Agricultural Experimental Farm of Indian Statistical Institute at Giridih,24.1912,86.3054,Maize,Maize-Groundnut,Product Yield,Crop Yield,t/ha,Intercropping,Intercropping (N fixing mixed),Monoculture,1.66,,,0.73,,,-0.8215,,-56.0,2.0
"MD_Paut,_24_A glo_Sc_770",JA_ADHIK_91_STUDI_J,"MD_Paut,_24_A glo_Sc",ADHIKARY et al. 1991,1991,10.1111/j.1439-037X.1991.tb00959.x,J Agronomy Crop Science,STUDIES ON MAIZE-LEGUME INTERCROPPING AND THEIR RESIDUAL EFFECTS ON SOIL FERTILITY STATUS AND SUCCEEDING CROP IN UPLAND SITUATION,India,Southern Asia,Agricultural Experimental Farm of Indian Statistical Institute at Giridih,24.1912,86.3054,Maize,Maize-Cowpea,Product Yield,Crop Yield,t/ha,Intercropping,Intercropping (N fixing mixed),Monoculture,0.21,,,0.57,,,0.9985,,171.4,2.0
"MD_Paut,_24_A glo_Sc_771",JA_ADHIK_91_STUDI_J,"MD_Paut,_24_A glo_Sc",ADHIKARY et al. 1991,1991,10.1111/j.1439-037X.1991.tb00959.x,J Agronomy Crop Science,STUDIES ON MAIZE-LEGUME INTERCROPPING AND THEIR RESIDUAL EFFECTS ON SOIL FERTILITY STATUS AND SUCCEEDING CROP IN UPLAND SITUATION,India,Southern Asia,Agricultural Experimental Farm of Indian Statistical Institute at Giridih,24.1912,86.3054,Maize,Maize-Mung Bean,Product Yield,Crop Yield,t/ha,Intercropping,Intercropping (N fixing mixed),Monoculture,0.55,,,0.19,,,-1.0629,,-65.5,2.0
"MD_Paut,_24_A glo_Sc_772",JA_ADHIK_91_STUDI_J,"MD_Paut,_24_A glo_Sc",ADHIKARY et al. 1991,1991,10.1111/j.1439-037X.1991.tb00959.x,J Agronomy Crop Science,STUDIES ON MAIZE-LEGUME INTERCROPPING AND THEIR RESIDUAL EFFECTS ON SOIL FERTILITY STATUS AND SUCCEEDING CROP IN UPLAND SITUATION,India,Southern Asia,Agricultural Experimental Farm of Indian Statistical Institute at Giridih,24.1912,86.3054,Maize,Maize-Soybean,Product Yield,Crop Yield,t/ha,Intercropping,Intercropping (N fixing mixed),Monoculture,1.18,,,0.5,,,-0.8587,,-57.6,2.0
"MD_Paut,_24_A glo_Sc_773",JA_Banik_09_Yield_Jo,"MD_Paut,_24_A glo_Sc",Banik et al. 2009,2009,10.1080/10440040902834970,Journal of Sustainable Agriculture,Yield and Resource Utilization Efficiency in Baby CornLegume-Intercropping System in the Eastern Plateau of India,India,Southern Asia,"Indian Statistical Institute, Giridih",24.025,86.0542,Baby Corn,Baby Corn-Soybean,Product Yield,Crop Yield,kg/ha,Intercropping,Intercropping (N fixing mixed),Monoculture,1283.0,,3.0,324.0,,3.0,-1.3762,,-74.7,2.0
"MD_Paut,_24_A glo_Sc_774",JA_Banik_09_Yield_Jo,"MD_Paut,_24_A glo_Sc",Banik et al. 2009,2009,10.1080/10440040902834970,Journal of Sustainable Agriculture,Yield and Resource Utilization Efficiency in Baby CornLegume-Intercropping System in the Eastern Plateau of India,India,Southern Asia,"Indian Statistical Institute, Giridih",24.025,86.0542,Baby Corn,Baby Corn-Soybean,Product Yield,Crop Yield,kg/ha,Intercropping,Intercropping (N fixing mixed),Monoculture,1283.0,,3.0,583.0,,3.0,-0.7888,,-54.6,2.0
"MD_Paut,_24_A glo_Sc_775",JA_Banik_09_Yield_Jo,"MD_Paut,_24_A glo_Sc",Banik et al. 2009,2009,10.1080/10440040902834970,Journal of Sustainable Agriculture,Yield and Resource Utilization Efficiency in Baby CornLegume-Intercropping System in the Eastern Plateau of India,India,Southern Asia,"Indian Statistical Institute, Giridih",24.025,86.0542,Baby Corn,Baby Corn-Green Gram,Product Yield,Crop Yield,kg/ha,Intercropping,Intercropping (N fixing mixed),Monoculture,1094.0,,3.0,208.0,,3.0,-1.6601,,-81.0,2.0
"MD_Paut,_24_A glo_Sc_776",JA_Banik_09_Yield_Jo,"MD_Paut,_24_A glo_Sc",Banik et al. 2009,2009,10.1080/10440040902834970,Journal of Sustainable Agriculture,Yield and Resource Utilization Efficiency in Baby CornLegume-Intercropping System in the Eastern Plateau of India,India,Southern Asia,"Indian Statistical Institute, Giridih",24.025,86.0542,Baby Corn,Baby Corn-Green Gram,Product Yield,Crop Yield,kg/ha,Intercropping,Intercropping (N fixing mixed),Monoculture,1094.0,,3.0,352.0,,3.0,-1.134,,-67.8,2.0
"MD_Paut,_24_A glo_Sc_777",JA_Banik_09_Yield_Jo,"MD_Paut,_24_A glo_Sc",Banik et al. 2009,2009,10.1080/10440040902834970,Journal of Sustainable Agriculture,Yield and Resource Utilization Efficiency in Baby CornLegume-Intercropping System in the Eastern Plateau of India,India,Southern Asia,"Indian Statistical Institute, Giridih",24.025,86.0542,Baby Corn,Baby Corn-Black Gram,Product Yield,Crop Yield,kg/ha,Intercropping,Intercropping (N fixing mixed),Monoculture,1378.0,,3.0,293.0,,3.0,-1.5482,,-78.7,2.0
"MD_Paut,_24_A glo_Sc_778",JA_Banik_09_Yield_Jo,"MD_Paut,_24_A glo_Sc",Banik et al. 2009,2009,10.1080/10440040902834970,Journal of Sustainable Agriculture,Yield and Resource Utilization Efficiency in Baby CornLegume-Intercropping System in the Eastern Plateau of India,India,Southern Asia,"Indian Statistical Institute, Giridih",24.025,86.0542,Baby Corn,Baby Corn-Black Gram,Product Yield,Crop Yield,kg/ha,Intercropping,Intercropping (N fixing mixed),Monoculture,1378.0,,3.0,471.0,,3.0,-1.0735,,-65.8,2.0
"MD_Paut,_24_A glo_Sc_779",JA_Banik_09_Yield_Jo,"MD_Paut,_24_A glo_Sc",Banik et al. 2009,2009,10.1080/10440040902834970,Journal of Sustainable Agriculture,Yield and Resource Utilization Efficiency in Baby CornLegume-Intercropping System in the Eastern Plateau of India,India,Southern Asia,"Indian Statistical Institute, Giridih",24.025,86.0542,Baby Corn,Baby Corn-Groundnut,Product Yield,Crop Yield,kg/ha,Intercropping,Intercropping (N fixing mixed),Monoculture,2473.0,,3.0,654.0,,3.0,-1.3301,,-73.6,2.0
"MD_Paut,_24_A glo_Sc_780",JA_Banik_09_Yield_Jo,"MD_Paut,_24_A glo_Sc",Banik et al. 2009,2009,10.1080/10440040902834970,Journal of Sustainable Agriculture,Yield and Resource Utilization Efficiency in Baby CornLegume-Intercropping System in the Eastern Plateau of India,India,Southern Asia,"Indian Statistical Institute, Giridih",24.025,86.0542,Baby Corn,Baby Corn-Groundnut,Product Yield,Crop Yield,kg/ha,Intercropping,Intercropping (N fixing mixed),Monoculture,2473.0,,3.0,1012.0,,3.0,-0.8935,,-59.1,2.0
"MD_Paut,_24_A glo_Sc_781",JA_Banik_09_Yield_Jo,"MD_Paut,_24_A glo_Sc",Banik et al. 2009,2009,10.1080/10440040902834970,Journal of Sustainable Agriculture,Yield and Resource Utilization Efficiency in Baby CornLegume-Intercropping System in the Eastern Plateau of India,India,Southern Asia,"Indian Statistical Institute, Giridih",24.025,86.0542,Baby Corn,Baby Corn-Soybean,Product Yield,Crop Yield,kg/ha,Intercropping,Intercropping (N fixing mixed),Monoculture,1759.0,,3.0,381.0,,3.0,-1.5297,,-78.3,2.0
"MD_Paut,_24_A glo_Sc_782",JA_Banik_09_Yield_Jo,"MD_Paut,_24_A glo_Sc",Banik et al. 2009,2009,10.1080/10440040902834970,Journal of Sustainable Agriculture,Yield and Resource Utilization Efficiency in Baby CornLegume-Intercropping System in the Eastern Plateau of India,India,Southern Asia,"Indian Statistical Institute, Giridih",24.025,86.0542,Baby Corn,Baby Corn-Soybean,Product Yield,Crop Yield,kg/ha,Intercropping,Intercropping (N fixing mixed),Monoculture,1759.0,,3.0,627.0,,3.0,-1.0316,,-64.4,2.0
"MD_Paut,_24_A glo_Sc_783",JA_Banik_09_Yield_Jo,"MD_Paut,_24_A glo_Sc",Banik et al. 2009,2009,10.1080/10440040902834970,Journal of Sustainable Agriculture,Yield and Resource Utilization Efficiency in Baby CornLegume-Intercropping System in the Eastern Plateau of India,India,Southern Asia,"Indian Statistical Institute, Giridih",24.025,86.0542,Baby Corn,Baby Corn-Green Gram,Product Yield,Crop Yield,kg/ha,Intercropping,Intercropping (N fixing mixed),Monoculture,1327.0,,3.0,329.0,,3.0,-1.3946,,-75.2,2.0
"MD_Paut,_24_A glo_Sc_784",JA_Banik_09_Yield_Jo,"MD_Paut,_24_A glo_Sc",Banik et al. 2009,2009,10.1080/10440040902834970,Journal of Sustainable Agriculture,Yield and Resource Utilization Efficiency in Baby CornLegume-Intercropping System in the Eastern Plateau of India,India,Southern Asia,"Indian Statistical Institute, Giridih",24.025,86.0542,Baby Corn,Baby Corn-Green Gram,Product Yield,Crop Yield,kg/ha,Intercropping,Intercropping (N fixing mixed),Monoculture,1327.0,,3.0,403.0,,3.0,-1.1917,,-69.6,2.0
"MD_Paut,_24_A glo_Sc_785",JA_Banik_09_Yield_Jo,"MD_Paut,_24_A glo_Sc",Banik et al. 2009,2009,10.1080/10440040902834970,Journal of Sustainable Agriculture,Yield and Resource Utilization Efficiency in Baby CornLegume-Intercropping System in the Eastern Plateau of India,India,Southern Asia,"Indian Statistical Institute, Giridih",24.025,86.0542,Baby Corn,Baby Corn-Black Gram,Product Yield,Crop Yield,kg/ha,Intercropping,Intercropping (N fixing mixed),Monoculture,1602.0,,3.0,354.0,,3.0,-1.5097,,-77.9,2.0
"MD_Paut,_24_A glo_Sc_786",JA_Banik_09_Yield_Jo,"MD_Paut,_24_A glo_Sc",Banik et al. 2009,2009,10.1080/10440040902834970,Journal of Sustainable Agriculture,Yield and Resource Utilization Efficiency in Baby CornLegume-Intercropping System in the Eastern Plateau of India,India,Southern Asia,"Indian Statistical Institute, Giridih",24.025,86.0542,Baby Corn,Baby Corn-Black Gram,Product Yield,Crop Yield,kg/ha,Intercropping,Intercropping (N fixing mixed),Monoculture,1602.0,,3.0,538.0,,3.0,-1.0911,,-66.4,2.0
"MD_Paut,_24_A glo_Sc_787",JA_Banik_09_Yield_Jo,"MD_Paut,_24_A glo_Sc",Banik et al. 2009,2009,10.1080/10440040902834970,Journal of Sustainable Agriculture,Yield and Resource Utilization Efficiency in Baby CornLegume-Intercropping System in the Eastern Plateau of India,India,Southern Asia,"Indian Statistical Institute, Giridih",24.025,86.0542,Baby Corn,Baby Corn-Groundnut,Product Yield,Crop Yield,kg/ha,Intercropping,Intercropping (N fixing mixed),Monoculture,2286.0,,3.0,732.0,,3.0,-1.1388,,-68.0,2.0
"MD_Paut,_24_A glo_Sc_788",JA_Banik_09_Yield_Jo,"MD_Paut,_24_A glo_Sc",Banik et al. 2009,2009,10.1080/10440040902834970,Journal of Sustainable Agriculture,Yield and Resource Utilization Efficiency in Baby CornLegume-Intercropping System in the Eastern Plateau of India,India,Southern Asia,"Indian Statistical Institute, Giridih",24.025,86.0542,Baby Corn,Baby Corn-Groundnut,Product Yield,Crop Yield,kg/ha,Intercropping,Intercropping (N fixing mixed),Monoculture,2286.0,,3.0,1036.0,,3.0,-0.7914,,-54.7,2.0
"MD_Paut,_24_A glo_Sc_789",JA_Banti_15_Deter_Ho,"MD_Paut,_24_A glo_Sc",Bantie et al. 2015,2015,10.4172/2376-0354.1000137,Horticulture,Determination of Effective Spatial Arrangement for Intercropping of Maize (Zea mays L.) and Potato (Solanum tuberosum L.) Using Competition Indices Ethiopia,Ethiopia,Eastern Africa,Combolcha Agricultural technical Vocational Education and Training College (TVET),11.0861,39.7282,Maize,Maize-Potato,Product Yield,Crop Yield,t/ha,Intercropping,Intercropping (Non N fixing),Monoculture,24.7,,3.0,23.3,,3.0,-0.0583,,-5.7,1.0
"MD_Paut,_24_A glo_Sc_790",JA_Banti_15_Deter_Ho,"MD_Paut,_24_A glo_Sc",Bantie et al. 2015,2015,10.4172/2376-0354.1000137,Horticulture,Determination of Effective Spatial Arrangement for Intercropping of Maize (Zea mays L.) and Potato (Solanum tuberosum L.) Using Competition Indices Ethiopia,Ethiopia,Eastern Africa,Combolcha Agricultural technical Vocational Education and Training College (TVET),11.0861,39.7282,Maize,Maize-Potato,Product Yield,Crop Yield,t/ha,Intercropping,Intercropping (Non N fixing),Monoculture,24.7,,3.0,12.4,,3.0,-0.6891,,-49.8,1.0
"MD_Paut,_24_A glo_Sc_791",JA_Banti_15_Deter_Ho,"MD_Paut,_24_A glo_Sc",Bantie et al. 2015,2015,10.4172/2376-0354.1000137,Horticulture,Determination of Effective Spatial Arrangement for Intercropping of Maize (Zea mays L.) and Potato (Solanum tuberosum L.) Using Competition Indices Ethiopia,Ethiopia,Eastern Africa,Combolcha Agricultural technical Vocational Education and Training College (TVET),11.0861,39.7282,Maize,Maize-Potato,Product Yield,Crop Yield,t/ha,Intercropping,Intercropping (Non N fixing),Monoculture,24.7,,3.0,16.7,,3.0,-0.3914,,-32.4,1.0
"MD_Paut,_24_A glo_Sc_792",JA_Banti_15_Deter_Ho,"MD_Paut,_24_A glo_Sc",Bantie et al. 2015,2015,10.4172/2376-0354.1000137,Horticulture,Determination of Effective Spatial Arrangement for Intercropping of Maize (Zea mays L.) and Potato (Solanum tuberosum L.) Using Competition Indices Ethiopia,Ethiopia,Eastern Africa,Combolcha Agricultural technical Vocational Education and Training College (TVET),11.0861,39.7282,Maize,Maize-Potato,Product Yield,Crop Yield,t/ha,Intercropping,Intercropping (Non N fixing),Monoculture,24.7,,3.0,8.7,,3.0,-1.0435,,-64.8,1.0
"MD_Paut,_24_A glo_Sc_793",JA_Banti_15_Deter_Ho,"MD_Paut,_24_A glo_Sc",Bantie et al. 2015,2015,10.4172/2376-0354.1000137,Horticulture,Determination of Effective Spatial Arrangement for Intercropping of Maize (Zea mays L.) and Potato (Solanum tuberosum L.) Using Competition Indices Ethiopia,Ethiopia,Eastern Africa,Combolcha Agricultural technical Vocational Education and Training College (TVET),11.0861,39.7282,Maize,Maize-Potato,Product Yield,Crop Yield,t/ha,Intercropping,Intercropping (Non N fixing),Monoculture,24.7,,3.0,16.7,,3.0,-0.3914,,-32.4,1.0
"MD_Paut,_24_A glo_Sc_794",JA_Banti_15_Deter_Ho,"MD_Paut,_24_A glo_Sc",Bantie et al. 2015,2015,10.4172/2376-0354.1000137,Horticulture,Determination of Effective Spatial Arrangement for Intercropping of Maize (Zea mays L.) and Potato (Solanum tuberosum L.) Using Competition Indices Ethiopia,Ethiopia,Eastern Africa,Combolcha Agricultural technical Vocational Education and Training College (TVET),11.0861,39.7282,Maize,Maize-Potato,Product Yield,Crop Yield,t/ha,Intercropping,Intercropping (Non N fixing),Monoculture,24.7,,3.0,8.2,,3.0,-1.1027,,-66.8,1.0
"MD_Paut,_24_A glo_Sc_795",JA_Banti_15_Deter_Ho,"MD_Paut,_24_A glo_Sc",Bantie et al. 2015,2015,10.4172/2376-0354.1000137,Horticulture,Determination of Effective Spatial Arrangement for Intercropping of Maize (Zea mays L.) and Potato (Solanum tuberosum L.) Using Competition Indices Ethiopia,Ethiopia,Eastern Africa,Combolcha Agricultural technical Vocational Education and Training College (TVET),11.0861,39.7282,Maize,Maize-Potato,Product Yield,Crop Yield,t/ha,Intercropping,Intercropping (Non N fixing),Monoculture,24.8,,3.0,23.5,,3.0,-0.0538,,-5.2,1.0
"MD_Paut,_24_A glo_Sc_796",JA_Banti_15_Deter_Ho,"MD_Paut,_24_A glo_Sc",Bantie et al. 2015,2015,10.4172/2376-0354.1000137,Horticulture,Determination of Effective Spatial Arrangement for Intercropping of Maize (Zea mays L.) and Potato (Solanum tuberosum L.) Using Competition Indices Ethiopia,Ethiopia,Eastern Africa,Combolcha Agricultural technical Vocational Education and Training College (TVET),11.0861,39.7282,Maize,Maize-Potato,Product Yield,Crop Yield,t/ha,Intercropping,Intercropping (Non N fixing),Monoculture,24.8,,3.0,12.3,,3.0,-0.7012,,-50.4,1.0
"MD_Paut,_24_A glo_Sc_797",JA_Banti_15_Deter_Ho,"MD_Paut,_24_A glo_Sc",Bantie et al. 2015,2015,10.4172/2376-0354.1000137,Horticulture,Determination of Effective Spatial Arrangement for Intercropping of Maize (Zea mays L.) and Potato (Solanum tuberosum L.) Using Competition Indices Ethiopia,Ethiopia,Eastern Africa,Combolcha Agricultural technical Vocational Education and Training College (TVET),11.0861,39.7282,Maize,Maize-Potato,Product Yield,Crop Yield,t/ha,Intercropping,Intercropping (Non N fixing),Monoculture,24.8,,3.0,16.7,,3.0,-0.3954,,-32.7,1.0
"MD_Paut,_24_A glo_Sc_798",JA_Banti_15_Deter_Ho,"MD_Paut,_24_A glo_Sc",Bantie et al. 2015,2015,10.4172/2376-0354.1000137,Horticulture,Determination of Effective Spatial Arrangement for Intercropping of Maize (Zea mays L.) and Potato (Solanum tuberosum L.) Using Competition Indices Ethiopia,Ethiopia,Eastern Africa,Combolcha Agricultural technical Vocational Education and Training College (TVET),11.0861,39.7282,Maize,Maize-Potato,Product Yield,Crop Yield,t/ha,Intercropping,Intercropping (Non N fixing),Monoculture,24.8,,3.0,8.8,,3.0,-1.0361,,-64.5,1.0
"MD_Paut,_24_A glo_Sc_799",JA_Banti_15_Deter_Ho,"MD_Paut,_24_A glo_Sc",Bantie et al. 2015,2015,10.4172/2376-0354.1000137,Horticulture,Determination of Effective Spatial Arrangement for Intercropping of Maize (Zea mays L.) and Potato (Solanum tuberosum L.) Using Competition Indices Ethiopia,Ethiopia,Eastern Africa,Combolcha Agricultural technical Vocational Education and Training College (TVET),11.0861,39.7282,Maize,Maize-Potato,Product Yield,Crop Yield,t/ha,Intercropping,Intercropping (Non N fixing),Monoculture,24.8,,3.0,16.6,,3.0,-0.4014,,-33.1,1.0
"MD_Paut,_24_A glo_Sc_800",JA_Banti_15_Deter_Ho,"MD_Paut,_24_A glo_Sc",Bantie et al. 2015,2015,10.4172/2376-0354.1000137,Horticulture,Determination of Effective Spatial Arrangement for Intercropping of Maize (Zea mays L.) and Potato (Solanum tuberosum L.) Using Competition Indices Ethiopia,Ethiopia,Eastern Africa,Combolcha Agricultural technical Vocational Education and Training College (TVET),11.0861,39.7282,Maize,Maize-Potato,Product Yield,Crop Yield,t/ha,Intercropping,Intercropping (Non N fixing),Monoculture,24.8,,3.0,8.2,,3.0,-1.1067,,-66.9,1.0
"MD_Paut,_24_A glo_Sc_801",JA_Biswa_22_Agrof_Jo,"MD_Paut,_24_A glo_Sc",Biswas et al. 2022,2022,10.1016/j.jclepro.2022.132768,Journal of Cleaner Production,Agroforestry offers multiple ecosystem services in degraded lateritic soils,India,Southern Asia,"Regional Research Station, Jhargram, West Bengal",22.75,87.0167,Gmelina arborea,Gmelina arborea-Mango,Product Yield,Crop Yield,m3/ha/yr..t/ha/yr,Agroforestry,Alleycropping + Agroforestry (low diversity) + Agroforestry (moderate shaded),Monoculture,2.3,,3.0,2.11,,3.0,-0.0862,,-8.3,10.0
"MD_Paut,_24_A glo_Sc_802",JA_Biswa_22_Agrof_Jo,"MD_Paut,_24_A glo_Sc",Biswas et al. 2022,2022,10.1016/j.jclepro.2022.132768,Journal of Cleaner Production,Agroforestry offers multiple ecosystem services in degraded lateritic soils,India,Southern Asia,"Regional Research Station, Jhargram, West Bengal",22.75,87.0167,Mango,Mango-Pigeon Pea,Product Yield,Crop Yield,t/ha/yr,Agroforestry,Alleycropping + Agroforestry (low diversity) + Agroforestry (moderate shaded),Monoculture,2.3,,3.0,2.44,,3.0,0.0591,,6.1,10.0
"MD_Paut,_24_A glo_Sc_803",JA_Biswa_22_Agrof_Jo,"MD_Paut,_24_A glo_Sc",Biswas et al. 2022,2022,10.1016/j.jclepro.2022.132768,Journal of Cleaner Production,Agroforestry offers multiple ecosystem services in degraded lateritic soils,India,Southern Asia,"Regional Research Station, Jhargram, West Bengal",22.75,87.0167,Gmelina arborea,Gmelina arborea-Mango-Pigeon Pea,Product Yield,Crop Yield,m3/ha/yr..t/ha/yr,Agroforestry,Alleycropping + Agroforestry (low diversity) + Agroforestry (moderate shaded),Monoculture,2.3,,3.0,2.23,,3.0,-0.0309,,-3.0,10.0
"MD_Paut,_24_A glo_Sc_804",JA_Choud_14_Produ_Pl,"MD_Paut,_24_A glo_Sc",Choudhary et al. 2014,2014,10.1626/pps.17.342,Plant Production Science,"Productivity, weed dynamics, nutrient mining, and monetary advantage of maize-legume intercropping in the eastern himalayan region of india",India,Southern Asia,"Research Farm of the Indian Council of Agricultural Research, Research Complex for North East Hilly Region, Basar, Arunachal Pradesh",27.9802,94.6912,Maize,Maize-Cowpea,Product Yield,Crop Yield,kg/ha,Intercropping,Intercropping (N fixing mixed),Monoculture,5239.0,,3.0,1356.0,,3.0,-1.3516,,-74.1,2.0
"MD_Paut,_24_A glo_Sc_805",JA_Choud_14_Produ_Pl,"MD_Paut,_24_A glo_Sc",Choudhary et al. 2014,2014,10.1626/pps.17.342,Plant Production Science,"Productivity, weed dynamics, nutrient mining, and monetary advantage of maize-legume intercropping in the eastern himalayan region of india",India,Southern Asia,"Research Farm of the Indian Council of Agricultural Research, Research Complex for North East Hilly Region, Basar, Arunachal Pradesh",27.9802,94.6912,Maize,Maize-Cowpea,Product Yield,Crop Yield,kg/ha,Intercropping,Intercropping (N fixing mixed),Monoculture,5239.0,,3.0,2110.0,,3.0,-0.9094,,-59.7,2.0
"MD_Paut,_24_A glo_Sc_806",JA_Choud_14_Produ_Pl,"MD_Paut,_24_A glo_Sc",Choudhary et al. 2014,2014,10.1626/pps.17.342,Plant Production Science,"Productivity, weed dynamics, nutrient mining, and monetary advantage of maize-legume intercropping in the eastern himalayan region of india",India,Southern Asia,"Research Farm of the Indian Council of Agricultural Research, Research Complex for North East Hilly Region, Basar, Arunachal Pradesh",27.9802,94.6912,Maize,Maize-Cowpea,Product Yield,Crop Yield,kg/ha,Intercropping,Intercropping (N fixing mixed),Monoculture,5239.0,,3.0,4358.0,,3.0,-0.1841,,-16.8,2.0
"MD_Paut,_24_A glo_Sc_807",JA_Choud_14_Produ_Pl,"MD_Paut,_24_A glo_Sc",Choudhary et al. 2014,2014,10.1626/pps.17.342,Plant Production Science,"Productivity, weed dynamics, nutrient mining, and monetary advantage of maize-legume intercropping in the eastern himalayan region of india",India,Southern Asia,"Research Farm of the Indian Council of Agricultural Research, Research Complex for North East Hilly Region, Basar, Arunachal Pradesh",27.9802,94.6912,Maize,Maize-Common Bean,Product Yield,Crop Yield,kg/ha,Intercropping,Intercropping (N fixing mixed),Monoculture,4520.0,,3.0,1156.0,,3.0,-1.3635,,-74.4,2.0
"MD_Paut,_24_A glo_Sc_808",JA_Choud_14_Produ_Pl,"MD_Paut,_24_A glo_Sc",Choudhary et al. 2014,2014,10.1626/pps.17.342,Plant Production Science,"Productivity, weed dynamics, nutrient mining, and monetary advantage of maize-legume intercropping in the eastern himalayan region of india",India,Southern Asia,"Research Farm of the Indian Council of Agricultural Research, Research Complex for North East Hilly Region, Basar, Arunachal Pradesh",27.9802,94.6912,Maize,Maize-Common Bean,Product Yield,Crop Yield,kg/ha,Intercropping,Intercropping (N fixing mixed),Monoculture,4520.0,,3.0,1780.0,,3.0,-0.9319,,-60.6,2.0
"MD_Paut,_24_A glo_Sc_809",JA_Choud_14_Produ_Pl,"MD_Paut,_24_A glo_Sc",Choudhary et al. 2014,2014,10.1626/pps.17.342,Plant Production Science,"Productivity, weed dynamics, nutrient mining, and monetary advantage of maize-legume intercropping in the eastern himalayan region of india",India,Southern Asia,"Research Farm of the Indian Council of Agricultural Research, Research Complex for North East Hilly Region, Basar, Arunachal Pradesh",27.9802,94.6912,Maize,Maize-Common Bean,Product Yield,Crop Yield,kg/ha,Intercropping,Intercropping (N fixing mixed),Monoculture,4520.0,,3.0,3566.0,,3.0,-0.2371,,-21.1,2.0
"MD_Paut,_24_A glo_Sc_810",JA_Choud_14_Produ_Pl,"MD_Paut,_24_A glo_Sc",Choudhary et al. 2014,2014,10.1626/pps.17.342,Plant Production Science,"Productivity, weed dynamics, nutrient mining, and monetary advantage of maize-legume intercropping in the eastern himalayan region of india",India,Southern Asia,"Research Farm of the Indian Council of Agricultural Research, Research Complex for North East Hilly Region, Basar, Arunachal Pradesh",27.9802,94.6912,Maize,Maize-Black Gram,Product Yield,Crop Yield,kg/ha,Intercropping,Intercropping (N fixing mixed),Monoculture,1510.0,,3.0,410.0,,3.0,-1.3037,,-72.8,2.0
"MD_Paut,_24_A glo_Sc_811",JA_Choud_14_Produ_Pl,"MD_Paut,_24_A glo_Sc",Choudhary et al. 2014,2014,10.1626/pps.17.342,Plant Production Science,"Productivity, weed dynamics, nutrient mining, and monetary advantage of maize-legume intercropping in the eastern himalayan region of india",India,Southern Asia,"Research Farm of the Indian Council of Agricultural Research, Research Complex for North East Hilly Region, Basar, Arunachal Pradesh",27.9802,94.6912,Maize,Maize-Black Gram,Product Yield,Crop Yield,kg/ha,Intercropping,Intercropping (N fixing mixed),Monoculture,1510.0,,3.0,620.0,,3.0,-0.8901,,-58.9,2.0
"MD_Paut,_24_A glo_Sc_812",JA_Choud_14_Produ_Pl,"MD_Paut,_24_A glo_Sc",Choudhary et al. 2014,2014,10.1626/pps.17.342,Plant Production Science,"Productivity, weed dynamics, nutrient mining, and monetary advantage of maize-legume intercropping in the eastern himalayan region of india",India,Southern Asia,"Research Farm of the Indian Council of Agricultural Research, Research Complex for North East Hilly Region, Basar, Arunachal Pradesh",27.9802,94.6912,Maize,Maize-Black Gram,Product Yield,Crop Yield,kg/ha,Intercropping,Intercropping (N fixing mixed),Monoculture,1510.0,,3.0,1152.0,,3.0,-0.2706,,-23.7,2.0
"MD_Paut,_24_A glo_Sc_813",JA_Choud_14_Produ_Pl,"MD_Paut,_24_A glo_Sc",Choudhary et al. 2014,2014,10.1626/pps.17.342,Plant Production Science,"Productivity, weed dynamics, nutrient mining, and monetary advantage of maize-legume intercropping in the eastern himalayan region of india",India,Southern Asia,"Research Farm of the Indian Council of Agricultural Research, Research Complex for North East Hilly Region, Basar, Arunachal Pradesh",27.9802,94.6912,Maize,Maize-Cowpea,Product Yield,Crop Yield,kg/ha,Intercropping,Intercropping (N fixing mixed),Monoculture,4567.0,,3.0,2267.0,,3.0,-0.7004,,-50.4,2.0
"MD_Paut,_24_A glo_Sc_814",JA_Choud_14_Produ_Pl,"MD_Paut,_24_A glo_Sc",Choudhary et al. 2014,2014,10.1626/pps.17.342,Plant Production Science,"Productivity, weed dynamics, nutrient mining, and monetary advantage of maize-legume intercropping in the eastern himalayan region of india",India,Southern Asia,"Research Farm of the Indian Council of Agricultural Research, Research Complex for North East Hilly Region, Basar, Arunachal Pradesh",27.9802,94.6912,Maize,Maize-Cowpea,Product Yield,Crop Yield,kg/ha,Intercropping,Intercropping (N fixing mixed),Monoculture,4567.0,,3.0,3700.0,,3.0,-0.2105,,-19.0,2.0
"MD_Paut,_24_A glo_Sc_815",JA_Choud_14_Produ_Pl,"MD_Paut,_24_A glo_Sc",Choudhary et al. 2014,2014,10.1626/pps.17.342,Plant Production Science,"Productivity, weed dynamics, nutrient mining, and monetary advantage of maize-legume intercropping in the eastern himalayan region of india",India,Southern Asia,"Research Farm of the Indian Council of Agricultural Research, Research Complex for North East Hilly Region, Basar, Arunachal Pradesh",27.9802,94.6912,Maize,Maize-Cowpea,Product Yield,Crop Yield,kg/ha,Intercropping,Intercropping (N fixing mixed),Monoculture,4567.0,,3.0,4367.0,,3.0,-0.0448,,-4.4,2.0
"MD_Paut,_24_A glo_Sc_816",JA_Choud_14_Produ_Pl,"MD_Paut,_24_A glo_Sc",Choudhary et al. 2014,2014,10.1626/pps.17.342,Plant Production Science,"Productivity, weed dynamics, nutrient mining, and monetary advantage of maize-legume intercropping in the eastern himalayan region of india",India,Southern Asia,"Research Farm of the Indian Council of Agricultural Research, Research Complex for North East Hilly Region, Basar, Arunachal Pradesh",27.9802,94.6912,Maize,Maize-Common Bean,Product Yield,Crop Yield,kg/ha,Intercropping,Intercropping (N fixing mixed),Monoculture,4033.0,,3.0,2313.0,,3.0,-0.556,,-42.6,2.0
"MD_Paut,_24_A glo_Sc_817",JA_Choud_14_Produ_Pl,"MD_Paut,_24_A glo_Sc",Choudhary et al. 2014,2014,10.1626/pps.17.342,Plant Production Science,"Productivity, weed dynamics, nutrient mining, and monetary advantage of maize-legume intercropping in the eastern himalayan region of india",India,Southern Asia,"Research Farm of the Indian Council of Agricultural Research, Research Complex for North East Hilly Region, Basar, Arunachal Pradesh",27.9802,94.6912,Maize,Maize-Common Bean,Product Yield,Crop Yield,kg/ha,Intercropping,Intercropping (N fixing mixed),Monoculture,4033.0,,3.0,3233.0,,3.0,-0.2211,,-19.8,2.0
"MD_Paut,_24_A glo_Sc_818",JA_Choud_14_Produ_Pl,"MD_Paut,_24_A glo_Sc",Choudhary et al. 2014,2014,10.1626/pps.17.342,Plant Production Science,"Productivity, weed dynamics, nutrient mining, and monetary advantage of maize-legume intercropping in the eastern himalayan region of india",India,Southern Asia,"Research Farm of the Indian Council of Agricultural Research, Research Complex for North East Hilly Region, Basar, Arunachal Pradesh",27.9802,94.6912,Maize,Maize-Common Bean,Product Yield,Crop Yield,kg/ha,Intercropping,Intercropping (N fixing mixed),Monoculture,4033.0,,3.0,3517.0,,3.0,-0.1369,,-12.8,2.0
"MD_Paut,_24_A glo_Sc_819",JA_Choud_14_Produ_Pl,"MD_Paut,_24_A glo_Sc",Choudhary et al. 2014,2014,10.1626/pps.17.342,Plant Production Science,"Productivity, weed dynamics, nutrient mining, and monetary advantage of maize-legume intercropping in the eastern himalayan region of india",India,Southern Asia,"Research Farm of the Indian Council of Agricultural Research, Research Complex for North East Hilly Region, Basar, Arunachal Pradesh",27.9802,94.6912,Maize,Maize-Black Gram,Product Yield,Crop Yield,kg/ha,Intercropping,Intercropping (N fixing mixed),Monoculture,1300.0,,3.0,470.0,,3.0,-1.0174,,-63.8,2.0
"MD_Paut,_24_A glo_Sc_820",JA_Choud_14_Produ_Pl,"MD_Paut,_24_A glo_Sc",Choudhary et al. 2014,2014,10.1626/pps.17.342,Plant Production Science,"Productivity, weed dynamics, nutrient mining, and monetary advantage of maize-legume intercropping in the eastern himalayan region of india",India,Southern Asia,"Research Farm of the Indian Council of Agricultural Research, Research Complex for North East Hilly Region, Basar, Arunachal Pradesh",27.9802,94.6912,Maize,Maize-Black Gram,Product Yield,Crop Yield,kg/ha,Intercropping,Intercropping (N fixing mixed),Monoculture,1300.0,,3.0,917.0,,3.0,-0.349,,-29.5,2.0
"MD_Paut,_24_A glo_Sc_821",JA_Choud_14_Produ_Pl,"MD_Paut,_24_A glo_Sc",Choudhary et al. 2014,2014,10.1626/pps.17.342,Plant Production Science,"Productivity, weed dynamics, nutrient mining, and monetary advantage of maize-legume intercropping in the eastern himalayan region of india",India,Southern Asia,"Research Farm of the Indian Council of Agricultural Research, Research Complex for North East Hilly Region, Basar, Arunachal Pradesh",27.9802,94.6912,Maize,Maize-Black Gram,Product Yield,Crop Yield,kg/ha,Intercropping,Intercropping (N fixing mixed),Monoculture,1300.0,,3.0,117.0,,3.0,-2.4079,,-91.0,2.0
"MD_Paut,_24_A glo_Sc_822",JA_Choud_16_Resou_Cr,"MD_Paut,_24_A glo_Sc",Choudhary et al. 2016,2016,10.1071/CP15233,Crop and Pasture Science,Resource-use maximisation through legume intercropping with maize in the eastern Himalayan region of India,India,Southern Asia,"Research Farm of the Indian Council of Agricultural Research, Research Complex for North East Hilly Region, Basar, Arunachal Pradesh",27.9802,94.6912,Maize,Maize-Soybean,Product Yield,Crop Yield,kg/ha,Intercropping,Intercropping (N fixing mixed),Monoculture,1874.7,,3.0,432.4,,3.0,-1.4669,,-76.9,2.0
"MD_Paut,_24_A glo_Sc_823",JA_Choud_16_Resou_Cr,"MD_Paut,_24_A glo_Sc",Choudhary et al. 2016,2016,10.1071/CP15233,Crop and Pasture Science,Resource-use maximisation through legume intercropping with maize in the eastern Himalayan region of India,India,Southern Asia,"Research Farm of the Indian Council of Agricultural Research, Research Complex for North East Hilly Region, Basar, Arunachal Pradesh",27.9802,94.6912,Maize,Maize-Soybean,Product Yield,Crop Yield,kg/ha,Intercropping,Intercropping (N fixing mixed),Monoculture,1874.7,,3.0,783.4,,3.0,-0.8726,,-58.2,2.0
"MD_Paut,_24_A glo_Sc_824",JA_Choud_16_Resou_Cr,"MD_Paut,_24_A glo_Sc",Choudhary et al. 2016,2016,10.1071/CP15233,Crop and Pasture Science,Resource-use maximisation through legume intercropping with maize in the eastern Himalayan region of India,India,Southern Asia,"Research Farm of the Indian Council of Agricultural Research, Research Complex for North East Hilly Region, Basar, Arunachal Pradesh",27.9802,94.6912,Maize,Maize-Soybean,Product Yield,Crop Yield,kg/ha,Intercropping,Intercropping (N fixing mixed),Monoculture,1874.7,,3.0,1733.9,,3.0,-0.0781,,-7.5,2.0
"MD_Paut,_24_A glo_Sc_825",JA_Choud_16_Resou_Cr,"MD_Paut,_24_A glo_Sc",Choudhary et al. 2016,2016,10.1071/CP15233,Crop and Pasture Science,Resource-use maximisation through legume intercropping with maize in the eastern Himalayan region of India,India,Southern Asia,"Research Farm of the Indian Council of Agricultural Research, Research Complex for North East Hilly Region, Basar, Arunachal Pradesh",27.9802,94.6912,Maize,Maize-Groundnut,Product Yield,Crop Yield,kg/ha,Intercropping,Intercropping (N fixing mixed),Monoculture,1525.9,,3.0,359.7,,3.0,-1.4451,,-76.4,2.0
"MD_Paut,_24_A glo_Sc_826",JA_Choud_16_Resou_Cr,"MD_Paut,_24_A glo_Sc",Choudhary et al. 2016,2016,10.1071/CP15233,Crop and Pasture Science,Resource-use maximisation through legume intercropping with maize in the eastern Himalayan region of India,India,Southern Asia,"Research Farm of the Indian Council of Agricultural Research, Research Complex for North East Hilly Region, Basar, Arunachal Pradesh",27.9802,94.6912,Maize,Maize-Groundnut,Product Yield,Crop Yield,kg/ha,Intercropping,Intercropping (N fixing mixed),Monoculture,1525.9,,3.0,667.5,,3.0,-0.8268,,-56.3,2.0
"MD_Paut,_24_A glo_Sc_827",JA_Choud_16_Resou_Cr,"MD_Paut,_24_A glo_Sc",Choudhary et al. 2016,2016,10.1071/CP15233,Crop and Pasture Science,Resource-use maximisation through legume intercropping with maize in the eastern Himalayan region of India,India,Southern Asia,"Research Farm of the Indian Council of Agricultural Research, Research Complex for North East Hilly Region, Basar, Arunachal Pradesh",27.9802,94.6912,Maize,Maize-Groundnut,Product Yield,Crop Yield,kg/ha,Intercropping,Intercropping (N fixing mixed),Monoculture,1525.9,,3.0,1306.0,,3.0,-0.1556,,-14.4,2.0
"MD_Paut,_24_A glo_Sc_828","JA_Dua, _17_Effec_LR","MD_Paut,_24_A glo_Sc",Dua et al. 2017,2017,10.18805/lr.v0i0.7841,LR,"Effect of nitrogen application to intercrops on yield, competition, nutrient use efficiency and economics in potato (Solanum Tuberosum L.) plus French bean (Phaseolus Vulgaris L.) system in north-western hills of India",India,Southern Asia,"CPRI Experimental Farm, Shimla (H.P)",31.0964,77.1717,Potato,Potato-Common Bean,Product Yield,Crop Yield,q/ha,Intercropping,Intercropping (N fixing mixed),Monoculture,108.0,,11.0,65.6,,11.0,-0.4986,,-39.3,3.0
"MD_Paut,_24_A glo_Sc_829","JA_Dua, _17_Effec_LR","MD_Paut,_24_A glo_Sc",Dua et al. 2017,2017,10.18805/lr.v0i0.7841,LR,"Effect of nitrogen application to intercrops on yield, competition, nutrient use efficiency and economics in potato (Solanum Tuberosum L.) plus French bean (Phaseolus Vulgaris L.) system in north-western hills of India",India,Southern Asia,"CPRI Experimental Farm, Shimla (H.P)",31.0964,77.1717,Potato,Potato-Common Bean,Product Yield,Crop Yield,q/ha,Intercropping,Intercropping (N fixing mixed),Monoculture,108.0,,11.0,76.3,,11.0,-0.3475,,-29.4,3.0
"MD_Paut,_24_A glo_Sc_830","JA_Dua, _17_Effec_LR","MD_Paut,_24_A glo_Sc",Dua et al. 2017,2017,10.18805/lr.v0i0.7841,LR,"Effect of nitrogen application to intercrops on yield, competition, nutrient use efficiency and economics in potato (Solanum Tuberosum L.) plus French bean (Phaseolus Vulgaris L.) system in north-western hills of India",India,Southern Asia,"CPRI Experimental Farm, Shimla (H.P)",31.0964,77.1717,Potato,Potato-Common Bean,Product Yield,Crop Yield,q/ha,Intercropping,Intercropping (N fixing mixed),Monoculture,108.0,,11.0,86.2,,11.0,-0.2255,,-20.2,3.0
"MD_Paut,_24_A glo_Sc_831","JA_Dua, _17_Effec_LR","MD_Paut,_24_A glo_Sc",Dua et al. 2017,2017,10.18805/lr.v0i0.7841,LR,"Effect of nitrogen application to intercrops on yield, competition, nutrient use efficiency and economics in potato (Solanum Tuberosum L.) plus French bean (Phaseolus Vulgaris L.) system in north-western hills of India",India,Southern Asia,"CPRI Experimental Farm, Shimla (H.P)",31.0964,77.1717,Potato,Potato-Common Bean,Product Yield,Crop Yield,q/ha,Intercropping,Intercropping (N fixing mixed),Monoculture,108.0,,11.0,92.0,,11.0,-0.1603,,-14.8,3.0
"MD_Paut,_24_A glo_Sc_832","JA_Dua, _17_Effec_LR","MD_Paut,_24_A glo_Sc",Dua et al. 2017,2017,10.18805/lr.v0i0.7841,LR,"Effect of nitrogen application to intercrops on yield, competition, nutrient use efficiency and economics in potato (Solanum Tuberosum L.) plus French bean (Phaseolus Vulgaris L.) system in north-western hills of India",India,Southern Asia,"CPRI Experimental Farm, Shimla (H.P)",31.0964,77.1717,Potato,Potato-Common Bean,Product Yield,Crop Yield,q/ha,Intercropping,Intercropping (N fixing mixed),Monoculture,108.0,,11.0,96.9,,11.0,-0.1085,,-10.3,3.0
"MD_Paut,_24_A glo_Sc_833","JA_Dua, _17_Effec_LR","MD_Paut,_24_A glo_Sc",Dua et al. 2017,2017,10.18805/lr.v0i0.7841,LR,"Effect of nitrogen application to intercrops on yield, competition, nutrient use efficiency and economics in potato (Solanum Tuberosum L.) plus French bean (Phaseolus Vulgaris L.) system in north-western hills of India",India,Southern Asia,"CPRI Experimental Farm, Shimla (H.P)",31.0964,77.1717,Potato,Potato-Common Bean,Product Yield,Crop Yield,q/ha,Intercropping,Intercropping (N fixing mixed),Monoculture,135.9,,11.0,65.6,,11.0,-0.7283,,-51.7,3.0
"MD_Paut,_24_A glo_Sc_834","JA_Dua, _17_Effec_LR","MD_Paut,_24_A glo_Sc",Dua et al. 2017,2017,10.18805/lr.v0i0.7841,LR,"Effect of nitrogen application to intercrops on yield, competition, nutrient use efficiency and economics in potato (Solanum Tuberosum L.) plus French bean (Phaseolus Vulgaris L.) system in north-western hills of India",India,Southern Asia,"CPRI Experimental Farm, Shimla (H.P)",31.0964,77.1717,Potato,Potato-Common Bean,Product Yield,Crop Yield,q/ha,Intercropping,Intercropping (N fixing mixed),Monoculture,135.9,,11.0,76.3,,11.0,-0.5772,,-43.9,3.0
"MD_Paut,_24_A glo_Sc_835","JA_Dua, _17_Effec_LR","MD_Paut,_24_A glo_Sc",Dua et al. 2017,2017,10.18805/lr.v0i0.7841,LR,"Effect of nitrogen application to intercrops on yield, competition, nutrient use efficiency and economics in potato (Solanum Tuberosum L.) plus French bean (Phaseolus Vulgaris L.) system in north-western hills of India",India,Southern Asia,"CPRI Experimental Farm, Shimla (H.P)",31.0964,77.1717,Potato,Potato-Common Bean,Product Yield,Crop Yield,q/ha,Intercropping,Intercropping (N fixing mixed),Monoculture,135.9,,11.0,86.2,,11.0,-0.4552,,-36.6,3.0
"MD_Paut,_24_A glo_Sc_836","JA_Dua, _17_Effec_LR","MD_Paut,_24_A glo_Sc",Dua et al. 2017,2017,10.18805/lr.v0i0.7841,LR,"Effect of nitrogen application to intercrops on yield, competition, nutrient use efficiency and economics in potato (Solanum Tuberosum L.) plus French bean (Phaseolus Vulgaris L.) system in north-western hills of India",India,Southern Asia,"CPRI Experimental Farm, Shimla (H.P)",31.0964,77.1717,Potato,Potato-Common Bean,Product Yield,Crop Yield,q/ha,Intercropping,Intercropping (N fixing mixed),Monoculture,135.9,,11.0,92.0,,11.0,-0.3901,,-32.3,3.0
"MD_Paut,_24_A glo_Sc_837","JA_Dua, _17_Effec_LR","MD_Paut,_24_A glo_Sc",Dua et al. 2017,2017,10.18805/lr.v0i0.7841,LR,"Effect of nitrogen application to intercrops on yield, competition, nutrient use efficiency and economics in potato (Solanum Tuberosum L.) plus French bean (Phaseolus Vulgaris L.) system in north-western hills of India",India,Southern Asia,"CPRI Experimental Farm, Shimla (H.P)",31.0964,77.1717,Potato,Potato-Common Bean,Product Yield,Crop Yield,q/ha,Intercropping,Intercropping (N fixing mixed),Monoculture,135.9,,11.0,96.9,,11.0,-0.3382,,-28.7,3.0
"MD_Paut,_24_A glo_Sc_838","JA_Dua, _17_Effec_LR","MD_Paut,_24_A glo_Sc",Dua et al. 2017,2017,10.18805/lr.v0i0.7841,LR,"Effect of nitrogen application to intercrops on yield, competition, nutrient use efficiency and economics in potato (Solanum Tuberosum L.) plus French bean (Phaseolus Vulgaris L.) system in north-western hills of India",India,Southern Asia,"CPRI Experimental Farm, Shimla (H.P)",31.0964,77.1717,Potato,Potato-Common Bean,Product Yield,Crop Yield,q/ha,Intercropping,Intercropping (N fixing mixed),Monoculture,77.7,,11.0,49.2,,11.0,-0.457,,-36.7,3.0
"MD_Paut,_24_A glo_Sc_839","JA_Dua, _17_Effec_LR","MD_Paut,_24_A glo_Sc",Dua et al. 2017,2017,10.18805/lr.v0i0.7841,LR,"Effect of nitrogen application to intercrops on yield, competition, nutrient use efficiency and economics in potato (Solanum Tuberosum L.) plus French bean (Phaseolus Vulgaris L.) system in north-western hills of India",India,Southern Asia,"CPRI Experimental Farm, Shimla (H.P)",31.0964,77.1717,Potato,Potato-Common Bean,Product Yield,Crop Yield,q/ha,Intercropping,Intercropping (N fixing mixed),Monoculture,77.7,,11.0,57.7,,11.0,-0.2976,,-25.7,3.0
"MD_Paut,_24_A glo_Sc_840","JA_Dua, _17_Effec_LR","MD_Paut,_24_A glo_Sc",Dua et al. 2017,2017,10.18805/lr.v0i0.7841,LR,"Effect of nitrogen application to intercrops on yield, competition, nutrient use efficiency and economics in potato (Solanum Tuberosum L.) plus French bean (Phaseolus Vulgaris L.) system in north-western hills of India",India,Southern Asia,"CPRI Experimental Farm, Shimla (H.P)",31.0964,77.1717,Potato,Potato-Common Bean,Product Yield,Crop Yield,q/ha,Intercropping,Intercropping (N fixing mixed),Monoculture,77.7,,11.0,62.5,,11.0,-0.2177,,-19.6,3.0
"MD_Paut,_24_A glo_Sc_841","JA_Dua, _17_Effec_LR","MD_Paut,_24_A glo_Sc",Dua et al. 2017,2017,10.18805/lr.v0i0.7841,LR,"Effect of nitrogen application to intercrops on yield, competition, nutrient use efficiency and economics in potato (Solanum Tuberosum L.) plus French bean (Phaseolus Vulgaris L.) system in north-western hills of India",India,Southern Asia,"CPRI Experimental Farm, Shimla (H.P)",31.0964,77.1717,Potato,Potato-Common Bean,Product Yield,Crop Yield,q/ha,Intercropping,Intercropping (N fixing mixed),Monoculture,77.7,,11.0,64.2,,11.0,-0.1909,,-17.4,3.0
"MD_Paut,_24_A glo_Sc_842","JA_Dua, _17_Effec_LR","MD_Paut,_24_A glo_Sc",Dua et al. 2017,2017,10.18805/lr.v0i0.7841,LR,"Effect of nitrogen application to intercrops on yield, competition, nutrient use efficiency and economics in potato (Solanum Tuberosum L.) plus French bean (Phaseolus Vulgaris L.) system in north-western hills of India",India,Southern Asia,"CPRI Experimental Farm, Shimla (H.P)",31.0964,77.1717,Potato,Potato-Common Bean,Product Yield,Crop Yield,q/ha,Intercropping,Intercropping (N fixing mixed),Monoculture,77.7,,11.0,66.7,,11.0,-0.1527,,-14.2,3.0
"MD_Paut,_24_A glo_Sc_843","JA_Dua, _17_Effec_LR","MD_Paut,_24_A glo_Sc",Dua et al. 2017,2017,10.18805/lr.v0i0.7841,LR,"Effect of nitrogen application to intercrops on yield, competition, nutrient use efficiency and economics in potato (Solanum Tuberosum L.) plus French bean (Phaseolus Vulgaris L.) system in north-western hills of India",India,Southern Asia,"CPRI Experimental Farm, Shimla (H.P)",31.0964,77.1717,Potato,Potato-Common Bean,Product Yield,Crop Yield,q/ha,Intercropping,Intercropping (N fixing mixed),Monoculture,96.5,,11.0,49.2,,11.0,-0.6736,,-49.0,3.0
"MD_Paut,_24_A glo_Sc_844","JA_Dua, _17_Effec_LR","MD_Paut,_24_A glo_Sc",Dua et al. 2017,2017,10.18805/lr.v0i0.7841,LR,"Effect of nitrogen application to intercrops on yield, competition, nutrient use efficiency and economics in potato (Solanum Tuberosum L.) plus French bean (Phaseolus Vulgaris L.) system in north-western hills of India",India,Southern Asia,"CPRI Experimental Farm, Shimla (H.P)",31.0964,77.1717,Potato,Potato-Common Bean,Product Yield,Crop Yield,q/ha,Intercropping,Intercropping (N fixing mixed),Monoculture,96.5,,11.0,57.7,,11.0,-0.5143,,-40.2,3.0
"MD_Paut,_24_A glo_Sc_845","JA_Dua, _17_Effec_LR","MD_Paut,_24_A glo_Sc",Dua et al. 2017,2017,10.18805/lr.v0i0.7841,LR,"Effect of nitrogen application to intercrops on yield, competition, nutrient use efficiency and economics in potato (Solanum Tuberosum L.) plus French bean (Phaseolus Vulgaris L.) system in north-western hills of India",India,Southern Asia,"CPRI Experimental Farm, Shimla (H.P)",31.0964,77.1717,Potato,Potato-Common Bean,Product Yield,Crop Yield,q/ha,Intercropping,Intercropping (N fixing mixed),Monoculture,96.5,,11.0,62.5,,11.0,-0.4344,,-35.2,3.0
"MD_Paut,_24_A glo_Sc_846","JA_Dua, _17_Effec_LR","MD_Paut,_24_A glo_Sc",Dua et al. 2017,2017,10.18805/lr.v0i0.7841,LR,"Effect of nitrogen application to intercrops on yield, competition, nutrient use efficiency and economics in potato (Solanum Tuberosum L.) plus French bean (Phaseolus Vulgaris L.) system in north-western hills of India",India,Southern Asia,"CPRI Experimental Farm, Shimla (H.P)",31.0964,77.1717,Potato,Potato-Common Bean,Product Yield,Crop Yield,q/ha,Intercropping,Intercropping (N fixing mixed),Monoculture,96.5,,11.0,64.2,,11.0,-0.4075,,-33.5,3.0
"MD_Paut,_24_A glo_Sc_847","JA_Dua, _17_Effec_LR","MD_Paut,_24_A glo_Sc",Dua et al. 2017,2017,10.18805/lr.v0i0.7841,LR,"Effect of nitrogen application to intercrops on yield, competition, nutrient use efficiency and economics in potato (Solanum Tuberosum L.) plus French bean (Phaseolus Vulgaris L.) system in north-western hills of India",India,Southern Asia,"CPRI Experimental Farm, Shimla (H.P)",31.0964,77.1717,Potato,Potato-Common Bean,Product Yield,Crop Yield,q/ha,Intercropping,Intercropping (N fixing mixed),Monoculture,96.5,,11.0,66.7,,11.0,-0.3693,,-30.9,3.0
"MD_Paut,_24_A glo_Sc_848","JA_Dua, _17_Effec_LR","MD_Paut,_24_A glo_Sc",Dua et al. 2017,2017,10.18805/lr.v0i0.7841,LR,"Effect of nitrogen application to intercrops on yield, competition, nutrient use efficiency and economics in potato (Solanum Tuberosum L.) plus French bean (Phaseolus Vulgaris L.) system in north-western hills of India",India,Southern Asia,"CPRI Experimental Farm, Shimla (H.P)",31.0964,77.1717,Potato,Potato-Common Bean,Product Yield,Crop Yield,q/ha,Intercropping,Intercropping (N fixing mixed),Monoculture,88.9,,11.0,55.2,,11.0,-0.4765,,-37.9,3.0
"MD_Paut,_24_A glo_Sc_849","JA_Dua, _17_Effec_LR","MD_Paut,_24_A glo_Sc",Dua et al. 2017,2017,10.18805/lr.v0i0.7841,LR,"Effect of nitrogen application to intercrops on yield, competition, nutrient use efficiency and economics in potato (Solanum Tuberosum L.) plus French bean (Phaseolus Vulgaris L.) system in north-western hills of India",India,Southern Asia,"CPRI Experimental Farm, Shimla (H.P)",31.0964,77.1717,Potato,Potato-Common Bean,Product Yield,Crop Yield,q/ha,Intercropping,Intercropping (N fixing mixed),Monoculture,88.9,,11.0,64.4,,11.0,-0.3224,,-27.6,3.0
"MD_Paut,_24_A glo_Sc_850","JA_Dua, _17_Effec_LR","MD_Paut,_24_A glo_Sc",Dua et al. 2017,2017,10.18805/lr.v0i0.7841,LR,"Effect of nitrogen application to intercrops on yield, competition, nutrient use efficiency and economics in potato (Solanum Tuberosum L.) plus French bean (Phaseolus Vulgaris L.) system in north-western hills of India",India,Southern Asia,"CPRI Experimental Farm, Shimla (H.P)",31.0964,77.1717,Potato,Potato-Common Bean,Product Yield,Crop Yield,q/ha,Intercropping,Intercropping (N fixing mixed),Monoculture,88.9,,11.0,71.9,,11.0,-0.2122,,-19.1,3.0
"MD_Paut,_24_A glo_Sc_851","JA_Dua, _17_Effec_LR","MD_Paut,_24_A glo_Sc",Dua et al. 2017,2017,10.18805/lr.v0i0.7841,LR,"Effect of nitrogen application to intercrops on yield, competition, nutrient use efficiency and economics in potato (Solanum Tuberosum L.) plus French bean (Phaseolus Vulgaris L.) system in north-western hills of India",India,Southern Asia,"CPRI Experimental Farm, Shimla (H.P)",31.0964,77.1717,Potato,Potato-Common Bean,Product Yield,Crop Yield,q/ha,Intercropping,Intercropping (N fixing mixed),Monoculture,88.9,,11.0,78.4,,11.0,-0.1257,,-11.8,3.0
"MD_Paut,_24_A glo_Sc_852","JA_Dua, _17_Effec_LR","MD_Paut,_24_A glo_Sc",Dua et al. 2017,2017,10.18805/lr.v0i0.7841,LR,"Effect of nitrogen application to intercrops on yield, competition, nutrient use efficiency and economics in potato (Solanum Tuberosum L.) plus French bean (Phaseolus Vulgaris L.) system in north-western hills of India",India,Southern Asia,"CPRI Experimental Farm, Shimla (H.P)",31.0964,77.1717,Potato,Potato-Common Bean,Product Yield,Crop Yield,q/ha,Intercropping,Intercropping (N fixing mixed),Monoculture,88.9,,11.0,77.4,,11.0,-0.1385,,-12.9,3.0
"MD_Paut,_24_A glo_Sc_853","JA_Dua, _17_Effec_LR","MD_Paut,_24_A glo_Sc",Dua et al. 2017,2017,10.18805/lr.v0i0.7841,LR,"Effect of nitrogen application to intercrops on yield, competition, nutrient use efficiency and economics in potato (Solanum Tuberosum L.) plus French bean (Phaseolus Vulgaris L.) system in north-western hills of India",India,Southern Asia,"CPRI Experimental Farm, Shimla (H.P)",31.0964,77.1717,Potato,Potato-Common Bean,Product Yield,Crop Yield,q/ha,Intercropping,Intercropping (N fixing mixed),Monoculture,108.0,,11.0,55.2,,11.0,-0.6712,,-48.9,3.0
"MD_Paut,_24_A glo_Sc_854","JA_Dua, _17_Effec_LR","MD_Paut,_24_A glo_Sc",Dua et al. 2017,2017,10.18805/lr.v0i0.7841,LR,"Effect of nitrogen application to intercrops on yield, competition, nutrient use efficiency and economics in potato (Solanum Tuberosum L.) plus French bean (Phaseolus Vulgaris L.) system in north-western hills of India",India,Southern Asia,"CPRI Experimental Farm, Shimla (H.P)",31.0964,77.1717,Potato,Potato-Common Bean,Product Yield,Crop Yield,q/ha,Intercropping,Intercropping (N fixing mixed),Monoculture,108.0,,11.0,64.4,,11.0,-0.517,,-40.4,3.0
"MD_Paut,_24_A glo_Sc_855","JA_Dua, _17_Effec_LR","MD_Paut,_24_A glo_Sc",Dua et al. 2017,2017,10.18805/lr.v0i0.7841,LR,"Effect of nitrogen application to intercrops on yield, competition, nutrient use efficiency and economics in potato (Solanum Tuberosum L.) plus French bean (Phaseolus Vulgaris L.) system in north-western hills of India",India,Southern Asia,"CPRI Experimental Farm, Shimla (H.P)",31.0964,77.1717,Potato,Potato-Common Bean,Product Yield,Crop Yield,q/ha,Intercropping,Intercropping (N fixing mixed),Monoculture,108.0,,11.0,71.9,,11.0,-0.4069,,-33.4,3.0
"MD_Paut,_24_A glo_Sc_856","JA_Dua, _17_Effec_LR","MD_Paut,_24_A glo_Sc",Dua et al. 2017,2017,10.18805/lr.v0i0.7841,LR,"Effect of nitrogen application to intercrops on yield, competition, nutrient use efficiency and economics in potato (Solanum Tuberosum L.) plus French bean (Phaseolus Vulgaris L.) system in north-western hills of India",India,Southern Asia,"CPRI Experimental Farm, Shimla (H.P)",31.0964,77.1717,Potato,Potato-Common Bean,Product Yield,Crop Yield,q/ha,Intercropping,Intercropping (N fixing mixed),Monoculture,108.0,,11.0,78.4,,11.0,-0.3203,,-27.4,3.0
"MD_Paut,_24_A glo_Sc_857","JA_Dua, _17_Effec_LR","MD_Paut,_24_A glo_Sc",Dua et al. 2017,2017,10.18805/lr.v0i0.7841,LR,"Effect of nitrogen application to intercrops on yield, competition, nutrient use efficiency and economics in potato (Solanum Tuberosum L.) plus French bean (Phaseolus Vulgaris L.) system in north-western hills of India",India,Southern Asia,"CPRI Experimental Farm, Shimla (H.P)",31.0964,77.1717,Potato,Potato-Common Bean,Product Yield,Crop Yield,q/ha,Intercropping,Intercropping (N fixing mixed),Monoculture,108.0,,11.0,77.4,,11.0,-0.3331,,-28.3,3.0
"MD_Paut,_24_A glo_Sc_858",JA_Kidan_17_Maize_Op,"MD_Paut,_24_A glo_Sc",Kidane et al. 2017,2017,10.1515/opag-2017-0044,Open Agriculture,Maize and potato intercropping: A technology to increase productivity and profitability in tigray,Ethiopia,Eastern Africa,Hawzen district,13.2544,39.4506,Maize,Maize-Potato,Product Yield,Crop Yield,t/ha,Intercropping,Intercropping (Non N fixing),Monoculture,34.36,,3.0,14.09,,3.0,-0.8914,,-59.0,0.75
"MD_Paut,_24_A glo_Sc_859",JA_Kidan_17_Maize_Op,"MD_Paut,_24_A glo_Sc",Kidane et al. 2017,2017,10.1515/opag-2017-0044,Open Agriculture,Maize and potato intercropping: A technology to increase productivity and profitability in tigray,Ethiopia,Eastern Africa,Hawzen district,13.2544,39.4506,Maize,Maize-Potato,Product Yield,Crop Yield,t/ha,Intercropping,Intercropping (Non N fixing),Monoculture,34.36,,3.0,18.22,,3.0,-0.6344,,-47.0,0.75
"MD_Paut,_24_A glo_Sc_860",JA_Kidan_17_Maize_Op,"MD_Paut,_24_A glo_Sc",Kidane et al. 2017,2017,10.1515/opag-2017-0044,Open Agriculture,Maize and potato intercropping: A technology to increase productivity and profitability in tigray,Ethiopia,Eastern Africa,Hawzen district,13.2544,39.4506,Maize,Maize-Potato,Product Yield,Crop Yield,t/ha,Intercropping,Intercropping (Non N fixing),Monoculture,34.36,,3.0,27.82,,3.0,-0.2111,,-19.0,0.75
"MD_Paut,_24_A glo_Sc_861",JA_Phiri_24_Compa_Ag,"MD_Paut,_24_A glo_Sc",Phiri et al. 2024,2024,10.1002/agg2.20503,Agrosystems Geosci &amp; Env,Comparative effects of legume-based intercropping systems involving pigeon pea and cowpea under deep-bed and conventional tillage systems in Malawi,Malawi,Southern Africa,Msongwe,-11.4742,34.0581,Pigeon Pea,Pigeon Pea-Cowpea,Product Yield,Crop Yield,kg/ha,Intercropping,Intercropping (N fixing),Monoculture,953.5,,3.0,677.5,,3.0,-0.3417,,-28.9,2.0
"MD_Paut,_24_A glo_Sc_862",JA_Phiri_24_Compa_Ag,"MD_Paut,_24_A glo_Sc",Phiri et al. 2024,2024,10.1002/agg2.20503,Agrosystems Geosci &amp; Env,Comparative effects of legume-based intercropping systems involving pigeon pea and cowpea under deep-bed and conventional tillage systems in Malawi,Malawi,Southern Africa,Msongwe,-11.4742,34.0581,Cowpea,Cowpea-Maize,Product Yield,Crop Yield,kg/ha,Intercropping,Intercropping (N fixing mixed),Monoculture,953.5,,3.0,683.0,,3.0,-0.3336,,-28.4,2.0
"MD_Paut,_24_A glo_Sc_863",JA_Phiri_24_Compa_Ag,"MD_Paut,_24_A glo_Sc",Phiri et al. 2024,2024,10.1002/agg2.20503,Agrosystems Geosci &amp; Env,Comparative effects of legume-based intercropping systems involving pigeon pea and cowpea under deep-bed and conventional tillage systems in Malawi,Malawi,Southern Africa,Msongwe,-11.4742,34.0581,Pigeon Pea,Pigeon Pea-Cowpea,Product Yield,Crop Yield,kg/ha,Intercropping,Intercropping (N fixing),Monoculture,1187.7,,3.0,735.3,,3.0,-0.4795,,-38.1,2.0
"MD_Paut,_24_A glo_Sc_864",JA_Phiri_24_Compa_Ag,"MD_Paut,_24_A glo_Sc",Phiri et al. 2024,2024,10.1002/agg2.20503,Agrosystems Geosci &amp; Env,Comparative effects of legume-based intercropping systems involving pigeon pea and cowpea under deep-bed and conventional tillage systems in Malawi,Malawi,Southern Africa,Msongwe,-11.4742,34.0581,Cowpea,Cowpea-Maize,Product Yield,Crop Yield,kg/ha,Intercropping,Intercropping (N fixing mixed),Monoculture,1187.7,,3.0,731.8,,3.0,-0.4843,,-38.4,2.0
"MD_Paut,_24_A glo_Sc_865","JA_Rao, _90_Produ_Fi","MD_Paut,_24_A glo_Sc",Rao et al. 1990,1990,10.1016/0378-4290(90)90060-O,Field Crops Research,Productivity and risk evaluation in constrasting intercropping systems,India,Southern Asia,"ICRISAT Center, Patancheru",17.5178,78.279,Pearl Millet,Pearl Millet-Groundnut,Product Yield,Crop Yield,t/ha,Intercropping,Intercropping (N fixing mixed),Monoculture,2.71,0.68,36.0,1.36,0.55,36.0,-0.6895,0.0793,-49.8,4.0
"MD_Paut,_24_A glo_Sc_866","JA_Rao, _90_Produ_Fi","MD_Paut,_24_A glo_Sc",Rao et al. 1990,1990,10.1016/0378-4290(90)90060-O,Field Crops Research,Productivity and risk evaluation in constrasting intercropping systems,India,Southern Asia,"ICRISAT Center, Patancheru",17.5178,78.279,Sorghum,Sorghum-Pearl Millet,Product Yield,Crop Yield,t/ha,Intercropping,Intercropping (Non N fixing),Monoculture,2.71,0.68,36.0,1.59,0.42,36.0,-0.5332,0.0607,-41.3,4.0
"MD_Paut,_24_A glo_Sc_867","JA_Rao, _90_Produ_Fi","MD_Paut,_24_A glo_Sc",Rao et al. 1990,1990,10.1016/0378-4290(90)90060-O,Field Crops Research,Productivity and risk evaluation in constrasting intercropping systems,India,Southern Asia,"ICRISAT Center, Patancheru",17.5178,78.279,Sorghum,Sorghum-Pigeon Pea,Product Yield,Crop Yield,t/ha,Intercropping,Intercropping (N fixing mixed),Monoculture,1.23,0.6,36.0,0.79,0.39,36.0,-0.4427,0.1157,-35.8,4.0
"MD_Paut,_24_A glo_Sc_868","JA_Rao, _90_Produ_Fi","MD_Paut,_24_A glo_Sc",Rao et al. 1990,1990,10.1016/0378-4290(90)90060-O,Field Crops Research,Productivity and risk evaluation in constrasting intercropping systems,India,Southern Asia,"ICRISAT Center, Patancheru",17.5178,78.279,Groundnut,Groundnut-Pigeon Pea,Product Yield,Crop Yield,t/ha,Intercropping,Intercropping (N fixing),Monoculture,1.23,0.6,36.0,1.15,0.54,36.0,-0.0673,0.1128,-6.5,4.0
"MD_Paut,_24_A glo_Sc_869",JA_Reyna_16_Mixed_Ac,"MD_Paut,_24_A glo_Sc",Reynafarje et al. 2016,2016,10.17660/ActaHortic.2016.1128.45,Acta Hortic.,Mixed cropping of vegetables to improve organic tomato (Solanum lycopersicum L.) production in small farmer systems,Peru,South America,Vegetable Research Program of La Molina National Agrarian University (UNALM) Lima,-12.0807,-76.95,Tomato,Tomato-Zucchini,Product Yield,Crop Yield,t/ha,Intercropping,Intercropping (Non N fixing),Monoculture,36.81,,4.0,30.06,,4.0,-0.2026,,-18.3,
"MD_Paut,_24_A glo_Sc_870",JA_Reyna_16_Mixed_Ac,"MD_Paut,_24_A glo_Sc",Reynafarje et al. 2016,2016,10.17660/ActaHortic.2016.1128.45,Acta Hortic.,Mixed cropping of vegetables to improve organic tomato (Solanum lycopersicum L.) production in small farmer systems,Peru,South America,Vegetable Research Program of La Molina National Agrarian University (UNALM) Lima,-12.0807,-76.95,Tomato,Tomato-Crotalaria juncea,Product Yield,Crop Yield,t/ha,Intercropping,Intercropping (N fixing mixed),Monoculture,29.0,,4.0,6.67,,4.0,-1.4697,,-77.0,
"MD_Paut,_24_A glo_Sc_871",JA_Reyna_16_Mixed_Ac,"MD_Paut,_24_A glo_Sc",Reynafarje et al. 2016,2016,10.17660/ActaHortic.2016.1128.45,Acta Hortic.,Mixed cropping of vegetables to improve organic tomato (Solanum lycopersicum L.) production in small farmer systems,Peru,South America,Vegetable Research Program of La Molina National Agrarian University (UNALM) Lima,-12.0807,-76.95,Tomato,Tomato-Basil,Product Yield,Crop Yield,t/ha,Intercropping,Intercropping (Non N fixing),Monoculture,3.71,,4.0,1.16,,4.0,-1.1626,,-68.7,
"MD_Paut,_24_A glo_Sc_872",JA_Reyna_16_Mixed_Ac,"MD_Paut,_24_A glo_Sc",Reynafarje et al. 2016,2016,10.17660/ActaHortic.2016.1128.45,Acta Hortic.,Mixed cropping of vegetables to improve organic tomato (Solanum lycopersicum L.) production in small farmer systems,Peru,South America,Vegetable Research Program of La Molina National Agrarian University (UNALM) Lima,-12.0807,-76.95,Tomato,Tomato-Green bean,Product Yield,Crop Yield,t/ha,Intercropping,Intercropping (N fixing mixed),Monoculture,7.75,,4.0,1.84,,4.0,-1.4379,,-76.3,
"MD_Paut,_24_A glo_Sc_873",JA_Reyna_16_Mixed_Ac,"MD_Paut,_24_A glo_Sc",Reynafarje et al. 2016,2016,10.17660/ActaHortic.2016.1128.45,Acta Hortic.,Mixed cropping of vegetables to improve organic tomato (Solanum lycopersicum L.) production in small farmer systems,Peru,South America,Vegetable Research Program of La Molina National Agrarian University (UNALM) Lima,-12.0807,-76.95,Tomato,Tomato-Lettuce,Product Yield,Crop Yield,t/ha,Intercropping,Intercropping (Non N fixing),Monoculture,9.96,,4.0,2.54,,4.0,-1.3664,,-74.5,
"MD_Paut,_24_A glo_Sc_874",JA_Biswa_22_Agrof_Jo,"MD_Paut,_24_A glo_Sc",Biswas et al. 2022,2022,10.1016/j.jclepro.2022.132768,Journal of Cleaner Production,Agroforestry offers multiple ecosystem services in degraded lateritic soils,India,Southern Asia,"Regional Research Station, Jhargram, West Bengal",22.75,87.0167,Gmelina arborea,Gmelina arborea-Pigeon Pea,Product Yield,Crop Yield,m3/ha/yr..t/ha/yr,Agroforestry,Alleycropping + Agroforestry (low diversity) + Agroforestry (moderate shaded),Monoculture,1.25,,3.0,0.62,,3.0,-0.7012,,-50.4,10.0
"MD_Paut,_24_A glo_Sc_875",JA_Biswa_22_Agrof_Jo,"MD_Paut,_24_A glo_Sc",Biswas et al. 2022,2022,10.1016/j.jclepro.2022.132768,Journal of Cleaner Production,Agroforestry offers multiple ecosystem services in degraded lateritic soils,India,Southern Asia,"Regional Research Station, Jhargram, West Bengal",22.75,87.0167,Mango,Mango-Pigeon Pea,Product Yield,Crop Yield,t/ha/yr,Agroforestry,Alleycropping + Agroforestry (low diversity) + Agroforestry (moderate shaded),Monoculture,1.25,,3.0,0.66,,3.0,-0.6387,,-47.2,10.0
"MD_Paut,_24_A glo_Sc_876",JA_Biswa_22_Agrof_Jo,"MD_Paut,_24_A glo_Sc",Biswas et al. 2022,2022,10.1016/j.jclepro.2022.132768,Journal of Cleaner Production,Agroforestry offers multiple ecosystem services in degraded lateritic soils,India,Southern Asia,"Regional Research Station, Jhargram, West Bengal",22.75,87.0167,Gmelina arborea,Gmelina arborea-Mango-Pigeon Pea,Product Yield,Crop Yield,m3/ha/yr..t/ha/yr,Agroforestry,Alleycropping + Agroforestry (low diversity) + Agroforestry (moderate shaded),Monoculture,1.25,,3.0,0.52,,3.0,-0.8771,,-58.4,10.0
"MD_Paut,_24_A glo_Sc_877",JA_Phiri_24_Compa_Ag,"MD_Paut,_24_A glo_Sc",Phiri et al. 2024,2024,10.1002/agg2.20503,Agrosystems Geosci &amp; Env,Comparative effects of legume-based intercropping systems involving pigeon pea and cowpea under deep-bed and conventional tillage systems in Malawi,Malawi,Southern Africa,Msongwe,-11.4742,34.0581,Pigeon Pea,Pigeon Pea-Maize,Product Yield,Crop Yield,kg/ha,Intercropping,Intercropping (N fixing mixed),Monoculture,4788.0,,3.0,4168.0,,3.0,-0.1387,,-12.9,2.0
"MD_Paut,_24_A glo_Sc_878",JA_Phiri_24_Compa_Ag,"MD_Paut,_24_A glo_Sc",Phiri et al. 2024,2024,10.1002/agg2.20503,Agrosystems Geosci &amp; Env,Comparative effects of legume-based intercropping systems involving pigeon pea and cowpea under deep-bed and conventional tillage systems in Malawi,Malawi,Southern Africa,Msongwe,-11.4742,34.0581,Cowpea,Cowpea-Maize,Product Yield,Crop Yield,kg/ha,Intercropping,Intercropping (N fixing mixed),Monoculture,4788.0,,3.0,4004.0,,3.0,-0.1788,,-16.4,2.0
"MD_Paut,_24_A glo_Sc_879",JA_Phiri_24_Compa_Ag,"MD_Paut,_24_A glo_Sc",Phiri et al. 2024,2024,10.1002/agg2.20503,Agrosystems Geosci &amp; Env,Comparative effects of legume-based intercropping systems involving pigeon pea and cowpea under deep-bed and conventional tillage systems in Malawi,Malawi,Southern Africa,Msongwe,-11.4742,34.0581,Pigeon Pea,Pigeon Pea-Maize,Product Yield,Crop Yield,kg/ha,Intercropping,Intercropping (N fixing mixed),Monoculture,6110.0,,3.0,5802.0,,3.0,-0.0517,,-5.0,2.0
"MD_Paut,_24_A glo_Sc_880",JA_Phiri_24_Compa_Ag,"MD_Paut,_24_A glo_Sc",Phiri et al. 2024,2024,10.1002/agg2.20503,Agrosystems Geosci &amp; Env,Comparative effects of legume-based intercropping systems involving pigeon pea and cowpea under deep-bed and conventional tillage systems in Malawi,Malawi,Southern Africa,Msongwe,-11.4742,34.0581,Cowpea,Cowpea-Maize,Product Yield,Crop Yield,kg/ha,Intercropping,Intercropping (N fixing mixed),Monoculture,6110.0,,3.0,5342.0,,3.0,-0.1343,,-12.6,2.0
"MD_Paut,_24_A glo_Sc_881","JA_Rao, _90_Produ_Fi","MD_Paut,_24_A glo_Sc",Rao et al. 1990,1990,10.1016/0378-4290(90)90060-O,Field Crops Research,Productivity and risk evaluation in constrasting intercropping systems,India,Southern Asia,"ICRISAT Center, Patancheru",17.5178,78.279,Pearl Millet,Pearl Millet-Groundnut,Product Yield,Crop Yield,t/ha,Intercropping,Intercropping (N fixing mixed),Monoculture,1.18,0.68,36.0,0.74,0.46,36.0,-0.4666,0.1413,-37.3,4.0
"MD_Paut,_24_A glo_Sc_882","JA_Rao, _90_Produ_Fi","MD_Paut,_24_A glo_Sc",Rao et al. 1990,1990,10.1016/0378-4290(90)90060-O,Field Crops Research,Productivity and risk evaluation in constrasting intercropping systems,India,Southern Asia,"ICRISAT Center, Patancheru",17.5178,78.279,Groundnut,Groundnut-Pigeon Pea,Product Yield,Crop Yield,t/ha,Intercropping,Intercropping (N fixing),Monoculture,1.18,0.68,36.0,0.66,0.38,36.0,-0.581,0.1358,-44.1,4.0
"MD_Paut,_24_A glo_Sc_883",JA_Kabir_17_A Stu_In,"MD_Paut,_24_A glo_Sc",Kabiraj et al. 2017,2017,10.20546/ijcmas.2017.607.306,Int.J.Curr.Microbiol.App.Sci,A Study on Cauliflower (Brassica oleracea var. botrytis) Based Intercropping System,India,Southern Asia,"Horticulture Research Station, Mondouri of Bidhan Chandra Krishi Viswavidyalaya, Mohanpur, Nadia, West Bengal",22.9449,88.5344,Cauliflower,Cauliflower-Common Bean,Product Yield,Land Equivalent Ratio,ratio,Intercropping,Intercropping (N fixing mixed),Monoculture,1.0,,3.0,1.23,,3.0,0.207,,23.0,2.0
"MD_Paut,_24_A glo_Sc_884",JA_Kabir_17_A Stu_In,"MD_Paut,_24_A glo_Sc",Kabiraj et al. 2017,2017,10.20546/ijcmas.2017.607.306,Int.J.Curr.Microbiol.App.Sci,A Study on Cauliflower (Brassica oleracea var. botrytis) Based Intercropping System,India,Southern Asia,"Horticulture Research Station, Mondouri of Bidhan Chandra Krishi Viswavidyalaya, Mohanpur, Nadia, West Bengal",22.9449,88.5344,Cauliflower,Cauliflower-Peas,Product Yield,Land Equivalent Ratio,ratio,Intercropping,Intercropping (N fixing mixed),Monoculture,1.0,,3.0,1.21,,3.0,0.1906,,21.0,2.0
"MD_Paut,_24_A glo_Sc_885",JA_Kabir_17_A Stu_In,"MD_Paut,_24_A glo_Sc",Kabiraj et al. 2017,2017,10.20546/ijcmas.2017.607.306,Int.J.Curr.Microbiol.App.Sci,A Study on Cauliflower (Brassica oleracea var. botrytis) Based Intercropping System,India,Southern Asia,"Horticulture Research Station, Mondouri of Bidhan Chandra Krishi Viswavidyalaya, Mohanpur, Nadia, West Bengal",22.9449,88.5344,Cauliflower,Cauliflower-Sugar Beet,Product Yield,Land Equivalent Ratio,ratio,Intercropping,Intercropping (Non N fixing),Monoculture,1.0,,3.0,1.14,,3.0,0.131,,14.0,2.0
"MD_Paut,_24_A glo_Sc_886",JA_Kabir_17_A Stu_In,"MD_Paut,_24_A glo_Sc",Kabiraj et al. 2017,2017,10.20546/ijcmas.2017.607.306,Int.J.Curr.Microbiol.App.Sci,A Study on Cauliflower (Brassica oleracea var. botrytis) Based Intercropping System,India,Southern Asia,"Horticulture Research Station, Mondouri of Bidhan Chandra Krishi Viswavidyalaya, Mohanpur, Nadia, West Bengal",22.9449,88.5344,Cauliflower,Cauliflower-Carrot,Product Yield,Land Equivalent Ratio,ratio,Intercropping,Intercropping (Non N fixing),Monoculture,1.0,,3.0,1.19,,3.0,0.174,,19.0,2.0
"MD_Paut,_24_A glo_Sc_887",JA_Kabir_17_A Stu_In,"MD_Paut,_24_A glo_Sc",Kabiraj et al. 2017,2017,10.20546/ijcmas.2017.607.306,Int.J.Curr.Microbiol.App.Sci,A Study on Cauliflower (Brassica oleracea var. botrytis) Based Intercropping System,India,Southern Asia,"Horticulture Research Station, Mondouri of Bidhan Chandra Krishi Viswavidyalaya, Mohanpur, Nadia, West Bengal",22.9449,88.5344,Cauliflower,Cauliflower-Spinach,Product Yield,Land Equivalent Ratio,ratio,Intercropping,Intercropping (Non N fixing),Monoculture,1.0,,3.0,1.12,,3.0,0.1133,,12.0,2.0
"MD_Paut,_24_A glo_Sc_888",JA_Kabir_17_A Stu_In,"MD_Paut,_24_A glo_Sc",Kabiraj et al. 2017,2017,10.20546/ijcmas.2017.607.306,Int.J.Curr.Microbiol.App.Sci,A Study on Cauliflower (Brassica oleracea var. botrytis) Based Intercropping System,India,Southern Asia,"Horticulture Research Station, Mondouri of Bidhan Chandra Krishi Viswavidyalaya, Mohanpur, Nadia, West Bengal",22.9449,88.5344,Cauliflower,Cauliflower-Coriander,Product Yield,Land Equivalent Ratio,ratio,Intercropping,Intercropping (Non N fixing),Monoculture,1.0,,3.0,1.17,,3.0,0.157,,17.0,2.0
